{"features":[{"geometry":{"coordinates":[[[-100.016946,37.752501],[-100.016953,37.752397],[-100.016868,37.752393],[-100.01687,37.752374],[-100.016767,37.75237],[-100.016766,37.752382],[-100.016602,37.752374],[-100.016603,37.752358],[-100.016506,37.752354],[-100.016506,37.752364],[-100.016356,37.752358],[-100.016358,37.752324],[-100.016223,37.752319],[-100.016221,37.752352],[-100.016076,37.752346],[-100.016077,37.75233],[-100.015977,37.752325],[-100.015975,37.752345],[-100.015752,37.752336],[-100.015744,37.752452],[-100.015806,37.752454],[-100.015794,37.752643],[-100.016098,37.752656],[-100.016099,37.752633],[-100.016155,37.752635],[-100.016165,37.752472],[-100.01621,37.752474],[-100.016205,37.752538],[-100.016324,37.752542],[-100.016328,37.752484],[-100.016354,37.752485],[-100.016358,37.752476],[-100.016484,37.752481],[-100.016483,37.752496],[-100.016603,37.752501],[-100.016604,37.752486],[-100.016946,37.752501]]],"type":"Polygon"},"properties":{"anomaly_count":0,"asset_id":"BLD-0001","asset_type":"building","building_type":"yes","category":"Buildings","centroid":[-100.016231,37.75246],"footprint_m2":2181.8,"health_score":null,"height_m":12.5,"height_source":"lidar_3dep","is_simulated":false,"levels":3,"monitored":false,"name":null,"sensor_count":0,"sensor_types":[],"source_id":"osm","status":"not_monitored"},"type":"Feature"},{"geometry":{"coordinates":[[[-100.00578,37.751051],[-100.005815,37.750952],[-100.005491,37.750879],[-100.005456,37.750978],[-100.00578,37.751051]]],"type":"Polygon"},"properties":{"anomaly_count":0,"asset_id":"BLD-0002","asset_type":"building","building_type":"industrial","category":"Buildings","centroid":[-100.005635,37.750965],"footprint_m2":336.6,"health_score":null,"height_m":9,"height_source":"estimated","is_simulated":false,"levels":null,"monitored":false,"name":null,"sensor_count":0,"sensor_types":[],"source_id":"osm","status":"not_monitored"},"type":"Feature"},{"geometry":{"coordinates":[[[-100.005464,37.750199],[-100.005473,37.750105],[-100.005256,37.750092],[-100.005246,37.750186],[-100.005464,37.750199]]],"type":"Polygon"},"properties":{"anomaly_count":0,"asset_id":"BLD-0003","asset_type":"building","building_type":"industrial","category":"Buildings","centroid":[-100.00536,37.750145],"footprint_m2":199.7,"health_score":null,"height_m":5,"height_source":"lidar_3dep","is_simulated":false,"levels":null,"monitored":false,"name":null,"sensor_count":0,"sensor_types":[],"source_id":"osm","status":"not_monitored"},"type":"Feature"},{"geometry":{"coordinates":[[[-100.005454,37.750348],[-100.005461,37.750241],[-100.005314,37.750235],[-100.005307,37.750342],[-100.005454,37.750348]]],"type":"Polygon"},"properties":{"anomaly_count":0,"asset_id":"BLD-0004","asset_type":"building","building_type":"industrial","category":"Buildings","centroid":[-100.005384,37.750292],"footprint_m2":153.7,"health_score":null,"height_m":4.6,"height_source":"lidar_3dep","is_simulated":false,"levels":null,"monitored":false,"name":null,"sensor_count":0,"sensor_types":[],"source_id":"osm","status":"not_monitored"},"type":"Feature"},{"geometry":{"coordinates":[[[-100.006849,37.75082],[-100.006855,37.750751],[-100.006332,37.750722],[-100.006327,37.750776],[-100.006369,37.750779],[-100.006368,37.750794],[-100.006849,37.75082]]],"type":"Polygon"},"properties":{"anomaly_count":0,"asset_id":"BLD-0005","asset_type":"building","building_type":"industrial","category":"Buildings","centroid":[-100.006595,37.750771],"footprint_m2":350.5,"health_score":null,"height_m":4.4,"height_source":"lidar_3dep","is_simulated":false,"levels":null,"monitored":false,"name":null,"sensor_count":0,"sensor_types":[],"source_id":"osm","status":"not_monitored"},"type":"Feature"},{"geometry":{"coordinates":[[[-100.007349,37.751042],[-100.007357,37.750947],[-100.007051,37.750931],[-100.007043,37.751026],[-100.007349,37.751042]]],"type":"Polygon"},"properties":{"anomaly_count":0,"asset_id":"BLD-0006","asset_type":"building","building_type":"industrial","category":"Buildings","centroid":[-100.0072,37.750987],"footprint_m2":285.1,"health_score":null,"height_m":4.5,"height_source":"lidar_3dep","is_simulated":false,"levels":null,"monitored":false,"name":null,"sensor_count":0,"sensor_types":[],"source_id":"osm","status":"not_monitored"},"type":"Feature"},{"geometry":{"coordinates":[[[-100.014376,37.752567],[-100.014384,37.752461],[-100.014193,37.752452],[-100.014199,37.752361],[-100.014068,37.752355],[-100.014066,37.752392],[-100.013765,37.752378],[-100.013751,37.752531],[-100.014168,37.752555],[-100.014376,37.752567]]],"type":"Polygon"},"properties":{"anomaly_count":0,"asset_id":"BLD-0007","asset_type":"building","building_type":"commercial","category":"Buildings","centroid":[-100.014051,37.752471],"footprint_m2":899,"health_score":100,"height_m":8.2,"height_source":"lidar_3dep","is_simulated":false,"levels":null,"monitored":true,"name":null,"sensor_count":1,"sensor_types":["vibration"],"source_id":"osm","status":"normal"},"type":"Feature"},{"geometry":{"coordinates":[[[-100.015668,37.752748],[-100.01571,37.752749],[-100.015722,37.752533],[-100.015595,37.752528],[-100.015597,37.7525],[-100.015447,37.752494],[-100.015417,37.752493],[-100.015412,37.752567],[-100.015373,37.752566],[-100.015364,37.752737],[-100.015586,37.752745],[-100.015585,37.752764],[-100.015667,37.752767],[-100.015668,37.752748]]],"type":"Polygon"},"properties":{"anomaly_count":0,"asset_id":"BLD-0008","asset_type":"building","building_type":"yes","category":"Buildings","centroid":[-100.015545,37.752631],"footprint_m2":777.7,"health_score":null,"height_m":8.2,"height_source":"lidar_3dep","is_simulated":false,"levels":null,"monitored":false,"name":null,"sensor_count":0,"sensor_types":[],"source_id":"osm","status":"not_monitored"},"type":"Feature"},{"geometry":{"coordinates":[[[-100.015256,37.750766],[-100.015187,37.751062],[-100.015296,37.751078],[-100.015364,37.750782],[-100.015256,37.750766]]],"type":"Polygon"},"properties":{"anomaly_count":0,"asset_id":"BLD-0009","asset_type":"building","building_type":"yes","category":"Buildings","centroid":[-100.015276,37.750922],"footprint_m2":321.5,"health_score":null,"height_m":3.2,"height_source":"lidar_3dep","is_simulated":false,"levels":null,"monitored":false,"name":null,"sensor_count":0,"sensor_types":[],"source_id":"osm","status":"not_monitored"},"type":"Feature"},{"geometry":{"coordinates":[[[-100.015807,37.75154],[-100.015851,37.751333],[-100.015171,37.751243],[-100.015127,37.75145],[-100.015807,37.75154]]],"type":"Polygon"},"properties":{"anomaly_count":0,"asset_id":"BLD-0010","asset_type":"building","building_type":"yes","category":"Buildings","centroid":[-100.015489,37.751392],"footprint_m2":1408.8,"health_score":null,"height_m":6.8,"height_source":"lidar_3dep","is_simulated":false,"levels":null,"monitored":false,"name":null,"sensor_count":0,"sensor_types":[],"source_id":"osm","status":"not_monitored"},"type":"Feature"},{"geometry":{"coordinates":[[[-100.013919,37.751127],[-100.013674,37.751098],[-100.013614,37.751417],[-100.013858,37.751446],[-100.013919,37.751127]]],"type":"Polygon"},"properties":{"anomaly_count":0,"asset_id":"BLD-0011","asset_type":"building","building_type":"yes","category":"Buildings","centroid":[-100.013766,37.751272],"footprint_m2":776.3,"health_score":null,"height_m":7.3,"height_source":"lidar_3dep","is_simulated":false,"levels":null,"monitored":false,"name":null,"sensor_count":0,"sensor_types":[],"source_id":"osm","status":"not_monitored"},"type":"Feature"},{"geometry":{"coordinates":[[[-100.006005,37.751973],[-100.005731,37.751958],[-100.005717,37.75212],[-100.005514,37.752108],[-100.005489,37.752398],[-100.005966,37.752425],[-100.006005,37.751973]]],"type":"Polygon"},"properties":{"anomaly_count":0,"asset_id":"BLD-0012","asset_type":"building","building_type":"yes","category":"Buildings","centroid":[-100.005769,37.752213],"footprint_m2":1786.4,"health_score":100,"height_m":8.4,"height_source":"lidar_3dep","is_simulated":false,"levels":null,"monitored":true,"name":null,"sensor_count":1,"sensor_types":["vibration"],"source_id":"osm","status":"normal"},"type":"Feature"},{"geometry":{"coordinates":[[[-100.024555,37.753431],[-100.024412,37.753449],[-100.024426,37.753523],[-100.02457,37.753505],[-100.024555,37.753431]]],"type":"Polygon"},"properties":{"anomaly_count":0,"asset_id":"BLD-0013","asset_type":"building","building_type":"retail","category":"Buildings","centroid":[-100.024491,37.753477],"footprint_m2":106.1,"health_score":null,"height_m":4.8,"height_source":"lidar_3dep","is_simulated":false,"levels":null,"monitored":false,"name":null,"sensor_count":0,"sensor_types":[],"source_id":"osm","status":"not_monitored"},"type":"Feature"},{"geometry":{"coordinates":[[[-100.023934,37.753602],[-100.023705,37.753562],[-100.023679,37.753658],[-100.023908,37.753697],[-100.023934,37.753602]]],"type":"Polygon"},"properties":{"addr:city":"Dodge City","addr:housenumber":"708","addr:postcode":"67801","addr:state":"KS","addr:street":"West Wyatt Earp Boulevard","anomaly_count":0,"asset_id":"BLD-0014","asset_type":"building","building_type":"yes","category":"Buildings","centroid":[-100.023806,37.75363],"footprint_m2":222.5,"health_score":null,"height_m":5.2,"height_source":"lidar_3dep","is_simulated":false,"levels":null,"monitored":false,"name":"Taco Bell","sensor_count":0,"sensor_types":[],"source_id":"osm","status":"not_monitored"},"type":"Feature"},{"geometry":{"coordinates":[[[-100.012713,37.745069],[-100.012716,37.744973],[-100.012499,37.744969],[-100.012496,37.745064],[-100.012713,37.745069]]],"type":"Polygon"},"properties":{"anomaly_count":0,"asset_id":"BLD-0015","asset_type":"building","building_type":"yes","category":"Buildings","centroid":[-100.012606,37.745019],"footprint_m2":202.4,"health_score":null,"height_m":5.6,"height_source":"lidar_3dep","is_simulated":false,"levels":null,"monitored":false,"name":null,"sensor_count":0,"sensor_types":[],"source_id":"osm","status":"not_monitored"},"type":"Feature"},{"geometry":{"coordinates":[[[-100.013504,37.745293],[-100.013314,37.745293],[-100.013314,37.745573],[-100.013504,37.745573],[-100.013504,37.745293]]],"type":"Polygon"},"properties":{"anomaly_count":0,"asset_id":"BLD-0016","asset_type":"building","building_type":"yes","category":"Buildings","centroid":[-100.013409,37.745433],"footprint_m2":518.7,"health_score":100,"height_m":6.1,"height_source":"lidar_3dep","is_simulated":false,"levels":null,"monitored":true,"name":null,"sensor_count":1,"sensor_types":["vibration"],"source_id":"osm","status":"normal"},"type":"Feature"},{"geometry":{"coordinates":[[[-100.01674,37.745888],[-100.016586,37.745885],[-100.01658,37.746061],[-100.016734,37.746064],[-100.01674,37.745888]]],"type":"Polygon"},"properties":{"anomaly_count":0,"asset_id":"BLD-0017","asset_type":"building","building_type":"yes","category":"Buildings","centroid":[-100.01666,37.745975],"footprint_m2":264.2,"health_score":null,"height_m":5.9,"height_source":"lidar_3dep","is_simulated":false,"levels":null,"monitored":false,"name":null,"sensor_count":0,"sensor_types":[],"source_id":"osm","status":"not_monitored"},"type":"Feature"},{"geometry":{"coordinates":[[[-100.018764,37.746045],[-100.018764,37.745956],[-100.018521,37.745957],[-100.018521,37.746046],[-100.018764,37.746045]]],"type":"Polygon"},"properties":{"anomaly_count":0,"asset_id":"BLD-0018","asset_type":"building","building_type":"yes","category":"Buildings","centroid":[-100.018642,37.746001],"footprint_m2":210.1,"health_score":null,"height_m":5.3,"height_source":"lidar_3dep","is_simulated":false,"levels":null,"monitored":false,"name":null,"sensor_count":0,"sensor_types":[],"source_id":"osm","status":"not_monitored"},"type":"Feature"},{"geometry":{"coordinates":[[[-100.019137,37.746188],[-100.019137,37.746051],[-100.018948,37.746051],[-100.018948,37.746188],[-100.019137,37.746188]]],"type":"Polygon"},"properties":{"anomaly_count":0,"asset_id":"BLD-0019","asset_type":"building","building_type":"yes","category":"Buildings","centroid":[-100.019042,37.746119],"footprint_m2":253.5,"health_score":null,"height_m":5.1,"height_source":"lidar_3dep","is_simulated":false,"levels":null,"monitored":false,"name":null,"sensor_count":0,"sensor_types":[],"source_id":"osm","status":"not_monitored"},"type":"Feature"},{"geometry":{"coordinates":[[[-100.017554,37.751791],[-100.017728,37.7518],[-100.017737,37.751684],[-100.017155,37.751656],[-100.017152,37.751694],[-100.017116,37.751693],[-100.017112,37.751757],[-100.017147,37.751759],[-100.017146,37.751774],[-100.017235,37.751778],[-100.017233,37.751801],[-100.017331,37.751806],[-100.017332,37.751785],[-100.017359,37.751787],[-100.017362,37.751749],[-100.017425,37.751752],[-100.017426,37.75174],[-100.017532,37.751745],[-100.017533,37.751723],[-100.017559,37.751724],[-100.017554,37.751791]]],"type":"Polygon"},"properties":{"anomaly_count":0,"asset_id":"BLD-0020","asset_type":"building","building_type":"yes","category":"Buildings","centroid":[-100.01742,37.751726],"footprint_m2":621.7,"health_score":null,"height_m":5.6,"height_source":"lidar_3dep","is_simulated":false,"levels":null,"monitored":false,"name":null,"sensor_count":0,"sensor_types":[],"source_id":"osm","status":"not_monitored"},"type":"Feature"},{"geometry":{"coordinates":[[[-100.018107,37.75114],[-100.018116,37.75104],[-100.017989,37.751032],[-100.01798,37.751132],[-100.018107,37.75114]]],"type":"Polygon"},"properties":{"anomaly_count":0,"asset_id":"BLD-0021","asset_type":"building","building_type":"yes","category":"Buildings","centroid":[-100.018048,37.751086],"footprint_m2":124.1,"health_score":null,"height_m":3.4,"height_source":"lidar_3dep","is_simulated":false,"levels":null,"monitored":false,"name":null,"sensor_count":0,"sensor_types":[],"source_id":"osm","status":"not_monitored"},"type":"Feature"},{"geometry":{"coordinates":[[[-100.017937,37.751235],[-100.017945,37.751136],[-100.01777,37.751127],[-100.017761,37.751225],[-100.017937,37.751235]]],"type":"Polygon"},"properties":{"anomaly_count":0,"asset_id":"BLD-0022","asset_type":"building","building_type":"yes","category":"Buildings","centroid":[-100.017853,37.751181],"footprint_m2":169.1,"health_score":null,"height_m":5.4,"height_source":"lidar_3dep","is_simulated":false,"levels":null,"monitored":false,"name":null,"sensor_count":0,"sensor_types":[],"source_id":"osm","status":"not_monitored"},"type":"Feature"},{"geometry":{"coordinates":[[[-100.018461,37.75],[-100.018628,37.750008],[-100.018657,37.749674],[-100.018489,37.749666],[-100.018461,37.75]]],"type":"Polygon"},"properties":{"anomaly_count":0,"asset_id":"BLD-0023","asset_type":"building","building_type":"yes","category":"Buildings","centroid":[-100.018559,37.749837],"footprint_m2":546.4,"health_score":null,"height_m":5.8,"height_source":"lidar_3dep","is_simulated":false,"levels":null,"monitored":false,"name":null,"sensor_count":0,"sensor_types":[],"source_id":"osm","status":"not_monitored"},"type":"Feature"},{"geometry":{"coordinates":[[[-100.018231,37.749466],[-100.018132,37.74946],[-100.018102,37.749766],[-100.018202,37.749772],[-100.018231,37.749466]]],"type":"Polygon"},"properties":{"anomaly_count":0,"asset_id":"BLD-0024","asset_type":"building","building_type":"yes","category":"Buildings","centroid":[-100.018167,37.749616],"footprint_m2":298.5,"health_score":null,"height_m":5.6,"height_source":"lidar_3dep","is_simulated":false,"levels":null,"monitored":false,"name":null,"sensor_count":0,"sensor_types":[],"source_id":"osm","status":"not_monitored"},"type":"Feature"},{"geometry":{"coordinates":[[[-100.018153,37.749053],[-100.018127,37.749353],[-100.018237,37.749359],[-100.018263,37.749058],[-100.018153,37.749053]]],"type":"Polygon"},"properties":{"anomaly_count":0,"asset_id":"BLD-0025","asset_type":"building","building_type":"yes","category":"Buildings","centroid":[-100.018195,37.749206],"footprint_m2":322.9,"health_score":null,"height_m":5.2,"height_source":"lidar_3dep","is_simulated":false,"levels":null,"monitored":false,"name":null,"sensor_count":0,"sensor_types":[],"source_id":"osm","status":"not_monitored"},"type":"Feature"},{"geometry":{"coordinates":[[[-100.017917,37.749205],[-100.017925,37.749086],[-100.017696,37.749076],[-100.017687,37.749195],[-100.017917,37.749205]]],"type":"Polygon"},"properties":{"anomaly_count":0,"asset_id":"BLD-0026","asset_type":"building","building_type":"yes","category":"Buildings","centroid":[-100.017806,37.749141],"footprint_m2":266.3,"health_score":null,"height_m":6.8,"height_source":"lidar_3dep","is_simulated":false,"levels":null,"monitored":false,"name":null,"sensor_count":0,"sensor_types":[],"source_id":"osm","status":"not_monitored"},"type":"Feature"},{"geometry":{"coordinates":[[[-100.017812,37.748775],[-100.017814,37.748651],[-100.017603,37.748649],[-100.017601,37.748773],[-100.017812,37.748775]]],"type":"Polygon"},"properties":{"anomaly_count":0,"asset_id":"BLD-0027","asset_type":"building","building_type":"yes","category":"Buildings","centroid":[-100.017708,37.748712],"footprint_m2":254.3,"health_score":null,"height_m":5.8,"height_source":"lidar_3dep","is_simulated":false,"levels":null,"monitored":false,"name":null,"sensor_count":0,"sensor_types":[],"source_id":"osm","status":"not_monitored"},"type":"Feature"},{"geometry":{"coordinates":[[[-100.018902,37.748583],[-100.019382,37.748574],[-100.019377,37.748382],[-100.018897,37.748391],[-100.018902,37.748583]]],"type":"Polygon"},"properties":{"anomaly_count":0,"asset_id":"BLD-0028","asset_type":"building","building_type":"yes","category":"Buildings","centroid":[-100.01914,37.748483],"footprint_m2":898.8,"health_score":80,"height_m":7.3,"height_source":"lidar_3dep","is_simulated":false,"levels":null,"monitored":true,"name":null,"sensor_count":1,"sensor_types":["vibration"],"source_id":"osm","status":"watch"},"type":"Feature"},{"geometry":{"coordinates":[[[-100.021442,37.749819],[-100.021457,37.749627],[-100.021024,37.749607],[-100.021009,37.749798],[-100.021442,37.749819]]],"type":"Polygon"},"properties":{"addr:city":"Dodge City","addr:state":"KS","anomaly_count":0,"asset_id":"BLD-0029","asset_type":"building","building_type":"pavilion","category":"Buildings","centroid":[-100.021233,37.749713],"footprint_m2":811.5,"health_score":100,"height_m":8.4,"height_source":"lidar_3dep","is_simulated":false,"levels":null,"monitored":true,"name":"Hoover Pavilion","sensor_count":1,"sensor_types":["vibration"],"source_id":"osm","status":"normal"},"type":"Feature"},{"geometry":{"coordinates":[[[-100.018139,37.750479],[-100.018155,37.750308],[-100.017818,37.750289],[-100.017803,37.75046],[-100.018139,37.750479]]],"type":"Polygon"},"properties":{"anomaly_count":0,"asset_id":"BLD-0030","asset_type":"building","building_type":"yes","category":"Buildings","centroid":[-100.017979,37.750384],"footprint_m2":562,"health_score":null,"height_m":5.6,"height_source":"lidar_3dep","is_simulated":false,"levels":null,"monitored":false,"name":null,"sensor_count":0,"sensor_types":[],"source_id":"osm","status":"not_monitored"},"type":"Feature"},{"geometry":{"coordinates":[[[-100.01697,37.750169],[-100.016869,37.750164],[-100.016855,37.750337],[-100.016956,37.750342],[-100.01697,37.750169]]],"type":"Polygon"},"properties":{"anomaly_count":0,"asset_id":"BLD-0031","asset_type":"building","building_type":"yes","category":"Buildings","centroid":[-100.016913,37.750253],"footprint_m2":170,"health_score":null,"height_m":6.7,"height_source":"lidar_3dep","is_simulated":false,"levels":null,"monitored":false,"name":null,"sensor_count":0,"sensor_types":[],"source_id":"osm","status":"not_monitored"},"type":"Feature"},{"geometry":{"coordinates":[[[-100.016716,37.750068],[-100.016357,37.750045],[-100.016327,37.75033],[-100.016687,37.750353],[-100.016716,37.750068]]],"type":"Polygon"},"properties":{"anomaly_count":0,"asset_id":"BLD-0032","asset_type":"building","building_type":"yes","category":"Buildings","centroid":[-100.016522,37.750199],"footprint_m2":1003,"health_score":null,"height_m":6,"height_source":"lidar_3dep","is_simulated":false,"levels":null,"monitored":false,"name":null,"sensor_count":0,"sensor_types":[],"source_id":"osm","status":"not_monitored"},"type":"Feature"},{"geometry":{"coordinates":[[[-100.013083,37.752252],[-100.012469,37.752218],[-100.012424,37.752728],[-100.013038,37.752762],[-100.013083,37.752252]]],"type":"Polygon"},"properties":{"anomaly_count":1,"asset_id":"BLD-0033","asset_type":"building","building_type":"yes","category":"Buildings","centroid":[-100.012754,37.75249],"footprint_m2":3065.5,"health_score":60,"height_m":9.1,"height_source":"lidar_3dep","is_simulated":false,"levels":null,"monitored":true,"name":null,"sensor_count":1,"sensor_types":["temperature"],"source_id":"osm","status":"at_risk"},"type":"Feature"},{"geometry":{"coordinates":[[[-100.008439,37.749846],[-100.008485,37.749687],[-100.008156,37.749628],[-100.008108,37.74979],[-100.008287,37.749823],[-100.00824,37.749981],[-100.008348,37.750001],[-100.008395,37.749839],[-100.008439,37.749846]]],"type":"Polygon"},"properties":{"anomaly_count":1,"asset_id":"BLD-0034","asset_type":"building","building_type":"yes","category":"Buildings","centroid":[-100.008301,37.74978],"footprint_m2":722.2,"health_score":100,"height_m":6.4,"height_source":"lidar_3dep","is_simulated":false,"levels":null,"monitored":true,"name":null,"sensor_count":1,"sensor_types":["vibration"],"source_id":"osm","status":"normal"},"type":"Feature"},{"geometry":{"coordinates":[[[-100.00741,37.749495],[-100.007456,37.749393],[-100.007267,37.74934],[-100.007221,37.749442],[-100.00741,37.749495]]],"type":"Polygon"},"properties":{"anomaly_count":0,"asset_id":"BLD-0035","asset_type":"building","building_type":"yes","category":"Buildings","centroid":[-100.007339,37.749417],"footprint_m2":210.4,"health_score":null,"height_m":4.6,"height_source":"lidar_3dep","is_simulated":false,"levels":null,"monitored":false,"name":null,"sensor_count":0,"sensor_types":[],"source_id":"osm","status":"not_monitored"},"type":"Feature"},{"geometry":{"coordinates":[[[-100.007509,37.749399],[-100.007389,37.749836],[-100.00755,37.749863],[-100.007624,37.74959],[-100.007967,37.749648],[-100.007997,37.749539],[-100.007661,37.749482],[-100.007676,37.749428],[-100.007509,37.749399]]],"type":"Polygon"},"properties":{"anomaly_count":0,"asset_id":"BLD-0036","asset_type":"building","building_type":"yes","category":"Buildings","centroid":[-100.007627,37.749607],"footprint_m2":1096.6,"health_score":100,"height_m":7,"height_source":"lidar_3dep","is_simulated":false,"levels":null,"monitored":true,"name":null,"sensor_count":1,"sensor_types":["moisture"],"source_id":"osm","status":"normal"},"type":"Feature"},{"geometry":{"coordinates":[[[-100.013509,37.759376],[-100.013508,37.759265],[-100.013359,37.759266],[-100.01336,37.759377],[-100.013509,37.759376]]],"type":"Polygon"},"properties":{"anomaly_count":0,"asset_id":"BLD-0037","asset_type":"building","building_type":"yes","category":"Buildings","centroid":[-100.013434,37.759321],"footprint_m2":160.5,"health_score":null,"height_m":6.5,"height_source":"lidar_3dep","is_simulated":false,"levels":null,"monitored":false,"name":null,"sensor_count":0,"sensor_types":[],"source_id":"osm","status":"not_monitored"},"type":"Feature"},{"geometry":{"coordinates":[[[-100.015047,37.758818],[-100.015052,37.758707],[-100.014826,37.7587],[-100.014821,37.758812],[-100.015047,37.758818]]],"type":"Polygon"},"properties":{"anomaly_count":0,"asset_id":"BLD-0038","asset_type":"building","building_type":"yes","category":"Buildings","centroid":[-100.014937,37.758759],"footprint_m2":245,"health_score":null,"height_m":5.8,"height_source":"lidar_3dep","is_simulated":false,"levels":null,"monitored":false,"name":null,"sensor_count":0,"sensor_types":[],"source_id":"osm","status":"not_monitored"},"type":"Feature"},{"geometry":{"coordinates":[[[-100.015012,37.755101],[-100.015011,37.754999],[-100.014834,37.755],[-100.014835,37.755102],[-100.015012,37.755101]]],"type":"Polygon"},"properties":{"anomaly_count":0,"asset_id":"BLD-0039","asset_type":"building","building_type":"yes","category":"Buildings","centroid":[-100.014923,37.755051],"footprint_m2":175.2,"health_score":null,"height_m":5.8,"height_source":"lidar_3dep","is_simulated":false,"levels":null,"monitored":false,"name":null,"sensor_count":0,"sensor_types":[],"source_id":"osm","status":"not_monitored"},"type":"Feature"},{"geometry":{"coordinates":[[[-100.014274,37.753722],[-100.01427,37.753509],[-100.013911,37.753514],[-100.013915,37.753726],[-100.014274,37.753722]]],"type":"Polygon"},"properties":{"anomaly_count":0,"asset_id":"BLD-0040","asset_type":"building","building_type":"yes","category":"Buildings","centroid":[-100.014092,37.753617],"footprint_m2":742,"health_score":null,"height_m":6.5,"height_source":"lidar_3dep","is_simulated":false,"levels":null,"monitored":false,"name":null,"sensor_count":0,"sensor_types":[],"source_id":"osm","status":"not_monitored"},"type":"Feature"},{"geometry":{"coordinates":[[[-100.014489,37.754245],[-100.015073,37.754243],[-100.015072,37.754018],[-100.014487,37.75402],[-100.014489,37.754245]]],"type":"Polygon"},"properties":{"anomaly_count":0,"asset_id":"BLD-0041","asset_type":"building","building_type":"yes","category":"Buildings","centroid":[-100.01478,37.754132],"footprint_m2":1280.5,"health_score":null,"height_m":6.8,"height_source":"lidar_3dep","is_simulated":false,"levels":null,"monitored":false,"name":null,"sensor_count":0,"sensor_types":[],"source_id":"osm","status":"not_monitored"},"type":"Feature"},{"geometry":{"coordinates":[[[-100.015684,37.754447],[-100.015682,37.754714],[-100.015854,37.754714],[-100.015855,37.754447],[-100.015684,37.754447]]],"type":"Polygon"},"properties":{"anomaly_count":0,"asset_id":"BLD-0042","asset_type":"building","building_type":"yes","category":"Buildings","centroid":[-100.015769,37.754581],"footprint_m2":446.1,"health_score":null,"height_m":6,"height_source":"lidar_3dep","is_simulated":false,"levels":null,"monitored":false,"name":null,"sensor_count":0,"sensor_types":[],"source_id":"osm","status":"not_monitored"},"type":"Feature"},{"geometry":{"coordinates":[[[-100.01679,37.753919],[-100.016114,37.75391],[-100.016107,37.754255],[-100.016783,37.754264],[-100.01679,37.753919]]],"type":"Polygon"},"properties":{"anomaly_count":0,"asset_id":"BLD-0043","asset_type":"building","building_type":"yes","category":"Buildings","centroid":[-100.016449,37.754087],"footprint_m2":2269.3,"health_score":null,"height_m":8.9,"height_source":"lidar_3dep","is_simulated":false,"levels":3,"monitored":false,"name":null,"sensor_count":0,"sensor_types":[],"source_id":"osm","status":"not_monitored"},"type":"Feature"},{"geometry":{"coordinates":[[[-100.019282,37.756373],[-100.019293,37.756214],[-100.019083,37.756205],[-100.019072,37.756364],[-100.019282,37.756373]]],"type":"Polygon"},"properties":{"anomaly_count":0,"asset_id":"BLD-0044","asset_type":"building","building_type":"yes","category":"Buildings","centroid":[-100.019182,37.756289],"footprint_m2":326,"health_score":null,"height_m":5.8,"height_source":"lidar_3dep","is_simulated":false,"levels":null,"monitored":false,"name":null,"sensor_count":0,"sensor_types":[],"source_id":"osm","status":"not_monitored"},"type":"Feature"},{"geometry":{"coordinates":[[[-100.020023,37.755154],[-100.019838,37.755147],[-100.019824,37.755387],[-100.020009,37.755394],[-100.020023,37.755154]]],"type":"Polygon"},"properties":{"anomaly_count":0,"asset_id":"BLD-0045","asset_type":"building","building_type":"yes","category":"Buildings","centroid":[-100.019924,37.75527],"footprint_m2":432.8,"health_score":null,"height_m":3.7,"height_source":"lidar_3dep","is_simulated":false,"levels":null,"monitored":false,"name":null,"sensor_count":0,"sensor_types":[],"source_id":"osm","status":"not_monitored"},"type":"Feature"},{"geometry":{"coordinates":[[[-100.019877,37.754591],[-100.01985,37.754906],[-100.020066,37.754917],[-100.020093,37.754602],[-100.019877,37.754591]]],"type":"Polygon"},"properties":{"anomaly_count":0,"asset_id":"BLD-0046","asset_type":"building","building_type":"yes","category":"Buildings","centroid":[-100.019972,37.754754],"footprint_m2":664.5,"health_score":null,"height_m":5.4,"height_source":"lidar_3dep","is_simulated":false,"levels":null,"monitored":false,"name":null,"sensor_count":0,"sensor_types":[],"source_id":"osm","status":"not_monitored"},"type":"Feature"},{"geometry":{"coordinates":[[[-100.019962,37.75514],[-100.019971,37.754983],[-100.019718,37.754973],[-100.019708,37.755131],[-100.019962,37.75514]]],"type":"Polygon"},"properties":{"anomaly_count":0,"asset_id":"BLD-0047","asset_type":"building","building_type":"yes","category":"Buildings","centroid":[-100.01984,37.755057],"footprint_m2":389.4,"health_score":null,"height_m":4.4,"height_source":"lidar_3dep","is_simulated":false,"levels":null,"monitored":false,"name":null,"sensor_count":0,"sensor_types":[],"source_id":"osm","status":"not_monitored"},"type":"Feature"},{"geometry":{"coordinates":[[[-100.019733,37.753523],[-100.019753,37.753322],[-100.019325,37.753295],[-100.019305,37.753497],[-100.019733,37.753523]]],"type":"Polygon"},"properties":{"anomaly_count":0,"asset_id":"BLD-0048","asset_type":"building","building_type":"yes","category":"Buildings","centroid":[-100.019529,37.753409],"footprint_m2":842.1,"health_score":100,"height_m":11.4,"height_source":"lidar_3dep","is_simulated":false,"levels":null,"monitored":true,"name":null,"sensor_count":1,"sensor_types":["vibration"],"source_id":"osm","status":"normal"},"type":"Feature"},{"geometry":{"coordinates":[[[-100.018768,37.750766],[-100.019254,37.750794],[-100.019272,37.750597],[-100.018786,37.75057],[-100.018768,37.750766]]],"type":"Polygon"},"properties":{"anomaly_count":0,"asset_id":"BLD-0049","asset_type":"building","building_type":"yes","category":"Buildings","centroid":[-100.01902,37.750682],"footprint_m2":934.3,"health_score":null,"height_m":6.4,"height_source":"lidar_3dep","is_simulated":false,"levels":null,"monitored":false,"name":null,"sensor_count":0,"sensor_types":[],"source_id":"osm","status":"not_monitored"},"type":"Feature"},{"geometry":{"coordinates":[[[-100.019832,37.751341],[-100.019848,37.751136],[-100.019503,37.751119],[-100.019487,37.751324],[-100.019832,37.751341]]],"type":"Polygon"},"properties":{"anomaly_count":0,"asset_id":"BLD-0050","asset_type":"building","building_type":"yes","category":"Buildings","centroid":[-100.019667,37.75123],"footprint_m2":690.2,"health_score":100,"height_m":5.3,"height_source":"lidar_3dep","is_simulated":false,"levels":null,"monitored":true,"name":null,"sensor_count":1,"sensor_types":["temperature"],"source_id":"osm","status":"normal"},"type":"Feature"},{"geometry":{"coordinates":[[[-100.019624,37.750817],[-100.01961,37.75096],[-100.019988,37.750983],[-100.020002,37.75084],[-100.019624,37.750817]]],"type":"Polygon"},"properties":{"anomaly_count":0,"asset_id":"BLD-0051","asset_type":"building","building_type":"yes","category":"Buildings","centroid":[-100.019806,37.7509],"footprint_m2":527.6,"health_score":null,"height_m":6.2,"height_source":"lidar_3dep","is_simulated":false,"levels":null,"monitored":false,"name":null,"sensor_count":0,"sensor_types":[],"source_id":"osm","status":"not_monitored"},"type":"Feature"},{"geometry":{"coordinates":[[[-100.02062,37.751402],[-100.021377,37.751435],[-100.021392,37.751215],[-100.020636,37.751182],[-100.02062,37.751402]]],"type":"Polygon"},"properties":{"anomaly_count":0,"asset_id":"BLD-0052","asset_type":"building","building_type":"yes","category":"Buildings","centroid":[-100.021006,37.751309],"footprint_m2":1624,"health_score":null,"height_m":6.4,"height_source":"lidar_3dep","is_simulated":false,"levels":null,"monitored":false,"name":null,"sensor_count":0,"sensor_types":[],"source_id":"osm","status":"not_monitored"},"type":"Feature"},{"geometry":{"coordinates":[[[-100.021323,37.751788],[-100.02118,37.751782],[-100.021165,37.75198],[-100.021308,37.751987],[-100.021323,37.751788]]],"type":"Polygon"},"properties":{"anomaly_count":0,"asset_id":"BLD-0053","asset_type":"building","building_type":"yes","category":"Buildings","centroid":[-100.021244,37.751884],"footprint_m2":276.5,"health_score":null,"height_m":4.6,"height_source":"lidar_3dep","is_simulated":false,"levels":null,"monitored":false,"name":null,"sensor_count":0,"sensor_types":[],"source_id":"osm","status":"not_monitored"},"type":"Feature"},{"geometry":{"coordinates":[[[-100.023052,37.751857],[-100.022932,37.751854],[-100.022927,37.751992],[-100.023046,37.751995],[-100.023052,37.751857]]],"type":"Polygon"},"properties":{"anomaly_count":0,"asset_id":"BLD-0054","asset_type":"building","building_type":"yes","category":"Buildings","centroid":[-100.022989,37.751925],"footprint_m2":160.6,"health_score":null,"height_m":5.4,"height_source":"lidar_3dep","is_simulated":false,"levels":null,"monitored":false,"name":null,"sensor_count":0,"sensor_types":[],"source_id":"osm","status":"not_monitored"},"type":"Feature"},{"geometry":{"coordinates":[[[-100.021878,37.751747],[-100.021694,37.751738],[-100.021668,37.752066],[-100.021851,37.752076],[-100.021878,37.751747]]],"type":"Polygon"},"properties":{"anomaly_count":0,"asset_id":"BLD-0055","asset_type":"building","building_type":"yes","category":"Buildings","centroid":[-100.021773,37.751907],"footprint_m2":590.3,"health_score":null,"height_m":10.8,"height_source":"lidar_3dep","is_simulated":false,"levels":null,"monitored":false,"name":null,"sensor_count":0,"sensor_types":[],"source_id":"osm","status":"not_monitored"},"type":"Feature"},{"geometry":{"coordinates":[[[-100.02256,37.751809],[-100.022237,37.751794],[-100.022213,37.752116],[-100.022535,37.752131],[-100.02256,37.751809]]],"type":"Polygon"},"properties":{"anomaly_count":1,"asset_id":"BLD-0056","asset_type":"building","building_type":"yes","category":"Buildings","centroid":[-100.022386,37.751962],"footprint_m2":1015.2,"health_score":100,"height_m":5.8,"height_source":"lidar_3dep","is_simulated":false,"levels":null,"monitored":true,"name":null,"sensor_count":1,"sensor_types":["moisture"],"source_id":"osm","status":"normal"},"type":"Feature"},{"geometry":{"coordinates":[[[-100.027564,37.748328],[-100.027439,37.748329],[-100.027442,37.748609],[-100.027567,37.748608],[-100.027564,37.748328]]],"type":"Polygon"},"properties":{"anomaly_count":0,"asset_id":"BLD-0057","asset_type":"building","building_type":"yes","category":"Buildings","centroid":[-100.027503,37.748469],"footprint_m2":342.4,"health_score":null,"height_m":4.6,"height_source":"lidar_3dep","is_simulated":false,"levels":null,"monitored":false,"name":null,"sensor_count":0,"sensor_types":[],"source_id":"osm","status":"not_monitored"},"type":"Feature"},{"geometry":{"coordinates":[[[-100.027624,37.749228],[-100.027626,37.749004],[-100.02729,37.749002],[-100.027288,37.749226],[-100.027624,37.749228]]],"type":"Polygon"},"properties":{"anomaly_count":0,"asset_id":"BLD-0058","asset_type":"building","building_type":"yes","category":"Buildings","centroid":[-100.027457,37.749115],"footprint_m2":728.4,"health_score":100,"height_m":4.3,"height_source":"lidar_3dep","is_simulated":false,"levels":null,"monitored":true,"name":null,"sensor_count":1,"sensor_types":["temperature"],"source_id":"osm","status":"normal"},"type":"Feature"},{"geometry":{"coordinates":[[[-100.028232,37.749242],[-100.028237,37.749015],[-100.027918,37.749011],[-100.027913,37.749238],[-100.028232,37.749242]]],"type":"Polygon"},"properties":{"anomaly_count":0,"asset_id":"BLD-0059","asset_type":"building","building_type":"yes","category":"Buildings","centroid":[-100.028075,37.749127],"footprint_m2":706.2,"health_score":100,"height_m":3.8,"height_source":"lidar_3dep","is_simulated":false,"levels":null,"monitored":true,"name":null,"sensor_count":1,"sensor_types":["vibration"],"source_id":"osm","status":"normal"},"type":"Feature"},{"geometry":{"coordinates":[[[-100.015904,37.753719],[-100.015894,37.753289],[-100.0157,37.753292],[-100.01571,37.753722],[-100.015904,37.753719]]],"type":"Polygon"},"properties":{"anomaly_count":0,"asset_id":"BLD-0060","asset_type":"building","building_type":"yes","category":"Buildings","centroid":[-100.015802,37.753506],"footprint_m2":812,"health_score":null,"height_m":7.5,"height_source":"lidar_3dep","is_simulated":false,"levels":null,"monitored":false,"name":null,"sensor_count":0,"sensor_types":[],"source_id":"osm","status":"not_monitored"},"type":"Feature"},{"geometry":{"coordinates":[[[-100.016109,37.753234],[-100.016114,37.753157],[-100.015947,37.753149],[-100.015941,37.753226],[-100.016109,37.753234]]],"type":"Polygon"},"properties":{"anomaly_count":0,"asset_id":"BLD-0061","asset_type":"building","building_type":"yes","category":"Buildings","centroid":[-100.016028,37.753192],"footprint_m2":125.8,"health_score":null,"height_m":4,"height_source":"lidar_3dep","is_simulated":false,"levels":null,"monitored":false,"name":null,"sensor_count":0,"sensor_types":[],"source_id":"osm","status":"not_monitored"},"type":"Feature"},{"geometry":{"coordinates":[[[-100.016044,37.753007],[-100.015969,37.753005],[-100.015968,37.753046],[-100.015965,37.753132],[-100.01604,37.753133],[-100.016044,37.753064],[-100.016044,37.753007]]],"type":"Polygon"},"properties":{"anomaly_count":0,"asset_id":"BLD-0062","asset_type":"building","building_type":"roof","category":"Buildings","centroid":[-100.016005,37.753069],"footprint_m2":93.5,"health_score":null,"height_m":4.6,"height_source":"lidar_3dep","is_simulated":false,"levels":null,"monitored":false,"name":null,"sensor_count":0,"sensor_types":[],"source_id":"osm","status":"not_monitored"},"type":"Feature"},{"geometry":{"coordinates":[[[-100.023354,37.752877],[-100.023726,37.752933],[-100.023755,37.752811],[-100.023384,37.752755],[-100.023354,37.752877]]],"type":"Polygon"},"properties":{"addr:city":"Dodge City","addr:housenumber":"703","addr:postcode":"67801-4249","addr:state":"KS","addr:street":"West Wyatt Earp Boulevard","anomaly_count":0,"asset_id":"BLD-0063","asset_type":"building","building_type":"yes","category":"Buildings","centroid":[-100.023555,37.752844],"footprint_m2":457.7,"health_score":100,"height_m":6,"height_source":"estimated","is_simulated":false,"levels":null,"monitored":true,"name":"McDonald's","sensor_count":1,"sensor_types":["vibration"],"source_id":"osm","status":"normal"},"type":"Feature"},{"geometry":{"coordinates":[[[-100.024693,37.753078],[-100.024695,37.75288],[-100.024605,37.75288],[-100.024603,37.753078],[-100.024693,37.753078]]],"type":"Polygon"},"properties":{"addr:city":"Dodge City","addr:housenumber":"801","addr:postcode":"67801","addr:state":"KS","addr:street":"West Wyatt Earp Boulevard","anomaly_count":0,"asset_id":"BLD-0064","asset_type":"building","building_type":"yes","category":"Buildings","centroid":[-100.024649,37.752979],"footprint_m2":173.7,"health_score":null,"height_m":3.7,"height_source":"lidar_3dep","is_simulated":false,"levels":null,"monitored":false,"name":"Sonic","sensor_count":0,"sensor_types":[],"source_id":"osm","status":"not_monitored"},"type":"Feature"},{"geometry":{"coordinates":[[[-100.009047,37.758868],[-100.009046,37.758709],[-100.008948,37.758709],[-100.008948,37.758868],[-100.009047,37.758868]]],"type":"Polygon"},"properties":{"anomaly_count":0,"asset_id":"BLD-0065","asset_type":"building","building_type":"yes","category":"Buildings","centroid":[-100.008997,37.758788],"footprint_m2":151.9,"health_score":null,"height_m":3.3,"height_source":"lidar_3dep","is_simulated":false,"levels":null,"monitored":false,"name":null,"sensor_count":0,"sensor_types":[],"source_id":"osm","status":"not_monitored"},"type":"Feature"},{"geometry":{"coordinates":[[[-100.008936,37.75897],[-100.009046,37.758972],[-100.009047,37.758868],[-100.008948,37.758868],[-100.008939,37.758868],[-100.008936,37.75897]]],"type":"Polygon"},"properties":{"anomaly_count":0,"asset_id":"BLD-0066","asset_type":"building","building_type":"yes","category":"Buildings","centroid":[-100.008992,37.758919],"footprint_m2":108.6,"health_score":null,"height_m":4.3,"height_source":"lidar_3dep","is_simulated":false,"levels":null,"monitored":false,"name":null,"sensor_count":0,"sensor_types":[],"source_id":"osm","status":"not_monitored"},"type":"Feature"},{"geometry":{"coordinates":[[[-100.009301,37.758707],[-100.0093,37.758615],[-100.00893,37.758617],[-100.008931,37.758709],[-100.008948,37.758709],[-100.009046,37.758709],[-100.009301,37.758707]]],"type":"Polygon"},"properties":{"anomaly_count":0,"asset_id":"BLD-0067","asset_type":"building","building_type":"yes","category":"Buildings","centroid":[-100.009116,37.758662],"footprint_m2":332.4,"health_score":null,"height_m":4.3,"height_source":"lidar_3dep","is_simulated":false,"levels":null,"monitored":false,"name":null,"sensor_count":0,"sensor_types":[],"source_id":"osm","status":"not_monitored"},"type":"Feature"},{"geometry":{"coordinates":[[[-100.009177,37.758584],[-100.009307,37.758584],[-100.009305,37.758278],[-100.009175,37.758279],[-100.009177,37.758584]]],"type":"Polygon"},"properties":{"anomaly_count":0,"asset_id":"BLD-0068","asset_type":"building","building_type":"yes","category":"Buildings","centroid":[-100.009241,37.758431],"footprint_m2":386.3,"health_score":null,"height_m":5.4,"height_source":"lidar_3dep","is_simulated":false,"levels":null,"monitored":false,"name":null,"sensor_count":0,"sensor_types":[],"source_id":"osm","status":"not_monitored"},"type":"Feature"},{"geometry":{"coordinates":[[[-100.013525,37.757939],[-100.013524,37.757891],[-100.013538,37.757891],[-100.013537,37.75781],[-100.013391,37.757812],[-100.013392,37.757883],[-100.013375,37.757883],[-100.013376,37.75794],[-100.013525,37.757939]]],"type":"Polygon"},"properties":{"anomaly_count":0,"asset_id":"BLD-0069","asset_type":"building","building_type":"house","category":"Buildings","centroid":[-100.013458,37.757876],"footprint_m2":185.2,"health_score":null,"height_m":5.6,"height_source":"lidar_3dep","is_simulated":false,"levels":null,"monitored":false,"name":null,"sensor_count":0,"sensor_types":[],"source_id":"osm","status":"not_monitored"},"type":"Feature"},{"geometry":{"coordinates":[[[-100.013554,37.758054],[-100.013556,37.75797],[-100.013395,37.757967],[-100.013394,37.757999],[-100.013364,37.757999],[-100.013363,37.758051],[-100.013554,37.758054]]],"type":"Polygon"},"properties":{"anomaly_count":0,"asset_id":"BLD-0070","asset_type":"building","building_type":"house","category":"Buildings","centroid":[-100.013465,37.758012],"footprint_m2":147.1,"health_score":null,"height_m":5.3,"height_source":"lidar_3dep","is_simulated":false,"levels":null,"monitored":false,"name":null,"sensor_count":0,"sensor_types":[],"source_id":"osm","status":"not_monitored"},"type":"Feature"},{"geometry":{"coordinates":[[[-100.01357,37.757636],[-100.01357,37.757555],[-100.013376,37.757555],[-100.013376,37.757635],[-100.01357,37.757636]]],"type":"Polygon"},"properties":{"anomaly_count":0,"asset_id":"BLD-0071","asset_type":"building","building_type":"house","category":"Buildings","centroid":[-100.013473,37.757595],"footprint_m2":151.5,"health_score":null,"height_m":4.9,"height_source":"lidar_3dep","is_simulated":false,"levels":null,"monitored":false,"name":null,"sensor_count":0,"sensor_types":[],"source_id":"osm","status":"not_monitored"},"type":"Feature"},{"geometry":{"coordinates":[[[-100.013555,37.757191],[-100.013569,37.757188],[-100.01357,37.757117],[-100.013549,37.757116],[-100.01355,37.757109],[-100.0134,37.757106],[-100.013398,37.757188],[-100.013555,37.757191]]],"type":"Polygon"},"properties":{"anomaly_count":0,"asset_id":"BLD-0072","asset_type":"building","building_type":"house","category":"Buildings","centroid":[-100.013484,37.757149],"footprint_m2":134.2,"health_score":null,"height_m":5.3,"height_source":"lidar_3dep","is_simulated":false,"levels":null,"monitored":false,"name":null,"sensor_count":0,"sensor_types":[],"source_id":"osm","status":"not_monitored"},"type":"Feature"},{"geometry":{"coordinates":[[[-100.013568,37.757063],[-100.013568,37.756977],[-100.013387,37.756977],[-100.013387,37.756992],[-100.013364,37.756992],[-100.013364,37.757041],[-100.013386,37.757041],[-100.013386,37.757062],[-100.013568,37.757063]]],"type":"Polygon"},"properties":{"anomaly_count":0,"asset_id":"BLD-0073","asset_type":"building","building_type":"house","category":"Buildings","centroid":[-100.01347,37.757019],"footprint_m2":161.9,"health_score":null,"height_m":5.9,"height_source":"lidar_3dep","is_simulated":false,"levels":null,"monitored":false,"name":null,"sensor_count":0,"sensor_types":[],"source_id":"osm","status":"not_monitored"},"type":"Feature"},{"geometry":{"coordinates":[[[-100.013566,37.756796],[-100.013567,37.756739],[-100.013541,37.756739],[-100.013542,37.756727],[-100.013407,37.756725],[-100.013407,37.756731],[-100.013406,37.756755],[-100.013405,37.756805],[-100.013546,37.756807],[-100.013547,37.756796],[-100.013566,37.756796]]],"type":"Polygon"},"properties":{"anomaly_count":0,"asset_id":"BLD-0074","asset_type":"building","building_type":"house","category":"Buildings","centroid":[-100.013483,37.756766],"footprint_m2":119.9,"health_score":null,"height_m":5,"height_source":"lidar_3dep","is_simulated":false,"levels":null,"monitored":false,"name":null,"sensor_count":0,"sensor_types":[],"source_id":"osm","status":"not_monitored"},"type":"Feature"},{"geometry":{"coordinates":[[[-100.013547,37.756655],[-100.013546,37.756566],[-100.013363,37.756567],[-100.013364,37.756657],[-100.013547,37.756655]]],"type":"Polygon"},"properties":{"anomaly_count":0,"asset_id":"BLD-0075","asset_type":"building","building_type":"house","category":"Buildings","centroid":[-100.013455,37.756611],"footprint_m2":158.9,"health_score":null,"height_m":5.3,"height_source":"lidar_3dep","is_simulated":false,"levels":null,"monitored":false,"name":null,"sensor_count":0,"sensor_types":[],"source_id":"osm","status":"not_monitored"},"type":"Feature"},{"geometry":{"coordinates":[[[-100.013578,37.756505],[-100.013582,37.756425],[-100.013399,37.75642],[-100.013398,37.75645],[-100.013347,37.756449],[-100.013345,37.756489],[-100.01344,37.756492],[-100.013439,37.756509],[-100.01355,37.756512],[-100.01355,37.756504],[-100.013578,37.756505]]],"type":"Polygon"},"properties":{"anomaly_count":0,"asset_id":"BLD-0076","asset_type":"building","building_type":"house","category":"Buildings","centroid":[-100.013477,37.756465],"footprint_m2":167.6,"health_score":null,"height_m":7.4,"height_source":"lidar_3dep","is_simulated":false,"levels":null,"monitored":false,"name":null,"sensor_count":0,"sensor_types":[],"source_id":"osm","status":"not_monitored"},"type":"Feature"},{"geometry":{"coordinates":[[[-100.014159,37.756789],[-100.014155,37.756697],[-100.013962,37.756701],[-100.013964,37.756759],[-100.013983,37.756758],[-100.013984,37.756793],[-100.014159,37.756789]]],"type":"Polygon"},"properties":{"anomaly_count":0,"asset_id":"BLD-0077","asset_type":"building","building_type":"house","category":"Buildings","centroid":[-100.014063,37.756744],"footprint_m2":168.5,"health_score":null,"height_m":5.3,"height_source":"lidar_3dep","is_simulated":false,"levels":null,"monitored":false,"name":null,"sensor_count":0,"sensor_types":[],"source_id":"osm","status":"not_monitored"},"type":"Feature"},{"geometry":{"coordinates":[[[-100.014125,37.756661],[-100.014126,37.756558],[-100.013958,37.756557],[-100.013958,37.75662],[-100.013985,37.75662],[-100.013985,37.75666],[-100.014125,37.756661]]],"type":"Polygon"},"properties":{"anomaly_count":0,"asset_id":"BLD-0078","asset_type":"building","building_type":"house","category":"Buildings","centroid":[-100.014047,37.756607],"footprint_m2":157.3,"health_score":null,"height_m":5.7,"height_source":"lidar_3dep","is_simulated":false,"levels":null,"monitored":false,"name":null,"sensor_count":0,"sensor_types":[],"source_id":"osm","status":"not_monitored"},"type":"Feature"},{"geometry":{"coordinates":[[[-100.014457,37.756562],[-100.014454,37.756428],[-100.014324,37.75642],[-100.014319,37.756512],[-100.014303,37.756512],[-100.014298,37.756578],[-100.014341,37.756576],[-100.014343,37.756562],[-100.014457,37.756562]]],"type":"Polygon"},"properties":{"anomaly_count":0,"asset_id":"BLD-0079","asset_type":"building","building_type":"house","category":"Buildings","centroid":[-100.014381,37.756498],"footprint_m2":195.9,"health_score":null,"height_m":6.1,"height_source":"lidar_3dep","is_simulated":false,"levels":null,"monitored":false,"name":null,"sensor_count":0,"sensor_types":[],"source_id":"osm","status":"not_monitored"},"type":"Feature"},{"geometry":{"coordinates":[[[-100.014755,37.756526],[-100.014755,37.756427],[-100.014707,37.756427],[-100.014707,37.756405],[-100.014632,37.756405],[-100.014632,37.756425],[-100.014583,37.756425],[-100.014583,37.756527],[-100.014755,37.756526]]],"type":"Polygon"},"properties":{"anomaly_count":0,"asset_id":"BLD-0080","asset_type":"building","building_type":"house","category":"Buildings","centroid":[-100.014669,37.756471],"footprint_m2":183.2,"health_score":null,"height_m":5.5,"height_source":"lidar_3dep","is_simulated":false,"levels":null,"monitored":false,"name":null,"sensor_count":0,"sensor_types":[],"source_id":"osm","status":"not_monitored"},"type":"Feature"},{"geometry":{"coordinates":[[[-100.015052,37.756799],[-100.015052,37.756711],[-100.014854,37.756712],[-100.014854,37.756799],[-100.015052,37.756799]]],"type":"Polygon"},"properties":{"anomaly_count":0,"asset_id":"BLD-0081","asset_type":"building","building_type":"house","category":"Buildings","centroid":[-100.014953,37.756755],"footprint_m2":168.5,"health_score":null,"height_m":4.4,"height_source":"lidar_3dep","is_simulated":false,"levels":null,"monitored":false,"name":null,"sensor_count":0,"sensor_types":[],"source_id":"osm","status":"not_monitored"},"type":"Feature"},{"geometry":{"coordinates":[[[-100.015051,37.757206],[-100.015054,37.757131],[-100.015076,37.757132],[-100.015078,37.757105],[-100.015062,37.757055],[-100.014955,37.757052],[-100.01495,37.757204],[-100.015051,37.757206]]],"type":"Polygon"},"properties":{"anomaly_count":0,"asset_id":"BLD-0082","asset_type":"building","building_type":"house","category":"Buildings","centroid":[-100.015008,37.757127],"footprint_m2":162.9,"health_score":null,"height_m":4.6,"height_source":"lidar_3dep","is_simulated":false,"levels":null,"monitored":false,"name":null,"sensor_count":0,"sensor_types":[],"source_id":"osm","status":"not_monitored"},"type":"Feature"},{"geometry":{"coordinates":[[[-100.015658,37.757139],[-100.015665,37.75696],[-100.015588,37.756958],[-100.015587,37.756994],[-100.015486,37.756991],[-100.01548,37.757135],[-100.015658,37.757139]]],"type":"Polygon"},"properties":{"anomaly_count":0,"asset_id":"BLD-0083","asset_type":"building","building_type":"house","category":"Buildings","centroid":[-100.015577,37.757057],"footprint_m2":274.9,"health_score":null,"height_m":6.2,"height_source":"lidar_3dep","is_simulated":false,"levels":null,"monitored":false,"name":null,"sensor_count":0,"sensor_types":[],"source_id":"osm","status":"not_monitored"},"type":"Feature"},{"geometry":{"coordinates":[[[-100.015837,37.75716],[-100.015837,37.75714],[-100.015858,37.75714],[-100.015859,37.757025],[-100.015827,37.757025],[-100.015827,37.757009],[-100.015774,37.757009],[-100.015773,37.757028],[-100.015743,37.757028],[-100.015742,37.757142],[-100.01576,37.757142],[-100.01576,37.75716],[-100.015837,37.75716]]],"type":"Polygon"},"properties":{"anomaly_count":0,"asset_id":"BLD-0084","asset_type":"building","building_type":"house","category":"Buildings","centroid":[-100.0158,37.757086],"footprint_m2":152.9,"health_score":null,"height_m":5.2,"height_source":"lidar_3dep","is_simulated":false,"levels":null,"monitored":false,"name":null,"sensor_count":0,"sensor_types":[],"source_id":"osm","status":"not_monitored"},"type":"Feature"},{"geometry":{"coordinates":[[[-100.015066,37.758165],[-100.015064,37.758089],[-100.014927,37.758092],[-100.014928,37.758114],[-100.014912,37.758114],[-100.014914,37.758168],[-100.015066,37.758165]]],"type":"Polygon"},"properties":{"anomaly_count":0,"asset_id":"BLD-0085","asset_type":"building","building_type":"house","category":"Buildings","centroid":[-100.014991,37.758129],"footprint_m2":108.9,"health_score":null,"height_m":4,"height_source":"lidar_3dep","is_simulated":false,"levels":null,"monitored":false,"name":null,"sensor_count":0,"sensor_types":[],"source_id":"osm","status":"not_monitored"},"type":"Feature"},{"geometry":{"coordinates":[[[-100.015031,37.758385],[-100.015027,37.758283],[-100.014849,37.758287],[-100.014853,37.758389],[-100.015031,37.758385]]],"type":"Polygon"},"properties":{"anomaly_count":0,"asset_id":"BLD-0086","asset_type":"building","building_type":"house","category":"Buildings","centroid":[-100.01494,37.758336],"footprint_m2":176.5,"health_score":null,"height_m":5.7,"height_source":"lidar_3dep","is_simulated":false,"levels":null,"monitored":false,"name":null,"sensor_count":0,"sensor_types":[],"source_id":"osm","status":"not_monitored"},"type":"Feature"},{"geometry":{"coordinates":[[[-100.015023,37.758532],[-100.015023,37.75851],[-100.015053,37.75851],[-100.015054,37.758422],[-100.014891,37.75842],[-100.014891,37.758434],[-100.014852,37.758434],[-100.01485,37.75853],[-100.015023,37.758532]]],"type":"Polygon"},"properties":{"anomaly_count":0,"asset_id":"BLD-0087","asset_type":"building","building_type":"house","category":"Buildings","centroid":[-100.014952,37.758476],"footprint_m2":204.9,"health_score":null,"height_m":7,"height_source":"lidar_3dep","is_simulated":false,"levels":null,"monitored":false,"name":null,"sensor_count":0,"sensor_types":[],"source_id":"osm","status":"not_monitored"},"type":"Feature"},{"geometry":{"coordinates":[[[-100.015065,37.758668],[-100.015066,37.758609],[-100.015022,37.758609],[-100.015023,37.758562],[-100.014884,37.758561],[-100.014884,37.758597],[-100.014826,37.758597],[-100.014825,37.758668],[-100.015065,37.758668]]],"type":"Polygon"},"properties":{"anomaly_count":0,"asset_id":"BLD-0088","asset_type":"building","building_type":"house","category":"Buildings","centroid":[-100.014945,37.758621],"footprint_m2":208.7,"health_score":null,"height_m":5.6,"height_source":"lidar_3dep","is_simulated":false,"levels":null,"monitored":false,"name":null,"sensor_count":0,"sensor_types":[],"source_id":"osm","status":"not_monitored"},"type":"Feature"},{"geometry":{"coordinates":[[[-100.014779,37.758484],[-100.014779,37.758409],[-100.014688,37.758409],[-100.014688,37.758484],[-100.014779,37.758484]]],"type":"Polygon"},"properties":{"anomaly_count":0,"asset_id":"BLD-0089","asset_type":"building","building_type":"garage","category":"Buildings","centroid":[-100.014734,37.758447],"footprint_m2":66.4,"health_score":null,"height_m":3.3,"height_source":"lidar_3dep","is_simulated":false,"levels":null,"monitored":false,"name":null,"sensor_count":0,"sensor_types":[],"source_id":"osm","status":"not_monitored"},"type":"Feature"},{"geometry":{"coordinates":[[[-100.014781,37.75861],[-100.014781,37.758563],[-100.014697,37.758563],[-100.014697,37.75861],[-100.014781,37.75861]]],"type":"Polygon"},"properties":{"anomaly_count":0,"asset_id":"BLD-0090","asset_type":"building","building_type":"garage","category":"Buildings","centroid":[-100.014739,37.758586],"footprint_m2":38.6,"health_score":null,"height_m":3.5,"height_source":"estimated","is_simulated":false,"levels":null,"monitored":false,"name":null,"sensor_count":0,"sensor_types":[],"source_id":"osm","status":"not_monitored"},"type":"Feature"},{"geometry":{"coordinates":[[[-100.01481,37.75878],[-100.014811,37.758738],[-100.014742,37.758736],[-100.014741,37.758778],[-100.01481,37.75878]]],"type":"Polygon"},"properties":{"anomaly_count":0,"asset_id":"BLD-0091","asset_type":"building","building_type":"garage","category":"Buildings","centroid":[-100.014776,37.758758],"footprint_m2":28.3,"health_score":null,"height_m":2.5,"height_source":"lidar_3dep","is_simulated":false,"levels":null,"monitored":false,"name":null,"sensor_count":0,"sensor_types":[],"source_id":"osm","status":"not_monitored"},"type":"Feature"},{"geometry":{"coordinates":[[[-100.015024,37.758957],[-100.015024,37.758936],[-100.015049,37.758936],[-100.015052,37.758848],[-100.014828,37.758844],[-100.014824,37.758954],[-100.015024,37.758957]]],"type":"Polygon"},"properties":{"anomaly_count":0,"asset_id":"BLD-0092","asset_type":"building","building_type":"house","category":"Buildings","centroid":[-100.014936,37.7589],"footprint_m2":233.5,"health_score":null,"height_m":4.7,"height_source":"lidar_3dep","is_simulated":false,"levels":null,"monitored":false,"name":null,"sensor_count":0,"sensor_types":[],"source_id":"osm","status":"not_monitored"},"type":"Feature"},{"geometry":{"coordinates":[[[-100.01502,37.75908],[-100.01502,37.759061],[-100.015046,37.759061],[-100.015046,37.759006],[-100.015019,37.759006],[-100.015019,37.758989],[-100.014867,37.758988],[-100.014867,37.758999],[-100.014855,37.758999],[-100.014855,37.759027],[-100.014828,37.759029],[-100.014825,37.759067],[-100.014868,37.759067],[-100.014868,37.759088],[-100.014901,37.759088],[-100.014901,37.759079],[-100.01502,37.75908]]],"type":"Polygon"},"properties":{"anomaly_count":0,"asset_id":"BLD-0093","asset_type":"building","building_type":"house","category":"Buildings","centroid":[-100.014939,37.759036],"footprint_m2":170.7,"health_score":null,"height_m":5.2,"height_source":"lidar_3dep","is_simulated":false,"levels":null,"monitored":false,"name":null,"sensor_count":0,"sensor_types":[],"source_id":"osm","status":"not_monitored"},"type":"Feature"},{"geometry":{"coordinates":[[[-100.014758,37.759029],[-100.014828,37.759029],[-100.014827,37.758984],[-100.014757,37.758985],[-100.014758,37.759029]]],"type":"Polygon"},"properties":{"anomaly_count":0,"asset_id":"BLD-0094","asset_type":"building","building_type":"house","category":"Buildings","centroid":[-100.014792,37.759007],"footprint_m2":30.2,"health_score":null,"height_m":2.5,"height_source":"lidar_3dep","is_simulated":false,"levels":null,"monitored":false,"name":null,"sensor_count":0,"sensor_types":[],"source_id":"osm","status":"not_monitored"},"type":"Feature"},{"geometry":{"coordinates":[[[-100.01502,37.759388],[-100.01502,37.759334],[-100.015032,37.759334],[-100.015032,37.759304],[-100.014996,37.759304],[-100.014996,37.759295],[-100.014854,37.759296],[-100.014852,37.759302],[-100.014831,37.759302],[-100.014831,37.759328],[-100.014855,37.759328],[-100.014855,37.759389],[-100.014898,37.759389],[-100.014898,37.759396],[-100.014943,37.759396],[-100.014943,37.759388],[-100.01502,37.759388]]],"type":"Polygon"},"properties":{"anomaly_count":0,"asset_id":"BLD-0095","asset_type":"building","building_type":"house","category":"Buildings","centroid":[-100.014934,37.759342],"footprint_m2":160.5,"health_score":null,"height_m":5.1,"height_source":"lidar_3dep","is_simulated":false,"levels":null,"monitored":false,"name":null,"sensor_count":0,"sensor_types":[],"source_id":"osm","status":"not_monitored"},"type":"Feature"},{"geometry":{"coordinates":[[[-100.015025,37.759808],[-100.015026,37.759701],[-100.014871,37.7597],[-100.01487,37.759806],[-100.015025,37.759808]]],"type":"Polygon"},"properties":{"anomaly_count":0,"asset_id":"BLD-0096","asset_type":"building","building_type":"house","category":"Buildings","centroid":[-100.014948,37.759754],"footprint_m2":161.1,"health_score":null,"height_m":5.9,"height_source":"lidar_3dep","is_simulated":false,"levels":null,"monitored":false,"name":null,"sensor_count":0,"sensor_types":[],"source_id":"osm","status":"not_monitored"},"type":"Feature"},{"geometry":{"coordinates":[[[-100.014995,37.759936],[-100.014995,37.759905],[-100.015021,37.759905],[-100.01502,37.759843],[-100.014798,37.759844],[-100.014798,37.759865],[-100.014748,37.759865],[-100.014748,37.759937],[-100.014995,37.759936]]],"type":"Polygon"},"properties":{"anomaly_count":0,"asset_id":"BLD-0097","asset_type":"building","building_type":"house","category":"Buildings","centroid":[-100.014885,37.75989],"footprint_m2":228.2,"health_score":null,"height_m":5.1,"height_source":"lidar_3dep","is_simulated":false,"levels":null,"monitored":false,"name":null,"sensor_count":0,"sensor_types":[],"source_id":"osm","status":"not_monitored"},"type":"Feature"},{"geometry":{"coordinates":[[[-100.015008,37.760642],[-100.015008,37.760604],[-100.01502,37.760604],[-100.01502,37.760543],[-100.014972,37.760543],[-100.014972,37.760532],[-100.014877,37.760532],[-100.014877,37.760576],[-100.014913,37.760576],[-100.014913,37.760642],[-100.015008,37.760642]]],"type":"Polygon"},"properties":{"anomaly_count":0,"asset_id":"BLD-0098","asset_type":"building","building_type":"house","category":"Buildings","centroid":[-100.014954,37.760583],"footprint_m2":120.5,"health_score":null,"height_m":5.6,"height_source":"lidar_3dep","is_simulated":false,"levels":null,"monitored":false,"name":null,"sensor_count":0,"sensor_types":[],"source_id":"osm","status":"not_monitored"},"type":"Feature"},{"geometry":{"coordinates":[[[-100.015019,37.760918],[-100.015019,37.760891],[-100.015044,37.760891],[-100.015045,37.760822],[-100.015026,37.760822],[-100.015026,37.760806],[-100.014885,37.760805],[-100.014885,37.760832],[-100.014823,37.760831],[-100.014823,37.760889],[-100.014901,37.76089],[-100.014901,37.760918],[-100.015019,37.760918]]],"type":"Polygon"},"properties":{"anomaly_count":0,"asset_id":"BLD-0099","asset_type":"building","building_type":"house","category":"Buildings","centroid":[-100.014943,37.76086],"footprint_m2":194.9,"health_score":null,"height_m":5.3,"height_source":"lidar_3dep","is_simulated":false,"levels":null,"monitored":false,"name":null,"sensor_count":0,"sensor_types":[],"source_id":"osm","status":"not_monitored"},"type":"Feature"},{"geometry":{"coordinates":[[[-100.014989,37.76104],[-100.014989,37.761029],[-100.015054,37.761029],[-100.015054,37.760983],[-100.015037,37.760983],[-100.015037,37.760957],[-100.01502,37.760957],[-100.01502,37.760947],[-100.014849,37.760946],[-100.014848,37.761026],[-100.014885,37.761026],[-100.014885,37.761039],[-100.014989,37.76104]]],"type":"Polygon"},"properties":{"anomaly_count":0,"asset_id":"BLD-0100","asset_type":"building","building_type":"house","category":"Buildings","centroid":[-100.014946,37.760992],"footprint_m2":166.2,"health_score":null,"height_m":6,"height_source":"lidar_3dep","is_simulated":false,"levels":null,"monitored":false,"name":null,"sensor_count":0,"sensor_types":[],"source_id":"osm","status":"not_monitored"},"type":"Feature"},{"geometry":{"coordinates":[[[-100.014722,37.761033],[-100.014723,37.760953],[-100.01461,37.760953],[-100.01461,37.761033],[-100.014722,37.761033]]],"type":"Polygon"},"properties":{"anomaly_count":0,"asset_id":"BLD-0101","asset_type":"building","building_type":"garage","category":"Buildings","centroid":[-100.014666,37.760993],"footprint_m2":87.8,"health_score":null,"height_m":4.5,"height_source":"lidar_3dep","is_simulated":false,"levels":null,"monitored":false,"name":null,"sensor_count":0,"sensor_types":[],"source_id":"osm","status":"not_monitored"},"type":"Feature"},{"geometry":{"coordinates":[[[-100.013472,37.761349],[-100.013472,37.76132],[-100.013504,37.76132],[-100.013504,37.761302],[-100.013516,37.761302],[-100.013516,37.761245],[-100.013362,37.761245],[-100.013362,37.761349],[-100.013472,37.761349]]],"type":"Polygon"},"properties":{"anomaly_count":0,"asset_id":"BLD-0102","asset_type":"building","building_type":"house","category":"Buildings","centroid":[-100.013433,37.761294],"footprint_m2":141.2,"health_score":null,"height_m":5.5,"height_source":"lidar_3dep","is_simulated":false,"levels":null,"monitored":false,"name":null,"sensor_count":0,"sensor_types":[],"source_id":"osm","status":"not_monitored"},"type":"Feature"},{"geometry":{"coordinates":[[[-100.013482,37.762042],[-100.013483,37.762012],[-100.013502,37.762012],[-100.013504,37.76193],[-100.013494,37.761927],[-100.013495,37.761898],[-100.013393,37.761896],[-100.013389,37.76204],[-100.013482,37.762042]]],"type":"Polygon"},"properties":{"anomaly_count":0,"asset_id":"BLD-0103","asset_type":"building","building_type":"house","category":"Buildings","centroid":[-100.013444,37.761968],"footprint_m2":147.9,"health_score":null,"height_m":4,"height_source":"lidar_3dep","is_simulated":false,"levels":null,"monitored":false,"name":null,"sensor_count":0,"sensor_types":[],"source_id":"osm","status":"not_monitored"},"type":"Feature"},{"geometry":{"coordinates":[[[-100.013526,37.758831],[-100.013526,37.758804],[-100.013548,37.758804],[-100.013549,37.758763],[-100.013527,37.758763],[-100.013528,37.758734],[-100.013414,37.758733],[-100.013413,37.75883],[-100.013526,37.758831]]],"type":"Polygon"},"properties":{"anomaly_count":0,"asset_id":"BLD-0104","asset_type":"building","building_type":"house","category":"Buildings","centroid":[-100.013475,37.758782],"footprint_m2":115.9,"health_score":null,"height_m":5.8,"height_source":"lidar_3dep","is_simulated":false,"levels":null,"monitored":false,"name":null,"sensor_count":0,"sensor_types":[],"source_id":"osm","status":"not_monitored"},"type":"Feature"},{"geometry":{"coordinates":[[[-100.013529,37.758728],[-100.013529,37.758714],[-100.013554,37.758714],[-100.013555,37.758648],[-100.013529,37.758648],[-100.013529,37.758633],[-100.0134,37.758632],[-100.013399,37.758671],[-100.013364,37.758671],[-100.013364,37.758725],[-100.01341,37.758726],[-100.01341,37.758715],[-100.013457,37.758716],[-100.013457,37.758727],[-100.013529,37.758728]]],"type":"Polygon"},"properties":{"anomaly_count":0,"asset_id":"BLD-0105","asset_type":"building","building_type":"house","category":"Buildings","centroid":[-100.013463,37.758681],"footprint_m2":149,"health_score":null,"height_m":5.7,"height_source":"lidar_3dep","is_simulated":false,"levels":null,"monitored":false,"name":null,"sensor_count":0,"sensor_types":[],"source_id":"osm","status":"not_monitored"},"type":"Feature"},{"geometry":{"coordinates":[[[-100.013554,37.758594],[-100.013554,37.758529],[-100.013527,37.758529],[-100.013527,37.758519],[-100.013367,37.758519],[-100.013367,37.758565],[-100.013326,37.758565],[-100.013326,37.758606],[-100.013535,37.758605],[-100.013535,37.758594],[-100.013554,37.758594]]],"type":"Polygon"},"properties":{"anomaly_count":0,"asset_id":"BLD-0106","asset_type":"building","building_type":"house","category":"Buildings","centroid":[-100.013447,37.758565],"footprint_m2":169,"health_score":null,"height_m":5.4,"height_source":"lidar_3dep","is_simulated":false,"levels":null,"monitored":false,"name":null,"sensor_count":0,"sensor_types":[],"source_id":"osm","status":"not_monitored"},"type":"Feature"},{"geometry":{"coordinates":[[[-100.013392,37.758427],[-100.013391,37.758492],[-100.013529,37.758495],[-100.013529,37.758484],[-100.013548,37.758485],[-100.01355,37.75843],[-100.013392,37.758427]]],"type":"Polygon"},"properties":{"anomaly_count":0,"asset_id":"BLD-0107","asset_type":"building","building_type":"house","category":"Buildings","centroid":[-100.013469,37.758461],"footprint_m2":97.7,"health_score":null,"height_m":4.9,"height_source":"lidar_3dep","is_simulated":false,"levels":null,"monitored":false,"name":null,"sensor_count":0,"sensor_types":[],"source_id":"osm","status":"not_monitored"},"type":"Feature"},{"geometry":{"coordinates":[[[-100.013554,37.75838],[-100.013554,37.758316],[-100.013535,37.758316],[-100.013535,37.758308],[-100.013357,37.758308],[-100.013357,37.758363],[-100.013417,37.758363],[-100.013417,37.758388],[-100.013532,37.758388],[-100.013532,37.75838],[-100.013554,37.75838]]],"type":"Polygon"},"properties":{"anomaly_count":0,"asset_id":"BLD-0108","asset_type":"building","building_type":"house","category":"Buildings","centroid":[-100.013461,37.758344],"footprint_m2":136,"health_score":null,"height_m":5,"height_source":"lidar_3dep","is_simulated":false,"levels":null,"monitored":false,"name":null,"sensor_count":0,"sensor_types":[],"source_id":"osm","status":"not_monitored"},"type":"Feature"},{"geometry":{"coordinates":[[[-100.012109,37.75949],[-100.012108,37.759455],[-100.012127,37.759455],[-100.012127,37.759412],[-100.012111,37.759412],[-100.012111,37.759397],[-100.012003,37.759398],[-100.012003,37.75942],[-100.01199,37.75942],[-100.01199,37.759453],[-100.012005,37.759453],[-100.012005,37.75949],[-100.012109,37.75949]]],"type":"Polygon"},"properties":{"anomaly_count":0,"asset_id":"BLD-0109","asset_type":"building","building_type":"house","category":"Buildings","centroid":[-100.012058,37.759442],"footprint_m2":106.4,"health_score":null,"height_m":4.9,"height_source":"lidar_3dep","is_simulated":false,"levels":null,"monitored":false,"name":null,"sensor_count":0,"sensor_types":[],"source_id":"osm","status":"not_monitored"},"type":"Feature"},{"geometry":{"coordinates":[[[-100.011316,37.759888],[-100.011316,37.759861],[-100.011382,37.759861],[-100.011383,37.759797],[-100.011257,37.759796],[-100.011256,37.759887],[-100.011316,37.759888]]],"type":"Polygon"},"properties":{"anomaly_count":0,"asset_id":"BLD-0110","asset_type":"building","building_type":"house","category":"Buildings","centroid":[-100.011314,37.759836],"footprint_m2":94.4,"health_score":null,"height_m":3.1,"height_source":"lidar_3dep","is_simulated":false,"levels":null,"monitored":false,"name":null,"sensor_count":0,"sensor_types":[],"source_id":"osm","status":"not_monitored"},"type":"Feature"},{"geometry":{"coordinates":[[[-100.011224,37.7599],[-100.011224,37.759818],[-100.011149,37.759818],[-100.011149,37.759855],[-100.011114,37.759855],[-100.011114,37.7599],[-100.011224,37.7599]]],"type":"Polygon"},"properties":{"anomaly_count":0,"asset_id":"BLD-0111","asset_type":"building","building_type":"house","category":"Buildings","centroid":[-100.011175,37.759863],"footprint_m2":75.8,"health_score":null,"height_m":2.9,"height_source":"lidar_3dep","is_simulated":false,"levels":null,"monitored":false,"name":null,"sensor_count":0,"sensor_types":[],"source_id":"osm","status":"not_monitored"},"type":"Feature"},{"geometry":{"coordinates":[[[-100.010716,37.759895],[-100.010716,37.759809],[-100.010622,37.759809],[-100.010622,37.759842],[-100.010603,37.759842],[-100.010603,37.759866],[-100.010622,37.759866],[-100.010622,37.759895],[-100.010716,37.759895]]],"type":"Polygon"},"properties":{"anomaly_count":0,"asset_id":"BLD-0112","asset_type":"building","building_type":"house","category":"Buildings","centroid":[-100.010666,37.759852],"footprint_m2":82.4,"health_score":null,"height_m":3.9,"height_source":"lidar_3dep","is_simulated":false,"levels":null,"monitored":false,"name":null,"sensor_count":0,"sensor_types":[],"source_id":"osm","status":"not_monitored"},"type":"Feature"},{"geometry":{"coordinates":[[[-100.010714,37.760618],[-100.010713,37.760578],[-100.010723,37.760578],[-100.010721,37.760504],[-100.010621,37.760506],[-100.010624,37.76062],[-100.010714,37.760618]]],"type":"Polygon"},"properties":{"anomaly_count":0,"asset_id":"BLD-0113","asset_type":"building","building_type":"house","category":"Buildings","centroid":[-100.010671,37.76056],"footprint_m2":107.8,"health_score":null,"height_m":5.6,"height_source":"lidar_3dep","is_simulated":false,"levels":null,"monitored":false,"name":null,"sensor_count":0,"sensor_types":[],"source_id":"osm","status":"not_monitored"},"type":"Feature"},{"geometry":{"coordinates":[[[-100.010716,37.760751],[-100.010717,37.760679],[-100.010605,37.760679],[-100.010605,37.760751],[-100.010716,37.760751]]],"type":"Polygon"},"properties":{"anomaly_count":0,"asset_id":"BLD-0114","asset_type":"building","building_type":"house","category":"Buildings","centroid":[-100.010661,37.760715],"footprint_m2":78.3,"health_score":null,"height_m":5,"height_source":"estimated","is_simulated":false,"levels":null,"monitored":false,"name":null,"sensor_count":0,"sensor_types":[],"source_id":"osm","status":"not_monitored"},"type":"Feature"},{"geometry":{"coordinates":[[[-100.010715,37.760884],[-100.010716,37.760806],[-100.010599,37.760805],[-100.010599,37.760834],[-100.010538,37.760834],[-100.010538,37.760898],[-100.010632,37.760898],[-100.010632,37.760884],[-100.010715,37.760884]]],"type":"Polygon"},"properties":{"anomaly_count":0,"asset_id":"BLD-0115","asset_type":"building","building_type":"house","category":"Buildings","centroid":[-100.01063,37.760852],"footprint_m2":132,"health_score":null,"height_m":5.6,"height_source":"lidar_3dep","is_simulated":false,"levels":null,"monitored":false,"name":null,"sensor_count":0,"sensor_types":[],"source_id":"osm","status":"not_monitored"},"type":"Feature"},{"geometry":{"coordinates":[[[-100.010715,37.761044],[-100.010715,37.760983],[-100.010696,37.760983],[-100.010696,37.760963],[-100.010677,37.760963],[-100.010677,37.760929],[-100.010582,37.760929],[-100.010582,37.761043],[-100.010715,37.761044]]],"type":"Polygon"},"properties":{"anomaly_count":0,"asset_id":"BLD-0116","asset_type":"building","building_type":"house","category":"Buildings","centroid":[-100.010642,37.76099],"footprint_m2":131.5,"health_score":null,"height_m":5.6,"height_source":"lidar_3dep","is_simulated":false,"levels":null,"monitored":false,"name":null,"sensor_count":0,"sensor_types":[],"source_id":"osm","status":"not_monitored"},"type":"Feature"},{"geometry":{"coordinates":[[[-100.010579,37.761368],[-100.010578,37.761267],[-100.010525,37.761267],[-100.010525,37.761249],[-100.01049,37.76125],[-100.01049,37.761368],[-100.010579,37.761368]]],"type":"Polygon"},"properties":{"anomaly_count":0,"asset_id":"BLD-0117","asset_type":"building","building_type":"house","category":"Buildings","centroid":[-100.010533,37.761313],"footprint_m2":92.8,"health_score":null,"height_m":4.3,"height_source":"lidar_3dep","is_simulated":false,"levels":null,"monitored":false,"name":null,"sensor_count":0,"sensor_types":[],"source_id":"osm","status":"not_monitored"},"type":"Feature"},{"geometry":{"coordinates":[[[-100.010699,37.761476],[-100.0107,37.7614],[-100.010613,37.7614],[-100.010613,37.761475],[-100.010699,37.761476]]],"type":"Polygon"},"properties":{"anomaly_count":0,"asset_id":"BLD-0118","asset_type":"building","building_type":"house","category":"Buildings","centroid":[-100.010656,37.761438],"footprint_m2":63.1,"health_score":null,"height_m":3.9,"height_source":"lidar_3dep","is_simulated":false,"levels":null,"monitored":false,"name":null,"sensor_count":0,"sensor_types":[],"source_id":"osm","status":"not_monitored"},"type":"Feature"},{"geometry":{"coordinates":[[[-100.010616,37.761382],[-100.0107,37.76138],[-100.010698,37.761302],[-100.01067,37.761303],[-100.010668,37.761267],[-100.010612,37.761269],[-100.010616,37.761382]]],"type":"Polygon"},"properties":{"anomaly_count":0,"asset_id":"BLD-0119","asset_type":"building","building_type":"house","category":"Buildings","centroid":[-100.010653,37.761329],"footprint_m2":83.6,"health_score":null,"height_m":4.1,"height_source":"lidar_3dep","is_simulated":false,"levels":null,"monitored":false,"name":null,"sensor_count":0,"sensor_types":[],"source_id":"osm","status":"not_monitored"},"type":"Feature"},{"geometry":{"coordinates":[[[-100.010409,37.761324],[-100.010408,37.761269],[-100.0103,37.761271],[-100.0103,37.761281],[-100.010264,37.761281],[-100.010265,37.761315],[-100.010303,37.761315],[-100.010304,37.761325],[-100.010333,37.761325],[-100.010333,37.761342],[-100.010373,37.761342],[-100.010373,37.761324],[-100.010409,37.761324]]],"type":"Polygon"},"properties":{"anomaly_count":0,"asset_id":"BLD-0120","asset_type":"building","building_type":"house","category":"Buildings","centroid":[-100.010343,37.761301],"footprint_m2":76,"health_score":null,"height_m":5.2,"height_source":"lidar_3dep","is_simulated":false,"levels":null,"monitored":false,"name":null,"sensor_count":0,"sensor_types":[],"source_id":"osm","status":"not_monitored"},"type":"Feature"},{"geometry":{"coordinates":[[[-100.009881,37.761857],[-100.009883,37.761792],[-100.009677,37.761789],[-100.009675,37.761854],[-100.009881,37.761857]]],"type":"Polygon"},"properties":{"anomaly_count":0,"asset_id":"BLD-0121","asset_type":"building","building_type":"house","category":"Buildings","centroid":[-100.009779,37.761823],"footprint_m2":130.9,"health_score":null,"height_m":3.7,"height_source":"lidar_3dep","is_simulated":false,"levels":null,"monitored":false,"name":null,"sensor_count":0,"sensor_types":[],"source_id":"osm","status":"not_monitored"},"type":"Feature"},{"geometry":{"coordinates":[[[-100.019664,37.754278],[-100.019256,37.754261],[-100.019248,37.754408],[-100.019653,37.754428],[-100.019664,37.754278]]],"type":"Polygon"},"properties":{"addr:city":"Dodge City","addr:housenumber":"615","addr:postcode":"67801","addr:state":"KS","addr:street":"North 2nd Avenue","anomaly_count":0,"asset_id":"BLD-0122","asset_type":"building","building_type":"commercial","category":"Buildings","centroid":[-100.019456,37.754343],"footprint_m2":590.1,"health_score":null,"height_m":23.9,"height_source":"lidar_3dep","is_simulated":false,"levels":6,"monitored":false,"name":"First National Bank Building","sensor_count":0,"sensor_types":[],"source_id":"osm","status":"not_monitored"},"type":"Feature"},{"geometry":{"coordinates":[[[-100.019666,37.754245],[-100.019315,37.75423],[-100.019316,37.754223],[-100.019259,37.75422],[-100.019256,37.754261],[-100.019664,37.754278],[-100.019666,37.754245]]],"type":"Polygon"},"properties":{"addr:city":"Dodge City","addr:housenumber":"615","addr:postcode":"67801","addr:state":"KS","addr:street":"North 2nd Avenue","anomaly_count":0,"asset_id":"BLD-0123","asset_type":"building","building_type":"commercial","category":"Buildings","centroid":[-100.019455,37.754252],"footprint_m2":133.6,"health_score":null,"height_m":17.8,"height_source":"lidar_3dep","is_simulated":false,"levels":1,"monitored":false,"name":"First National Bank Building","sensor_count":0,"sensor_types":[],"source_id":"osm","status":"not_monitored"},"type":"Feature"},{"geometry":{"coordinates":[[[-100.017496,37.754269],[-100.017497,37.754257],[-100.017615,37.754263],[-100.01762,37.754204],[-100.017634,37.754204],[-100.017641,37.754124],[-100.017627,37.754124],[-100.017632,37.754065],[-100.017512,37.754058],[-100.017513,37.754046],[-100.017478,37.754044],[-100.017478,37.754047],[-100.017452,37.754046],[-100.01745,37.754043],[-100.017416,37.754041],[-100.017416,37.754052],[-100.017296,37.754046],[-100.017292,37.754104],[-100.017278,37.754103],[-100.017271,37.754183],[-100.017284,37.754184],[-100.017279,37.754244],[-100.017397,37.75425],[-100.017396,37.754264],[-100.017496,37.754269]]],"type":"Polygon"},"properties":{"addr:city":"Dodge City","addr:housenumber":"101","addr:postcode":"67801","addr:state":"KS","addr:street":"West Spruce Street","anomaly_count":1,"asset_id":"BLD-0124","asset_type":"building","building_type":"yes","category":"Buildings","centroid":[-100.017456,37.754155],"footprint_m2":695.9,"health_score":90,"height_m":13.4,"height_source":"lidar_3dep","is_simulated":false,"levels":null,"monitored":true,"name":"Ford County Courthouse","sensor_count":3,"sensor_types":["moisture","temperature","vibration"],"source_id":"osm","status":"normal"},"type":"Feature"},{"geometry":{"coordinates":[[[-100.017432,37.753821],[-100.017438,37.753744],[-100.017443,37.753686],[-100.017458,37.753687],[-100.017466,37.753593],[-100.017312,37.753585],[-100.017301,37.753584],[-100.017292,37.753696],[-100.017189,37.75369],[-100.017198,37.753577],[-100.017191,37.753576],[-100.017029,37.753568],[-100.01701,37.753799],[-100.017017,37.753799],[-100.017432,37.753821]]],"type":"Polygon"},"properties":{"addr:city":"Dodge City","addr:housenumber":"100","addr:postcode":"67801","addr:state":"KS","addr:street":"Gunsmoke Street","anomaly_count":2,"asset_id":"BLD-0125","asset_type":"building","building_type":"yes","category":"Buildings","centroid":[-100.017232,37.753702],"footprint_m2":847.8,"health_score":91,"height_m":18.2,"height_source":"lidar_3dep","is_simulated":false,"levels":5,"monitored":true,"name":"Ford County Government Center","sensor_count":3,"sensor_types":["moisture","temperature","vibration"],"source_id":"osm","status":"normal"},"type":"Feature"},{"geometry":{"coordinates":[[[-100.017314,37.75356],[-100.017193,37.753554],[-100.017191,37.753576],[-100.017198,37.753577],[-100.017189,37.75369],[-100.017292,37.753696],[-100.017301,37.753584],[-100.017312,37.753585],[-100.017314,37.75356]]],"type":"Polygon"},"properties":{"addr:city":"Dodge City","addr:housenumber":"100","addr:postcode":"67801","addr:state":"KS","addr:street":"Gunsmoke Street","anomaly_count":0,"asset_id":"BLD-0126","asset_type":"building","building_type":"yes","category":"Buildings","centroid":[-100.017246,37.753623],"footprint_m2":140.7,"health_score":null,"height_m":17.8,"height_source":"lidar_3dep","is_simulated":false,"levels":2,"monitored":false,"name":"Ford County Governement Center","sensor_count":0,"sensor_types":[],"source_id":"osm","status":"not_monitored"},"type":"Feature"},{"geometry":{"coordinates":[[[-100.01701,37.753887],[-100.017424,37.753908],[-100.017432,37.753821],[-100.017017,37.753799],[-100.01701,37.753887]]],"type":"Polygon"},"properties":{"addr:city":"Dodge City","addr:housenumber":"100","addr:postcode":"67801","addr:state":"KS","addr:street":"Gunsmoke Street","anomaly_count":0,"asset_id":"BLD-0127","asset_type":"building","building_type":"yes","category":"Buildings","centroid":[-100.017221,37.753854],"footprint_m2":355.6,"health_score":null,"height_m":5.1,"height_source":"lidar_3dep","is_simulated":false,"levels":1,"monitored":false,"name":"Ford County Government Center","sensor_count":0,"sensor_types":[],"source_id":"osm","status":"not_monitored"},"type":"Feature"},{"geometry":{"coordinates":[[[-100.017892,37.753767],[-100.017904,37.753616],[-100.017466,37.753593],[-100.017458,37.753687],[-100.017443,37.753686],[-100.017438,37.753744],[-100.017892,37.753767]]],"type":"Polygon"},"properties":{"anomaly_count":0,"asset_id":"BLD-0128","asset_type":"building","building_type":"retail","category":"Buildings","centroid":[-100.017676,37.753681],"footprint_m2":658.2,"health_score":null,"height_m":11,"height_source":"lidar_3dep","is_simulated":false,"levels":3,"monitored":false,"name":null,"sensor_count":0,"sensor_types":[],"source_id":"osm","status":"not_monitored"},"type":"Feature"},{"geometry":{"coordinates":[[[-100.017878,37.753932],[-100.017892,37.753767],[-100.017438,37.753744],[-100.017432,37.753821],[-100.017424,37.753908],[-100.017878,37.753932]]],"type":"Polygon"},"properties":{"anomaly_count":0,"asset_id":"BLD-0129","asset_type":"building","building_type":"commercial","category":"Buildings","centroid":[-100.017658,37.753838],"footprint_m2":730.5,"health_score":null,"height_m":12.5,"height_source":"lidar_3dep","is_simulated":false,"levels":4,"monitored":false,"name":null,"sensor_count":0,"sensor_types":[],"source_id":"osm","status":"not_monitored"},"type":"Feature"},{"geometry":{"coordinates":[[[-100.017537,37.750692],[-100.017522,37.750682],[-100.017503,37.75068],[-100.017485,37.750685],[-100.017473,37.750697],[-100.01747,37.750712],[-100.017477,37.750726],[-100.017492,37.750736],[-100.01751,37.750738],[-100.017528,37.750733],[-100.01754,37.750721],[-100.017543,37.750706],[-100.017537,37.750692]]],"type":"Polygon"},"properties":{"anomaly_count":0,"asset_id":"BLD-0130","asset_type":"building","building_type":"storage_tank","category":"Buildings","centroid":[-100.017507,37.750709],"footprint_m2":31.2,"health_score":null,"height_m":4.9,"height_source":"lidar_3dep","is_simulated":false,"levels":null,"monitored":false,"name":null,"sensor_count":0,"sensor_types":[],"source_id":"osm","status":"not_monitored"},"type":"Feature"},{"geometry":{"coordinates":[[[-100.017534,37.750617],[-100.017517,37.75061],[-100.017498,37.750612],[-100.017482,37.75062],[-100.017474,37.750634],[-100.017476,37.750648],[-100.017487,37.750661],[-100.017504,37.750667],[-100.017523,37.750666],[-100.017538,37.750657],[-100.017546,37.750644],[-100.017544,37.750629],[-100.017534,37.750617]]],"type":"Polygon"},"properties":{"anomaly_count":0,"asset_id":"BLD-0131","asset_type":"building","building_type":"storage_tank","category":"Buildings","centroid":[-100.01751,37.750639],"footprint_m2":30.6,"health_score":null,"height_m":4.6,"height_source":"lidar_3dep","is_simulated":false,"levels":null,"monitored":false,"name":null,"sensor_count":0,"sensor_types":[],"source_id":"osm","status":"not_monitored"},"type":"Feature"},{"geometry":{"coordinates":[[[-100.017506,37.750542],[-100.01749,37.75055],[-100.017481,37.750564],[-100.017482,37.750579],[-100.017492,37.750592],[-100.01751,37.750599],[-100.017529,37.750598],[-100.017545,37.75059],[-100.017553,37.750576],[-100.017552,37.750561],[-100.017542,37.750548],[-100.017525,37.750542],[-100.017506,37.750542]]],"type":"Polygon"},"properties":{"anomaly_count":0,"asset_id":"BLD-0132","asset_type":"building","building_type":"storage_tank","category":"Buildings","centroid":[-100.017517,37.75057],"footprint_m2":31.6,"health_score":null,"height_m":4.9,"height_source":"lidar_3dep","is_simulated":false,"levels":null,"monitored":false,"name":null,"sensor_count":0,"sensor_types":[],"source_id":"osm","status":"not_monitored"},"type":"Feature"},{"geometry":{"coordinates":[[[-100.01733,37.750553],[-100.017329,37.750568],[-100.017339,37.75058],[-100.017355,37.750588],[-100.017373,37.750588],[-100.017389,37.750581],[-100.017399,37.750568],[-100.017399,37.750553],[-100.017389,37.750541],[-100.017373,37.750533],[-100.017355,37.750533],[-100.017339,37.75054],[-100.01733,37.750553]]],"type":"Polygon"},"properties":{"anomaly_count":0,"asset_id":"BLD-0133","asset_type":"building","building_type":"storage_tank","category":"Buildings","centroid":[-100.017364,37.75056],"footprint_m2":29.6,"health_score":null,"height_m":6.4,"height_source":"lidar_3dep","is_simulated":false,"levels":null,"monitored":false,"name":null,"sensor_count":0,"sensor_types":[],"source_id":"osm","status":"not_monitored"},"type":"Feature"},{"geometry":{"coordinates":[[[-100.017322,37.750619],[-100.01732,37.750634],[-100.017327,37.750648],[-100.017342,37.750657],[-100.017361,37.750658],[-100.017378,37.750652],[-100.01739,37.75064],[-100.017392,37.750626],[-100.017384,37.750612],[-100.017369,37.750603],[-100.01735,37.750601],[-100.017333,37.750607],[-100.017322,37.750619]]],"type":"Polygon"},"properties":{"anomaly_count":0,"asset_id":"BLD-0134","asset_type":"building","building_type":"storage_tank","category":"Buildings","centroid":[-100.017356,37.75063],"footprint_m2":30.5,"health_score":null,"height_m":5.6,"height_source":"lidar_3dep","is_simulated":false,"levels":null,"monitored":false,"name":null,"sensor_count":0,"sensor_types":[],"source_id":"osm","status":"not_monitored"},"type":"Feature"},{"geometry":{"coordinates":[[[-100.017312,37.750693],[-100.017315,37.750708],[-100.017326,37.750721],[-100.017344,37.750727],[-100.017364,37.750725],[-100.017379,37.750716],[-100.017387,37.750701],[-100.017384,37.750686],[-100.017373,37.750674],[-100.017355,37.750668],[-100.017336,37.75067],[-100.01732,37.750679],[-100.017312,37.750693]]],"type":"Polygon"},"properties":{"anomaly_count":0,"asset_id":"BLD-0135","asset_type":"building","building_type":"storage_tank","category":"Buildings","centroid":[-100.01735,37.750697],"footprint_m2":32.6,"health_score":null,"height_m":6,"height_source":"lidar_3dep","is_simulated":false,"levels":null,"monitored":false,"name":null,"sensor_count":0,"sensor_types":[],"source_id":"osm","status":"not_monitored"},"type":"Feature"},{"geometry":{"coordinates":[[[-100.017307,37.750763],[-100.017309,37.750778],[-100.01732,37.75079],[-100.017337,37.750796],[-100.017356,37.750794],[-100.017371,37.750785],[-100.017378,37.750772],[-100.017376,37.750757],[-100.017366,37.750745],[-100.017348,37.750739],[-100.01733,37.750741],[-100.017315,37.75075],[-100.017307,37.750763]]],"type":"Polygon"},"properties":{"anomaly_count":0,"asset_id":"BLD-0136","asset_type":"building","building_type":"storage_tank","category":"Buildings","centroid":[-100.017343,37.750768],"footprint_m2":29.9,"health_score":null,"height_m":7.6,"height_source":"lidar_3dep","is_simulated":false,"levels":null,"monitored":false,"name":null,"sensor_count":0,"sensor_types":[],"source_id":"osm","status":"not_monitored"},"type":"Feature"},{"geometry":{"coordinates":[[[-100.017461,37.750776],[-100.017465,37.750791],[-100.017478,37.750803],[-100.017496,37.750808],[-100.017515,37.750806],[-100.01753,37.750795],[-100.017537,37.750781],[-100.017533,37.750766],[-100.01752,37.750754],[-100.017502,37.750749],[-100.017483,37.750751],[-100.017468,37.750762],[-100.017461,37.750776]]],"type":"Polygon"},"properties":{"anomaly_count":0,"asset_id":"BLD-0137","asset_type":"building","building_type":"storage_tank","category":"Buildings","centroid":[-100.017499,37.750778],"footprint_m2":33.1,"health_score":null,"height_m":7.8,"height_source":"lidar_3dep","is_simulated":false,"levels":null,"monitored":false,"name":null,"sensor_count":0,"sensor_types":[],"source_id":"osm","status":"not_monitored"},"type":"Feature"},{"geometry":{"coordinates":[[[-100.012874,37.757933],[-100.012946,37.757933],[-100.012946,37.757895],[-100.012874,37.757895],[-100.012874,37.757933]]],"type":"Polygon"},"properties":{"anomaly_count":0,"asset_id":"BLD-0138","asset_type":"building","building_type":"yes","category":"Buildings","centroid":[-100.01291,37.757914],"footprint_m2":26.2,"health_score":null,"height_m":4.5,"height_source":"estimated","is_simulated":false,"levels":null,"monitored":false,"name":null,"sensor_count":0,"sensor_types":[],"source_id":"osm","status":"not_monitored"},"type":"Feature"},{"geometry":{"coordinates":[[[-100.014543,37.758918],[-100.014344,37.75892],[-100.014346,37.759015],[-100.014544,37.759012],[-100.014543,37.758918]]],"type":"Polygon"},"properties":{"anomaly_count":0,"asset_id":"BLD-0139","asset_type":"building","building_type":"yes","category":"Buildings","centroid":[-100.014444,37.758966],"footprint_m2":182.5,"health_score":null,"height_m":8.7,"height_source":"lidar_3dep","is_simulated":false,"levels":null,"monitored":false,"name":null,"sensor_count":0,"sensor_types":[],"source_id":"osm","status":"not_monitored"},"type":"Feature"},{"geometry":{"coordinates":[[[-100.013906,37.758943],[-100.014083,37.758948],[-100.014086,37.758872],[-100.013909,37.758867],[-100.013906,37.758943]]],"type":"Polygon"},"properties":{"anomaly_count":0,"asset_id":"BLD-0140","asset_type":"building","building_type":"yes","category":"Buildings","centroid":[-100.013996,37.758907],"footprint_m2":131,"health_score":null,"height_m":5.2,"height_source":"lidar_3dep","is_simulated":false,"levels":null,"monitored":false,"name":null,"sensor_count":0,"sensor_types":[],"source_id":"osm","status":"not_monitored"},"type":"Feature"},{"geometry":{"coordinates":[[[-100.014121,37.757536],[-100.013934,37.757539],[-100.013936,37.757633],[-100.014124,37.75763],[-100.014121,37.757536]]],"type":"Polygon"},"properties":{"anomaly_count":0,"asset_id":"BLD-0141","asset_type":"building","building_type":"yes","category":"Buildings","centroid":[-100.014029,37.757585],"footprint_m2":171.5,"health_score":null,"height_m":5.6,"height_source":"lidar_3dep","is_simulated":false,"levels":null,"monitored":false,"name":null,"sensor_count":0,"sensor_types":[],"source_id":"osm","status":"not_monitored"},"type":"Feature"},{"geometry":{"coordinates":[[[-100.014724,37.75895],[-100.014813,37.758951],[-100.014814,37.758863],[-100.014726,37.758862],[-100.014724,37.75895]]],"type":"Polygon"},"properties":{"anomaly_count":0,"asset_id":"BLD-0142","asset_type":"building","building_type":"yes","category":"Buildings","centroid":[-100.014769,37.758907],"footprint_m2":75.8,"health_score":null,"height_m":3.2,"height_source":"lidar_3dep","is_simulated":false,"levels":null,"monitored":false,"name":null,"sensor_count":0,"sensor_types":[],"source_id":"osm","status":"not_monitored"},"type":"Feature"},{"geometry":{"coordinates":[[[-100.01321,37.757951],[-100.013208,37.758018],[-100.013288,37.75802],[-100.013291,37.757953],[-100.01321,37.757951]]],"type":"Polygon"},"properties":{"anomaly_count":0,"asset_id":"BLD-0143","asset_type":"building","building_type":"yes","category":"Buildings","centroid":[-100.013249,37.757985],"footprint_m2":52.5,"health_score":null,"height_m":3.4,"height_source":"lidar_3dep","is_simulated":false,"levels":null,"monitored":false,"name":null,"sensor_count":0,"sensor_types":[],"source_id":"osm","status":"not_monitored"},"type":"Feature"},{"geometry":{"coordinates":[[[-100.013237,37.757728],[-100.013312,37.757727],[-100.013307,37.757564],[-100.013232,37.757565],[-100.013237,37.757728]]],"type":"Polygon"},"properties":{"anomaly_count":0,"asset_id":"BLD-0144","asset_type":"building","building_type":"yes","category":"Buildings","centroid":[-100.013272,37.757646],"footprint_m2":119,"health_score":null,"height_m":3.4,"height_source":"lidar_3dep","is_simulated":false,"levels":null,"monitored":false,"name":null,"sensor_count":0,"sensor_types":[],"source_id":"osm","status":"not_monitored"},"type":"Feature"},{"geometry":{"coordinates":[[[-100.014383,37.758349],[-100.014385,37.758426],[-100.014542,37.758424],[-100.01454,37.758348],[-100.014383,37.758349]]],"type":"Polygon"},"properties":{"anomaly_count":0,"asset_id":"BLD-0145","asset_type":"building","building_type":"yes","category":"Buildings","centroid":[-100.014462,37.758387],"footprint_m2":116.9,"health_score":null,"height_m":3.4,"height_source":"lidar_3dep","is_simulated":false,"levels":null,"monitored":false,"name":null,"sensor_count":0,"sensor_types":[],"source_id":"osm","status":"not_monitored"},"type":"Feature"},{"geometry":{"coordinates":[[[-100.012556,37.757764],[-100.01268,37.757766],[-100.012682,37.757688],[-100.012558,37.757686],[-100.012556,37.757764]]],"type":"Polygon"},"properties":{"anomaly_count":0,"asset_id":"BLD-0146","asset_type":"building","building_type":"yes","category":"Buildings","centroid":[-100.012619,37.757726],"footprint_m2":93.8,"health_score":null,"height_m":5,"height_source":"lidar_3dep","is_simulated":false,"levels":null,"monitored":false,"name":null,"sensor_count":0,"sensor_types":[],"source_id":"osm","status":"not_monitored"},"type":"Feature"},{"geometry":{"coordinates":[[[-100.014105,37.75797],[-100.013936,37.757966],[-100.013932,37.758078],[-100.014101,37.758082],[-100.014105,37.75797]]],"type":"Polygon"},"properties":{"anomaly_count":0,"asset_id":"BLD-0147","asset_type":"building","building_type":"yes","category":"Buildings","centroid":[-100.014019,37.758024],"footprint_m2":184.3,"health_score":null,"height_m":6.8,"height_source":"lidar_3dep","is_simulated":false,"levels":null,"monitored":false,"name":null,"sensor_count":0,"sensor_types":[],"source_id":"osm","status":"not_monitored"},"type":"Feature"},{"geometry":{"coordinates":[[[-100.014253,37.758451],[-100.014176,37.75845],[-100.014176,37.75851],[-100.014252,37.75851],[-100.014253,37.758451]]],"type":"Polygon"},"properties":{"anomaly_count":0,"asset_id":"BLD-0148","asset_type":"building","building_type":"yes","category":"Buildings","centroid":[-100.014214,37.75848],"footprint_m2":44.3,"health_score":null,"height_m":3.9,"height_source":"lidar_3dep","is_simulated":false,"levels":null,"monitored":false,"name":null,"sensor_count":0,"sensor_types":[],"source_id":"osm","status":"not_monitored"},"type":"Feature"},{"geometry":{"coordinates":[[[-100.013116,37.757391],[-100.013111,37.757512],[-100.013214,37.757515],[-100.01322,37.757394],[-100.013116,37.757391]]],"type":"Polygon"},"properties":{"anomaly_count":0,"asset_id":"BLD-0149","asset_type":"building","building_type":"yes","category":"Buildings","centroid":[-100.013165,37.757453],"footprint_m2":122,"health_score":null,"height_m":5.4,"height_source":"lidar_3dep","is_simulated":false,"levels":null,"monitored":false,"name":null,"sensor_count":0,"sensor_types":[],"source_id":"osm","status":"not_monitored"},"type":"Feature"},{"geometry":{"coordinates":[[[-100.0141,37.758653],[-100.01392,37.758653],[-100.013921,37.758728],[-100.0141,37.758727],[-100.0141,37.758653]]],"type":"Polygon"},"properties":{"anomaly_count":0,"asset_id":"BLD-0150","asset_type":"building","building_type":"yes","category":"Buildings","centroid":[-100.01401,37.75869],"footprint_m2":130.1,"health_score":null,"height_m":5,"height_source":"lidar_3dep","is_simulated":false,"levels":null,"monitored":false,"name":null,"sensor_count":0,"sensor_types":[],"source_id":"osm","status":"not_monitored"},"type":"Feature"},{"geometry":{"coordinates":[[[-100.012677,37.757625],[-100.012678,37.757539],[-100.0126,37.757538],[-100.0126,37.757575],[-100.012539,37.757575],[-100.012538,37.757623],[-100.012677,37.757625]]],"type":"Polygon"},"properties":{"anomaly_count":0,"asset_id":"BLD-0151","asset_type":"building","building_type":"yes","category":"Buildings","centroid":[-100.012617,37.757587],"footprint_m2":93.8,"health_score":null,"height_m":5.2,"height_source":"lidar_3dep","is_simulated":false,"levels":null,"monitored":false,"name":null,"sensor_count":0,"sensor_types":[],"source_id":"osm","status":"not_monitored"},"type":"Feature"},{"geometry":{"coordinates":[[[-100.012595,37.75807],[-100.01269,37.758072],[-100.012692,37.758022],[-100.012678,37.758022],[-100.01268,37.757964],[-100.012595,37.757962],[-100.012593,37.757997],[-100.012553,37.757996],[-100.012551,37.758041],[-100.012597,37.758042],[-100.012595,37.75807]]],"type":"Polygon"},"properties":{"anomaly_count":0,"asset_id":"BLD-0152","asset_type":"building","building_type":"yes","category":"Buildings","centroid":[-100.012629,37.758019],"footprint_m2":113.1,"health_score":null,"height_m":4.4,"height_source":"lidar_3dep","is_simulated":false,"levels":null,"monitored":false,"name":null,"sensor_count":0,"sensor_types":[],"source_id":"osm","status":"not_monitored"},"type":"Feature"},{"geometry":{"coordinates":[[[-100.012553,37.757912],[-100.012721,37.757916],[-100.012724,37.757842],[-100.012556,37.757838],[-100.012553,37.757912]]],"type":"Polygon"},"properties":{"anomaly_count":0,"asset_id":"BLD-0153","asset_type":"building","building_type":"yes","category":"Buildings","centroid":[-100.012638,37.757877],"footprint_m2":121.1,"health_score":null,"height_m":4.9,"height_source":"lidar_3dep","is_simulated":false,"levels":null,"monitored":false,"name":null,"sensor_count":0,"sensor_types":[],"source_id":"osm","status":"not_monitored"},"type":"Feature"},{"geometry":{"coordinates":[[[-100.014388,37.757688],[-100.014384,37.757788],[-100.014467,37.75779],[-100.014471,37.75769],[-100.014388,37.757688]]],"type":"Polygon"},"properties":{"anomaly_count":0,"asset_id":"BLD-0154","asset_type":"building","building_type":"yes","category":"Buildings","centroid":[-100.014427,37.757739],"footprint_m2":80.8,"health_score":null,"height_m":3.7,"height_source":"lidar_3dep","is_simulated":false,"levels":null,"monitored":false,"name":null,"sensor_count":0,"sensor_types":[],"source_id":"osm","status":"not_monitored"},"type":"Feature"},{"geometry":{"coordinates":[[[-100.013966,37.757434],[-100.013964,37.757513],[-100.014076,37.757515],[-100.014078,37.757435],[-100.013966,37.757434]]],"type":"Polygon"},"properties":{"anomaly_count":0,"asset_id":"BLD-0155","asset_type":"building","building_type":"yes","category":"Buildings","centroid":[-100.014021,37.757474],"footprint_m2":86.7,"health_score":null,"height_m":4.1,"height_source":"lidar_3dep","is_simulated":false,"levels":null,"monitored":false,"name":null,"sensor_count":0,"sensor_types":[],"source_id":"osm","status":"not_monitored"},"type":"Feature"},{"geometry":{"coordinates":[[[-100.01412,37.758393],[-100.014122,37.758304],[-100.013938,37.758302],[-100.013937,37.758391],[-100.01412,37.758393]]],"type":"Polygon"},"properties":{"anomaly_count":0,"asset_id":"BLD-0156","asset_type":"building","building_type":"yes","category":"Buildings","centroid":[-100.014029,37.758347],"footprint_m2":158.9,"health_score":null,"height_m":6.1,"height_source":"lidar_3dep","is_simulated":false,"levels":null,"monitored":false,"name":null,"sensor_count":0,"sensor_types":[],"source_id":"osm","status":"not_monitored"},"type":"Feature"},{"geometry":{"coordinates":[[[-100.014717,37.757417],[-100.014564,37.757415],[-100.014562,37.757519],[-100.014685,37.757521],[-100.014686,37.757489],[-100.014715,37.757489],[-100.014717,37.757417]]],"type":"Polygon"},"properties":{"anomaly_count":0,"asset_id":"BLD-0157","asset_type":"building","building_type":"yes","category":"Buildings","centroid":[-100.014635,37.757466],"footprint_m2":145.6,"health_score":null,"height_m":5.4,"height_source":"lidar_3dep","is_simulated":false,"levels":null,"monitored":false,"name":null,"sensor_count":0,"sensor_types":[],"source_id":"osm","status":"not_monitored"},"type":"Feature"},{"geometry":{"coordinates":[[[-100.014164,37.758041],[-100.014265,37.758042],[-100.014266,37.757955],[-100.014166,37.757954],[-100.014164,37.758041]]],"type":"Polygon"},"properties":{"anomaly_count":0,"asset_id":"BLD-0158","asset_type":"building","building_type":"yes","category":"Buildings","centroid":[-100.014215,37.757998],"footprint_m2":85.1,"health_score":null,"height_m":5.8,"height_source":"lidar_3dep","is_simulated":false,"levels":null,"monitored":false,"name":null,"sensor_count":0,"sensor_types":[],"source_id":"osm","status":"not_monitored"},"type":"Feature"},{"geometry":{"coordinates":[[[-100.014912,37.757784],[-100.015078,37.757781],[-100.015075,37.757681],[-100.014908,37.757685],[-100.014912,37.757784]]],"type":"Polygon"},"properties":{"anomaly_count":0,"asset_id":"BLD-0159","asset_type":"building","building_type":"yes","category":"Buildings","centroid":[-100.014993,37.757733],"footprint_m2":161.3,"health_score":null,"height_m":5.5,"height_source":"lidar_3dep","is_simulated":false,"levels":null,"monitored":false,"name":null,"sensor_count":0,"sensor_types":[],"source_id":"osm","status":"not_monitored"},"type":"Feature"},{"geometry":{"coordinates":[[[-100.014178,37.75852],[-100.014178,37.758582],[-100.014253,37.758582],[-100.014253,37.75852],[-100.014178,37.75852]]],"type":"Polygon"},"properties":{"anomaly_count":0,"asset_id":"BLD-0160","asset_type":"building","building_type":"yes","category":"Buildings","centroid":[-100.014216,37.758551],"footprint_m2":45.2,"health_score":null,"height_m":5.5,"height_source":"lidar_3dep","is_simulated":false,"levels":null,"monitored":false,"name":null,"sensor_count":0,"sensor_types":[],"source_id":"osm","status":"not_monitored"},"type":"Feature"},{"geometry":{"coordinates":[[[-100.01447,37.75742],[-100.014374,37.757418],[-100.01437,37.757516],[-100.014467,37.757518],[-100.01447,37.75742]]],"type":"Polygon"},"properties":{"anomaly_count":0,"asset_id":"BLD-0161","asset_type":"building","building_type":"yes","category":"Buildings","centroid":[-100.01442,37.757468],"footprint_m2":92.1,"health_score":null,"height_m":5.2,"height_source":"lidar_3dep","is_simulated":false,"levels":null,"monitored":false,"name":null,"sensor_count":0,"sensor_types":[],"source_id":"osm","status":"not_monitored"},"type":"Feature"},{"geometry":{"coordinates":[[[-100.013937,37.758749],[-100.013936,37.758833],[-100.014093,37.758835],[-100.014094,37.75875],[-100.013937,37.758749]]],"type":"Polygon"},"properties":{"anomaly_count":0,"asset_id":"BLD-0162","asset_type":"building","building_type":"yes","category":"Buildings","centroid":[-100.014015,37.758792],"footprint_m2":129.1,"health_score":null,"height_m":4.9,"height_source":"lidar_3dep","is_simulated":false,"levels":null,"monitored":false,"name":null,"sensor_count":0,"sensor_types":[],"source_id":"osm","status":"not_monitored"},"type":"Feature"},{"geometry":{"coordinates":[[[-100.014957,37.757926],[-100.015078,37.757924],[-100.015075,37.757845],[-100.014898,37.757849],[-100.0149,37.757905],[-100.014956,37.757904],[-100.014957,37.757926]]],"type":"Polygon"},"properties":{"anomaly_count":0,"asset_id":"BLD-0163","asset_type":"building","building_type":"yes","category":"Buildings","centroid":[-100.014994,37.757883],"footprint_m2":123.3,"health_score":null,"height_m":5,"height_source":"lidar_3dep","is_simulated":false,"levels":null,"monitored":false,"name":null,"sensor_count":0,"sensor_types":[],"source_id":"osm","status":"not_monitored"},"type":"Feature"},{"geometry":{"coordinates":[[[-100.014102,37.757825],[-100.013965,37.757822],[-100.013962,37.757911],[-100.014099,37.757914],[-100.014102,37.757825]]],"type":"Polygon"},"properties":{"anomaly_count":0,"asset_id":"BLD-0164","asset_type":"building","building_type":"yes","category":"Buildings","centroid":[-100.014032,37.757868],"footprint_m2":118.7,"health_score":null,"height_m":4.9,"height_source":"lidar_3dep","is_simulated":false,"levels":null,"monitored":false,"name":null,"sensor_count":0,"sensor_types":[],"source_id":"osm","status":"not_monitored"},"type":"Feature"},{"geometry":{"coordinates":[[[-100.013923,37.758978],[-100.013921,37.759062],[-100.014117,37.759065],[-100.014118,37.759014],[-100.01407,37.759013],[-100.014071,37.75898],[-100.013923,37.758978]]],"type":"Polygon"},"properties":{"anomaly_count":0,"asset_id":"BLD-0165","asset_type":"building","building_type":"yes","category":"Buildings","centroid":[-100.014012,37.759024],"footprint_m2":145,"health_score":null,"height_m":4.7,"height_source":"lidar_3dep","is_simulated":false,"levels":null,"monitored":false,"name":null,"sensor_count":0,"sensor_types":[],"source_id":"osm","status":"not_monitored"},"type":"Feature"},{"geometry":{"coordinates":[[[-100.014194,37.758953],[-100.014194,37.759017],[-100.014271,37.759017],[-100.014271,37.758953],[-100.014194,37.758953]]],"type":"Polygon"},"properties":{"anomaly_count":0,"asset_id":"BLD-0166","asset_type":"building","building_type":"yes","category":"Buildings","centroid":[-100.014233,37.758985],"footprint_m2":47.9,"health_score":null,"height_m":3.7,"height_source":"lidar_3dep","is_simulated":false,"levels":null,"monitored":false,"name":null,"sensor_count":0,"sensor_types":[],"source_id":"osm","status":"not_monitored"},"type":"Feature"},{"geometry":{"coordinates":[[[-100.013363,37.757787],[-100.013508,37.757789],[-100.013509,37.757742],[-100.013541,37.757742],[-100.013541,37.757706],[-100.013365,37.757704],[-100.013363,37.757787]]],"type":"Polygon"},"properties":{"anomaly_count":0,"asset_id":"BLD-0167","asset_type":"building","building_type":"yes","category":"Buildings","centroid":[-100.013444,37.757745],"footprint_m2":128.4,"health_score":null,"height_m":6.6,"height_source":"lidar_3dep","is_simulated":false,"levels":null,"monitored":false,"name":null,"sensor_count":0,"sensor_types":[],"source_id":"osm","status":"not_monitored"},"type":"Feature"},{"geometry":{"coordinates":[[[-100.014778,37.75808],[-100.014855,37.758078],[-100.014853,37.758029],[-100.014776,37.758031],[-100.014778,37.75808]]],"type":"Polygon"},"properties":{"anomaly_count":0,"asset_id":"BLD-0168","asset_type":"building","building_type":"yes","category":"Buildings","centroid":[-100.014815,37.758055],"footprint_m2":36.7,"health_score":null,"height_m":3,"height_source":"lidar_3dep","is_simulated":false,"levels":null,"monitored":false,"name":null,"sensor_count":0,"sensor_types":[],"source_id":"osm","status":"not_monitored"},"type":"Feature"},{"geometry":{"coordinates":[[[-100.013942,37.75854],[-100.01394,37.758612],[-100.014093,37.758615],[-100.014095,37.758543],[-100.013942,37.75854]]],"type":"Polygon"},"properties":{"anomaly_count":0,"asset_id":"BLD-0169","asset_type":"building","building_type":"yes","category":"Buildings","centroid":[-100.014017,37.758578],"footprint_m2":107.2,"health_score":null,"height_m":6.8,"height_source":"lidar_3dep","is_simulated":false,"levels":null,"monitored":false,"name":null,"sensor_count":0,"sensor_types":[],"source_id":"osm","status":"not_monitored"},"type":"Feature"},{"geometry":{"coordinates":[[[-100.015543,37.758674],[-100.015783,37.758683],[-100.015786,37.758622],[-100.016024,37.75863],[-100.016023,37.75864],[-100.016063,37.758641],[-100.01606,37.758682],[-100.015843,37.758674],[-100.015834,37.758825],[-100.016079,37.758834],[-100.016073,37.758927],[-100.016047,37.758926],[-100.016049,37.758892],[-100.015765,37.758882],[-100.015769,37.758803],[-100.015686,37.7588],[-100.015684,37.75884],[-100.015589,37.758837],[-100.01558,37.75901],[-100.015957,37.759024],[-100.015961,37.758948],[-100.016025,37.758951],[-100.01602,37.759027],[-100.016278,37.759036],[-100.016282,37.75897],[-100.016265,37.75897],[-100.016288,37.758563],[-100.016314,37.758564],[-100.016318,37.758498],[-100.016065,37.758489],[-100.016061,37.758562],[-100.015967,37.758559],[-100.015972,37.758478],[-100.016013,37.75848],[-100.016015,37.758444],[-100.016031,37.758444],[-100.016034,37.758394],[-100.016023,37.758394],[-100.01603,37.758278],[-100.015985,37.758276],[-100.015986,37.758266],[-100.015567,37.758251],[-100.015543,37.758674]]],"type":"Polygon"},"properties":{"anomaly_count":2,"asset_id":"BLD-0170","asset_type":"building","building_type":"yes","category":"Buildings","centroid":[-100.01591,37.758651],"footprint_m2":3921.7,"health_score":89,"height_m":11.1,"height_source":"lidar_3dep","is_simulated":false,"levels":null,"monitored":true,"name":null,"sensor_count":1,"sensor_types":["vibration"],"source_id":"osm","status":"watch"},"type":"Feature"},{"geometry":{"coordinates":[[[-100.014228,37.758374],[-100.014305,37.758373],[-100.014304,37.758309],[-100.014226,37.758309],[-100.014228,37.758374]]],"type":"Polygon"},"properties":{"anomaly_count":0,"asset_id":"BLD-0171","asset_type":"building","building_type":"yes","category":"Buildings","centroid":[-100.014266,37.758341],"footprint_m2":48.6,"health_score":null,"height_m":4.1,"height_source":"lidar_3dep","is_simulated":false,"levels":null,"monitored":false,"name":null,"sensor_count":0,"sensor_types":[],"source_id":"osm","status":"not_monitored"},"type":"Feature"},{"geometry":{"coordinates":[[[-100.012879,37.757796],[-100.012956,37.757797],[-100.012958,37.75773],[-100.01288,37.757729],[-100.012879,37.757796]]],"type":"Polygon"},"properties":{"anomaly_count":0,"asset_id":"BLD-0172","asset_type":"building","building_type":"yes","category":"Buildings","centroid":[-100.012918,37.757763],"footprint_m2":50.5,"health_score":null,"height_m":4.1,"height_source":"lidar_3dep","is_simulated":false,"levels":null,"monitored":false,"name":null,"sensor_count":0,"sensor_types":[],"source_id":"osm","status":"not_monitored"},"type":"Feature"},{"geometry":{"coordinates":[[[-100.013946,37.757688],[-100.013943,37.757762],[-100.014074,37.757765],[-100.014077,37.757691],[-100.013946,37.757688]]],"type":"Polygon"},"properties":{"anomaly_count":0,"asset_id":"BLD-0173","asset_type":"building","building_type":"yes","category":"Buildings","centroid":[-100.01401,37.757726],"footprint_m2":94.4,"health_score":null,"height_m":7.8,"height_source":"lidar_3dep","is_simulated":false,"levels":null,"monitored":false,"name":null,"sensor_count":0,"sensor_types":[],"source_id":"osm","status":"not_monitored"},"type":"Feature"},{"geometry":{"coordinates":[[[-100.014905,37.757659],[-100.015089,37.757656],[-100.015086,37.757571],[-100.014902,37.757575],[-100.014905,37.757659]]],"type":"Polygon"},"properties":{"anomaly_count":0,"asset_id":"BLD-0174","asset_type":"building","building_type":"yes","category":"Buildings","centroid":[-100.014996,37.757615],"footprint_m2":151.4,"health_score":null,"height_m":8,"height_source":"lidar_3dep","is_simulated":false,"levels":null,"monitored":false,"name":null,"sensor_count":0,"sensor_types":[],"source_id":"osm","status":"not_monitored"},"type":"Feature"},{"geometry":{"coordinates":[[[-100.015094,37.757399],[-100.015017,37.757399],[-100.015016,37.757448],[-100.014933,37.757448],[-100.014933,37.75749],[-100.014816,37.75749],[-100.014816,37.757557],[-100.015094,37.757557],[-100.015094,37.757399]]],"type":"Polygon"},"properties":{"anomaly_count":0,"asset_id":"BLD-0175","asset_type":"building","building_type":"yes","category":"Buildings","centroid":[-100.014982,37.757498],"footprint_m2":283.9,"health_score":null,"height_m":5.3,"height_source":"lidar_3dep","is_simulated":false,"levels":null,"monitored":false,"name":null,"sensor_count":0,"sensor_types":[],"source_id":"osm","status":"not_monitored"},"type":"Feature"},{"geometry":{"coordinates":[[[-100.012889,37.757491],[-100.012993,37.757492],[-100.012994,37.757398],[-100.012889,37.757398],[-100.012889,37.757491]]],"type":"Polygon"},"properties":{"anomaly_count":0,"asset_id":"BLD-0176","asset_type":"building","building_type":"yes","category":"Buildings","centroid":[-100.012941,37.757445],"footprint_m2":95.1,"health_score":null,"height_m":6.7,"height_source":"lidar_3dep","is_simulated":false,"levels":null,"monitored":false,"name":null,"sensor_count":0,"sensor_types":[],"source_id":"osm","status":"not_monitored"},"type":"Feature"},{"geometry":{"coordinates":[[[-100.012669,37.757405],[-100.012546,37.757403],[-100.012543,37.757507],[-100.012666,37.757509],[-100.012669,37.757405]]],"type":"Polygon"},"properties":{"anomaly_count":0,"asset_id":"BLD-0177","asset_type":"building","building_type":"yes","category":"Buildings","centroid":[-100.012606,37.757456],"footprint_m2":124.5,"health_score":null,"height_m":6.2,"height_source":"lidar_3dep","is_simulated":false,"levels":null,"monitored":false,"name":null,"sensor_count":0,"sensor_types":[],"source_id":"osm","status":"not_monitored"},"type":"Feature"},{"geometry":{"coordinates":[[[-100.014911,37.758059],[-100.015097,37.758056],[-100.015093,37.757943],[-100.014907,37.757947],[-100.014911,37.758059]]],"type":"Polygon"},"properties":{"anomaly_count":0,"asset_id":"BLD-0178","asset_type":"building","building_type":"yes","category":"Buildings","centroid":[-100.015002,37.758001],"footprint_m2":203.7,"health_score":null,"height_m":8.2,"height_source":"lidar_3dep","is_simulated":false,"levels":null,"monitored":false,"name":null,"sensor_count":0,"sensor_types":[],"source_id":"osm","status":"not_monitored"},"type":"Feature"},{"geometry":{"coordinates":[[[-100.014486,37.757602],[-100.014425,37.757603],[-100.014426,37.757658],[-100.014487,37.757657],[-100.014486,37.757602]]],"type":"Polygon"},"properties":{"anomaly_count":0,"asset_id":"BLD-0179","asset_type":"building","building_type":"yes","category":"Buildings","centroid":[-100.014456,37.75763],"footprint_m2":32.6,"health_score":null,"height_m":2.5,"height_source":"lidar_3dep","is_simulated":false,"levels":null,"monitored":false,"name":null,"sensor_count":0,"sensor_types":[],"source_id":"osm","status":"not_monitored"},"type":"Feature"},{"geometry":{"coordinates":[[[-100.013203,37.757942],[-100.013286,37.757943],[-100.013288,37.757877],[-100.013205,37.757876],[-100.013203,37.757942]]],"type":"Polygon"},"properties":{"anomaly_count":0,"asset_id":"BLD-0180","asset_type":"building","building_type":"yes","category":"Buildings","centroid":[-100.013245,37.757909],"footprint_m2":53.3,"health_score":null,"height_m":3.5,"height_source":"lidar_3dep","is_simulated":false,"levels":null,"monitored":false,"name":null,"sensor_count":0,"sensor_types":[],"source_id":"osm","status":"not_monitored"},"type":"Feature"},{"geometry":{"coordinates":[[[-100.013941,37.758428],[-100.013939,37.758501],[-100.014092,37.758503],[-100.014094,37.75843],[-100.013941,37.758428]]],"type":"Polygon"},"properties":{"anomaly_count":0,"asset_id":"BLD-0181","asset_type":"building","building_type":"yes","category":"Buildings","centroid":[-100.014016,37.758465],"footprint_m2":108.7,"health_score":null,"height_m":6.7,"height_source":"lidar_3dep","is_simulated":false,"levels":null,"monitored":false,"name":null,"sensor_count":0,"sensor_types":[],"source_id":"osm","status":"not_monitored"},"type":"Feature"},{"geometry":{"coordinates":[[[-100.014125,37.757622],[-100.014126,37.757658],[-100.014212,37.757657],[-100.014209,37.757534],[-100.014152,37.757535],[-100.014155,37.757622],[-100.014125,37.757622]]],"type":"Polygon"},"properties":{"anomaly_count":0,"asset_id":"BLD-0182","asset_type":"building","building_type":"yes","category":"Buildings","centroid":[-100.014177,37.757602],"footprint_m2":77.9,"health_score":null,"height_m":3.8,"height_source":"lidar_3dep","is_simulated":false,"levels":null,"monitored":false,"name":null,"sensor_count":0,"sensor_types":[],"source_id":"osm","status":"not_monitored"},"type":"Feature"},{"geometry":{"coordinates":[[[-100.013531,37.757493],[-100.01353,37.75743],[-100.013377,37.757432],[-100.013378,37.757495],[-100.013531,37.757493]]],"type":"Polygon"},"properties":{"anomaly_count":0,"asset_id":"BLD-0183","asset_type":"building","building_type":"yes","category":"Buildings","centroid":[-100.013454,37.757463],"footprint_m2":93.8,"health_score":null,"height_m":6.1,"height_source":"lidar_3dep","is_simulated":false,"levels":null,"monitored":false,"name":null,"sensor_count":0,"sensor_types":[],"source_id":"osm","status":"not_monitored"},"type":"Feature"},{"geometry":{"coordinates":[[[-100.012992,37.758508],[-100.012858,37.758511],[-100.01286,37.75855],[-100.01294,37.758548],[-100.012993,37.758546],[-100.012992,37.758508]]],"type":"Polygon"},"properties":{"anomaly_count":0,"asset_id":"BLD-0184","asset_type":"building","building_type":"yes","category":"Buildings","centroid":[-100.012926,37.758529],"footprint_m2":50,"health_score":null,"height_m":3.5,"height_source":"lidar_3dep","is_simulated":false,"levels":null,"monitored":false,"name":null,"sensor_count":0,"sensor_types":[],"source_id":"osm","status":"not_monitored"},"type":"Feature"},{"geometry":{"coordinates":[[[-100.011356,37.758463],[-100.011278,37.758462],[-100.011277,37.75852],[-100.011354,37.758522],[-100.011356,37.758463]]],"type":"Polygon"},"properties":{"anomaly_count":0,"asset_id":"BLD-0185","asset_type":"building","building_type":"yes","category":"Buildings","centroid":[-100.011316,37.758492],"footprint_m2":44.2,"health_score":null,"height_m":6.3,"height_source":"lidar_3dep","is_simulated":false,"levels":null,"monitored":false,"name":null,"sensor_count":0,"sensor_types":[],"source_id":"osm","status":"not_monitored"},"type":"Feature"},{"geometry":{"coordinates":[[[-100.011494,37.759059],[-100.011511,37.759059],[-100.011512,37.758981],[-100.011399,37.758979],[-100.011398,37.759011],[-100.011417,37.759012],[-100.011416,37.759058],[-100.01143,37.759058],[-100.011429,37.759077],[-100.011494,37.759078],[-100.011494,37.759059]]],"type":"Polygon"},"properties":{"anomaly_count":0,"asset_id":"BLD-0186","asset_type":"building","building_type":"yes","category":"Buildings","centroid":[-100.01146,37.759024],"footprint_m2":89.8,"health_score":null,"height_m":4.5,"height_source":"lidar_3dep","is_simulated":false,"levels":null,"monitored":false,"name":null,"sensor_count":0,"sensor_types":[],"source_id":"osm","status":"not_monitored"},"type":"Feature"},{"geometry":{"coordinates":[[[-100.01123,37.75907],[-100.01123,37.759056],[-100.01124,37.759056],[-100.011242,37.758984],[-100.011254,37.758985],[-100.011255,37.758952],[-100.011126,37.75895],[-100.011125,37.758982],[-100.011151,37.758982],[-100.011149,37.759055],[-100.011159,37.759055],[-100.011159,37.759069],[-100.01123,37.75907]]],"type":"Polygon"},"properties":{"anomaly_count":0,"asset_id":"BLD-0187","asset_type":"building","building_type":"yes","category":"Buildings","centroid":[-100.011194,37.759004],"footprint_m2":114.8,"health_score":null,"height_m":4.7,"height_source":"lidar_3dep","is_simulated":false,"levels":null,"monitored":false,"name":null,"sensor_count":0,"sensor_types":[],"source_id":"osm","status":"not_monitored"},"type":"Feature"},{"geometry":{"coordinates":[[[-100.011213,37.758029],[-100.011121,37.758028],[-100.011121,37.758087],[-100.011212,37.758088],[-100.011213,37.758029]]],"type":"Polygon"},"properties":{"anomaly_count":0,"asset_id":"BLD-0188","asset_type":"building","building_type":"yes","category":"Buildings","centroid":[-100.011167,37.758058],"footprint_m2":52.5,"health_score":null,"height_m":4.3,"height_source":"lidar_3dep","is_simulated":false,"levels":null,"monitored":false,"name":null,"sensor_count":0,"sensor_types":[],"source_id":"osm","status":"not_monitored"},"type":"Feature"},{"geometry":{"coordinates":[[[-100.01112,37.757936],[-100.011251,37.757936],[-100.011251,37.757856],[-100.01112,37.757855],[-100.01112,37.757936]]],"type":"Polygon"},"properties":{"anomaly_count":0,"asset_id":"BLD-0189","asset_type":"building","building_type":"yes","category":"Buildings","centroid":[-100.011185,37.757896],"footprint_m2":102.6,"health_score":null,"height_m":4.6,"height_source":"lidar_3dep","is_simulated":false,"levels":null,"monitored":false,"name":null,"sensor_count":0,"sensor_types":[],"source_id":"osm","status":"not_monitored"},"type":"Feature"},{"geometry":{"coordinates":[[[-100.010351,37.757987],[-100.01035,37.758063],[-100.010597,37.758066],[-100.010598,37.757989],[-100.010351,37.757987]]],"type":"Polygon"},"properties":{"anomaly_count":0,"asset_id":"BLD-0190","asset_type":"building","building_type":"yes","category":"Buildings","centroid":[-100.010474,37.758026],"footprint_m2":183.8,"health_score":null,"height_m":3.6,"height_source":"lidar_3dep","is_simulated":false,"levels":null,"monitored":false,"name":null,"sensor_count":0,"sensor_types":[],"source_id":"osm","status":"not_monitored"},"type":"Feature"},{"geometry":{"coordinates":[[[-100.009791,37.757618],[-100.009885,37.75762],[-100.009885,37.757591],[-100.009924,37.757591],[-100.009924,37.757555],[-100.009792,37.757554],[-100.009791,37.757618]]],"type":"Polygon"},"properties":{"anomaly_count":0,"asset_id":"BLD-0191","asset_type":"building","building_type":"yes","category":"Buildings","centroid":[-100.009851,37.757584],"footprint_m2":72.1,"health_score":null,"height_m":3.7,"height_source":"lidar_3dep","is_simulated":false,"levels":null,"monitored":false,"name":null,"sensor_count":0,"sensor_types":[],"source_id":"osm","status":"not_monitored"},"type":"Feature"},{"geometry":{"coordinates":[[[-100.010755,37.757701],[-100.010652,37.757702],[-100.010652,37.757717],[-100.010626,37.757718],[-100.010627,37.757778],[-100.010756,37.757777],[-100.010755,37.757701]]],"type":"Polygon"},"properties":{"anomaly_count":0,"asset_id":"BLD-0192","asset_type":"building","building_type":"yes","category":"Buildings","centroid":[-100.010693,37.757741],"footprint_m2":91.7,"health_score":null,"height_m":5.4,"height_source":"lidar_3dep","is_simulated":false,"levels":null,"monitored":false,"name":null,"sensor_count":0,"sensor_types":[],"source_id":"osm","status":"not_monitored"},"type":"Feature"},{"geometry":{"coordinates":[[[-100.011283,37.758537],[-100.01116,37.758539],[-100.011162,37.758625],[-100.011319,37.758622],[-100.011317,37.758568],[-100.011284,37.758569],[-100.011283,37.758537]]],"type":"Polygon"},"properties":{"anomaly_count":0,"asset_id":"BLD-0193","asset_type":"building","building_type":"yes","category":"Buildings","centroid":[-100.011234,37.758583],"footprint_m2":120.4,"health_score":null,"height_m":5.5,"height_source":"lidar_3dep","is_simulated":false,"levels":null,"monitored":false,"name":null,"sensor_count":0,"sensor_types":[],"source_id":"osm","status":"not_monitored"},"type":"Feature"},{"geometry":{"coordinates":[[[-100.012534,37.759394],[-100.01253,37.759457],[-100.012548,37.759458],[-100.012546,37.759496],[-100.012663,37.7595],[-100.012668,37.759399],[-100.012534,37.759394]]],"type":"Polygon"},"properties":{"anomaly_count":0,"asset_id":"BLD-0194","asset_type":"building","building_type":"yes","category":"Buildings","centroid":[-100.012601,37.759446],"footprint_m2":125.9,"health_score":null,"height_m":5.9,"height_source":"lidar_3dep","is_simulated":false,"levels":null,"monitored":false,"name":null,"sensor_count":0,"sensor_types":[],"source_id":"osm","status":"not_monitored"},"type":"Feature"},{"geometry":{"coordinates":[[[-100.012978,37.758949],[-100.012878,37.758948],[-100.012875,37.759054],[-100.012926,37.759055],[-100.012926,37.759074],[-100.012975,37.759075],[-100.012978,37.758949]]],"type":"Polygon"},"properties":{"anomaly_count":0,"asset_id":"BLD-0195","asset_type":"building","building_type":"yes","category":"Buildings","centroid":[-100.012929,37.759007],"footprint_m2":113,"health_score":null,"height_m":4.2,"height_source":"lidar_3dep","is_simulated":false,"levels":null,"monitored":false,"name":null,"sensor_count":0,"sensor_types":[],"source_id":"osm","status":"not_monitored"},"type":"Feature"},{"geometry":{"coordinates":[[[-100.013166,37.759877],[-100.013257,37.759875],[-100.013255,37.759809],[-100.013164,37.759811],[-100.013166,37.759877]]],"type":"Polygon"},"properties":{"anomaly_count":0,"asset_id":"BLD-0196","asset_type":"building","building_type":"yes","category":"Buildings","centroid":[-100.01321,37.759843],"footprint_m2":58.5,"health_score":null,"height_m":3.8,"height_source":"lidar_3dep","is_simulated":false,"levels":null,"monitored":false,"name":null,"sensor_count":0,"sensor_types":[],"source_id":"osm","status":"not_monitored"},"type":"Feature"},{"geometry":{"coordinates":[[[-100.013149,37.758502],[-100.013224,37.758501],[-100.013222,37.758426],[-100.013147,37.758428],[-100.013149,37.758502]]],"type":"Polygon"},"properties":{"anomaly_count":0,"asset_id":"BLD-0197","asset_type":"building","building_type":"yes","category":"Buildings","centroid":[-100.013186,37.758464],"footprint_m2":54.4,"health_score":null,"height_m":3.9,"height_source":"lidar_3dep","is_simulated":false,"levels":null,"monitored":false,"name":null,"sensor_count":0,"sensor_types":[],"source_id":"osm","status":"not_monitored"},"type":"Feature"},{"geometry":{"coordinates":[[[-100.01171,37.757669],[-100.011708,37.757754],[-100.011845,37.757756],[-100.011847,37.757671],[-100.01171,37.757669]]],"type":"Polygon"},"properties":{"anomaly_count":0,"asset_id":"BLD-0198","asset_type":"building","building_type":"yes","category":"Buildings","centroid":[-100.011777,37.757712],"footprint_m2":113.3,"health_score":null,"height_m":4.5,"height_source":"lidar_3dep","is_simulated":false,"levels":null,"monitored":false,"name":null,"sensor_count":0,"sensor_types":[],"source_id":"osm","status":"not_monitored"},"type":"Feature"},{"geometry":{"coordinates":[[[-100.012532,37.758788],[-100.012672,37.758786],[-100.01267,37.758708],[-100.012531,37.75871],[-100.012532,37.758788]]],"type":"Polygon"},"properties":{"anomaly_count":0,"asset_id":"BLD-0199","asset_type":"building","building_type":"yes","category":"Buildings","centroid":[-100.012601,37.758748],"footprint_m2":105.9,"health_score":null,"height_m":4.2,"height_source":"lidar_3dep","is_simulated":false,"levels":null,"monitored":false,"name":null,"sensor_count":0,"sensor_types":[],"source_id":"osm","status":"not_monitored"},"type":"Feature"},{"geometry":{"coordinates":[[[-100.0125,37.758845],[-100.012501,37.758923],[-100.012705,37.758921],[-100.012704,37.758843],[-100.0125,37.758845]]],"type":"Polygon"},"properties":{"anomaly_count":0,"asset_id":"BLD-0200","asset_type":"building","building_type":"yes","category":"Buildings","centroid":[-100.012602,37.758883],"footprint_m2":154.8,"health_score":null,"height_m":5.8,"height_source":"lidar_3dep","is_simulated":false,"levels":null,"monitored":false,"name":null,"sensor_count":0,"sensor_types":[],"source_id":"osm","status":"not_monitored"},"type":"Feature"},{"geometry":{"coordinates":[[[-100.010617,37.757418],[-100.010619,37.757488],[-100.010777,37.757486],[-100.010775,37.757415],[-100.010617,37.757418]]],"type":"Polygon"},"properties":{"anomaly_count":0,"asset_id":"BLD-0201","asset_type":"building","building_type":"yes","category":"Buildings","centroid":[-100.010697,37.757452],"footprint_m2":108.4,"health_score":null,"height_m":4.7,"height_source":"lidar_3dep","is_simulated":false,"levels":null,"monitored":false,"name":null,"sensor_count":0,"sensor_types":[],"source_id":"osm","status":"not_monitored"},"type":"Feature"},{"geometry":{"coordinates":[[[-100.012525,37.75845],[-100.012524,37.75853],[-100.012657,37.758531],[-100.012657,37.758514],[-100.012691,37.758514],[-100.012691,37.758459],[-100.01266,37.758458],[-100.012661,37.758407],[-100.01255,37.758406],[-100.012549,37.75845],[-100.012525,37.75845]]],"type":"Polygon"},"properties":{"anomaly_count":0,"asset_id":"BLD-0202","asset_type":"building","building_type":"yes","category":"Buildings","centroid":[-100.012604,37.758472],"footprint_m2":168.9,"health_score":null,"height_m":5.3,"height_source":"lidar_3dep","is_simulated":false,"levels":null,"monitored":false,"name":null,"sensor_count":0,"sensor_types":[],"source_id":"osm","status":"not_monitored"},"type":"Feature"},{"geometry":{"coordinates":[[[-100.013002,37.758287],[-100.012782,37.758284],[-100.01278,37.75838],[-100.013,37.758383],[-100.013002,37.758287]]],"type":"Polygon"},"properties":{"anomaly_count":0,"asset_id":"BLD-0203","asset_type":"building","building_type":"yes","category":"Buildings","centroid":[-100.012891,37.758333],"footprint_m2":205.5,"health_score":null,"height_m":5.9,"height_source":"lidar_3dep","is_simulated":false,"levels":null,"monitored":false,"name":null,"sensor_count":0,"sensor_types":[],"source_id":"osm","status":"not_monitored"},"type":"Feature"},{"geometry":{"coordinates":[[[-100.012181,37.757426],[-100.012016,37.757428],[-100.012018,37.757504],[-100.012183,37.757502],[-100.012181,37.757426]]],"type":"Polygon"},"properties":{"anomaly_count":0,"asset_id":"BLD-0204","asset_type":"building","building_type":"yes","category":"Buildings","centroid":[-100.0121,37.757465],"footprint_m2":122,"health_score":null,"height_m":5.7,"height_source":"lidar_3dep","is_simulated":false,"levels":null,"monitored":false,"name":null,"sensor_count":0,"sensor_types":[],"source_id":"osm","status":"not_monitored"},"type":"Feature"},{"geometry":{"coordinates":[[[-100.012999,37.759259],[-100.012877,37.759256],[-100.012874,37.759352],[-100.012996,37.759354],[-100.012999,37.759259]]],"type":"Polygon"},"properties":{"anomaly_count":0,"asset_id":"BLD-0205","asset_type":"building","building_type":"yes","category":"Buildings","centroid":[-100.012936,37.759306],"footprint_m2":113.4,"health_score":null,"height_m":4.3,"height_source":"lidar_3dep","is_simulated":false,"levels":null,"monitored":false,"name":null,"sensor_count":0,"sensor_types":[],"source_id":"osm","status":"not_monitored"},"type":"Feature"},{"geometry":{"coordinates":[[[-100.011962,37.758427],[-100.01196,37.7585],[-100.012135,37.758503],[-100.012137,37.75843],[-100.011962,37.758427]]],"type":"Polygon"},"properties":{"anomaly_count":0,"asset_id":"BLD-0206","asset_type":"building","building_type":"yes","category":"Buildings","centroid":[-100.012049,37.758465],"footprint_m2":124.3,"health_score":null,"height_m":4.6,"height_source":"lidar_3dep","is_simulated":false,"levels":null,"monitored":false,"name":null,"sensor_count":0,"sensor_types":[],"source_id":"osm","status":"not_monitored"},"type":"Feature"},{"geometry":{"coordinates":[[[-100.011893,37.758883],[-100.011895,37.758809],[-100.011766,37.758807],[-100.011764,37.75888],[-100.011893,37.758883]]],"type":"Polygon"},"properties":{"anomaly_count":0,"asset_id":"BLD-0207","asset_type":"building","building_type":"yes","category":"Buildings","centroid":[-100.01183,37.758845],"footprint_m2":92.3,"health_score":null,"height_m":7.2,"height_source":"lidar_3dep","is_simulated":false,"levels":null,"monitored":false,"name":null,"sensor_count":0,"sensor_types":[],"source_id":"osm","status":"not_monitored"},"type":"Feature"},{"geometry":{"coordinates":[[[-100.011921,37.75744],[-100.011867,37.757438],[-100.011864,37.757496],[-100.011918,37.757498],[-100.011921,37.75744]]],"type":"Polygon"},"properties":{"anomaly_count":0,"asset_id":"BLD-0208","asset_type":"building","building_type":"yes","category":"Buildings","centroid":[-100.011893,37.757468],"footprint_m2":30.5,"health_score":null,"height_m":4.5,"height_source":"estimated","is_simulated":false,"levels":null,"monitored":false,"name":null,"sensor_count":0,"sensor_types":[],"source_id":"osm","status":"not_monitored"},"type":"Feature"},{"geometry":{"coordinates":[[[-100.012707,37.759672],[-100.012537,37.759675],[-100.01254,37.759781],[-100.01271,37.759778],[-100.012707,37.759672]]],"type":"Polygon"},"properties":{"anomaly_count":0,"asset_id":"BLD-0209","asset_type":"building","building_type":"yes","category":"Buildings","centroid":[-100.012624,37.759726],"footprint_m2":175.4,"health_score":null,"height_m":5.1,"height_source":"lidar_3dep","is_simulated":false,"levels":null,"monitored":false,"name":null,"sensor_count":0,"sensor_types":[],"source_id":"osm","status":"not_monitored"},"type":"Feature"},{"geometry":{"coordinates":[[[-100.010635,37.757665],[-100.01056,37.757664],[-100.010559,37.757702],[-100.010629,37.757702],[-100.010634,37.757702],[-100.010635,37.757665]]],"type":"Polygon"},"properties":{"anomaly_count":0,"asset_id":"BLD-0210","asset_type":"building","building_type":"yes","category":"Buildings","centroid":[-100.010597,37.757683],"footprint_m2":27.5,"health_score":null,"height_m":4.5,"height_source":"estimated","is_simulated":false,"levels":null,"monitored":false,"name":null,"sensor_count":0,"sensor_types":[],"source_id":"osm","status":"not_monitored"},"type":"Feature"},{"geometry":{"coordinates":[[[-100.011982,37.75903],[-100.012021,37.759029],[-100.012022,37.759072],[-100.012141,37.75907],[-100.012139,37.758956],[-100.011981,37.758958],[-100.011982,37.75903]]],"type":"Polygon"},"properties":{"anomaly_count":0,"asset_id":"BLD-0211","asset_type":"building","building_type":"yes","category":"Buildings","centroid":[-100.012067,37.75901],"footprint_m2":159.7,"health_score":null,"height_m":7.1,"height_source":"lidar_3dep","is_simulated":false,"levels":null,"monitored":false,"name":null,"sensor_count":0,"sensor_types":[],"source_id":"osm","status":"not_monitored"},"type":"Feature"},{"geometry":{"coordinates":[[[-100.010519,37.757612],[-100.01052,37.757649],[-100.010606,37.757647],[-100.010605,37.75761],[-100.010519,37.757612]]],"type":"Polygon"},"properties":{"anomaly_count":0,"asset_id":"BLD-0212","asset_type":"building","building_type":"yes","category":"Buildings","centroid":[-100.010563,37.75763],"footprint_m2":31,"health_score":null,"height_m":2.6,"height_source":"lidar_3dep","is_simulated":false,"levels":null,"monitored":false,"name":null,"sensor_count":0,"sensor_types":[],"source_id":"osm","status":"not_monitored"},"type":"Feature"},{"geometry":{"coordinates":[[[-100.012735,37.759566],[-100.012719,37.759566],[-100.012518,37.759565],[-100.012517,37.759643],[-100.012735,37.759644],[-100.012735,37.759566]]],"type":"Polygon"},"properties":{"anomaly_count":0,"asset_id":"BLD-0213","asset_type":"building","building_type":"yes","category":"Buildings","centroid":[-100.012626,37.759605],"footprint_m2":165.1,"health_score":null,"height_m":5.4,"height_source":"lidar_3dep","is_simulated":false,"levels":null,"monitored":false,"name":null,"sensor_count":0,"sensor_types":[],"source_id":"osm","status":"not_monitored"},"type":"Feature"},{"geometry":{"coordinates":[[[-100.013276,37.758366],[-100.013332,37.758365],[-100.01333,37.758299],[-100.013274,37.7583],[-100.013276,37.758366]]],"type":"Polygon"},"properties":{"anomaly_count":0,"asset_id":"BLD-0214","asset_type":"building","building_type":"yes","category":"Buildings","centroid":[-100.013303,37.758333],"footprint_m2":36,"health_score":null,"height_m":3.1,"height_source":"lidar_3dep","is_simulated":false,"levels":null,"monitored":false,"name":null,"sensor_count":0,"sensor_types":[],"source_id":"osm","status":"not_monitored"},"type":"Feature"},{"geometry":{"coordinates":[[[-100.013527,37.759562],[-100.013388,37.75956],[-100.013386,37.759636],[-100.013525,37.759638],[-100.013527,37.759562]]],"type":"Polygon"},"properties":{"anomaly_count":0,"asset_id":"BLD-0215","asset_type":"building","building_type":"yes","category":"Buildings","centroid":[-100.013457,37.759599],"footprint_m2":102.8,"health_score":null,"height_m":5.5,"height_source":"lidar_3dep","is_simulated":false,"levels":null,"monitored":false,"name":null,"sensor_count":0,"sensor_types":[],"source_id":"osm","status":"not_monitored"},"type":"Feature"},{"geometry":{"coordinates":[[[-100.012016,37.758931],[-100.012109,37.758933],[-100.012111,37.758896],[-100.012132,37.758897],[-100.012134,37.758845],[-100.012108,37.758844],[-100.012108,37.758835],[-100.012012,37.758832],[-100.012011,37.758856],[-100.011976,37.758855],[-100.011974,37.758906],[-100.012017,37.758908],[-100.012016,37.758931]]],"type":"Polygon"},"properties":{"anomaly_count":0,"asset_id":"BLD-0216","asset_type":"building","building_type":"yes","category":"Buildings","centroid":[-100.012057,37.758881],"footprint_m2":122.8,"health_score":null,"height_m":5.5,"height_source":"lidar_3dep","is_simulated":false,"levels":null,"monitored":false,"name":null,"sensor_count":0,"sensor_types":[],"source_id":"osm","status":"not_monitored"},"type":"Feature"},{"geometry":{"coordinates":[[[-100.011999,37.758653],[-100.012112,37.758653],[-100.012112,37.758574],[-100.012053,37.758574],[-100.012053,37.758543],[-100.011985,37.758543],[-100.011984,37.758602],[-100.011999,37.758602],[-100.011999,37.758653]]],"type":"Polygon"},"properties":{"anomaly_count":0,"asset_id":"BLD-0217","asset_type":"building","building_type":"yes","category":"Buildings","centroid":[-100.012046,37.758602],"footprint_m2":111.5,"health_score":null,"height_m":4.6,"height_source":"lidar_3dep","is_simulated":false,"levels":null,"monitored":false,"name":null,"sensor_count":0,"sensor_types":[],"source_id":"osm","status":"not_monitored"},"type":"Feature"},{"geometry":{"coordinates":[[[-100.011817,37.757647],[-100.011901,37.757646],[-100.0119,37.757587],[-100.011816,37.757587],[-100.011817,37.757647]]],"type":"Polygon"},"properties":{"anomaly_count":0,"asset_id":"BLD-0218","asset_type":"building","building_type":"yes","category":"Buildings","centroid":[-100.011858,37.757617],"footprint_m2":48.6,"health_score":null,"height_m":4.5,"height_source":"estimated","is_simulated":false,"levels":null,"monitored":false,"name":null,"sensor_count":0,"sensor_types":[],"source_id":"osm","status":"not_monitored"},"type":"Feature"},{"geometry":{"coordinates":[[[-100.011127,37.757661],[-100.011253,37.757662],[-100.011255,37.757577],[-100.011129,37.757576],[-100.011127,37.757661]]],"type":"Polygon"},"properties":{"anomaly_count":0,"asset_id":"BLD-0219","asset_type":"building","building_type":"yes","category":"Buildings","centroid":[-100.011191,37.757619],"footprint_m2":104.2,"health_score":null,"height_m":4.5,"height_source":"lidar_3dep","is_simulated":false,"levels":null,"monitored":false,"name":null,"sensor_count":0,"sensor_types":[],"source_id":"osm","status":"not_monitored"},"type":"Feature"},{"geometry":{"coordinates":[[[-100.011418,37.758418],[-100.011519,37.758416],[-100.011514,37.758284],[-100.011414,37.758286],[-100.011418,37.758418]]],"type":"Polygon"},"properties":{"anomaly_count":0,"asset_id":"BLD-0220","asset_type":"building","building_type":"yes","category":"Buildings","centroid":[-100.011466,37.758351],"footprint_m2":129.1,"health_score":null,"height_m":3.5,"height_source":"lidar_3dep","is_simulated":false,"levels":null,"monitored":false,"name":null,"sensor_count":0,"sensor_types":[],"source_id":"osm","status":"not_monitored"},"type":"Feature"},{"geometry":{"coordinates":[[[-100.009907,37.757716],[-100.009751,37.757718],[-100.009753,37.757789],[-100.009908,37.757787],[-100.009907,37.757716]]],"type":"Polygon"},"properties":{"anomaly_count":0,"asset_id":"BLD-0221","asset_type":"building","building_type":"yes","category":"Buildings","centroid":[-100.00983,37.757753],"footprint_m2":107.4,"health_score":null,"height_m":4.8,"height_source":"lidar_3dep","is_simulated":false,"levels":null,"monitored":false,"name":null,"sensor_count":0,"sensor_types":[],"source_id":"osm","status":"not_monitored"},"type":"Feature"},{"geometry":{"coordinates":[[[-100.012149,37.757581],[-100.011935,37.757577],[-100.011932,37.757653],[-100.012147,37.757658],[-100.012149,37.757581]]],"type":"Polygon"},"properties":{"anomaly_count":0,"asset_id":"BLD-0222","asset_type":"building","building_type":"yes","category":"Buildings","centroid":[-100.012041,37.757617],"footprint_m2":159.7,"health_score":null,"height_m":4.5,"height_source":"lidar_3dep","is_simulated":false,"levels":null,"monitored":false,"name":null,"sensor_count":0,"sensor_types":[],"source_id":"osm","status":"not_monitored"},"type":"Feature"},{"geometry":{"coordinates":[[[-100.012143,37.758276],[-100.011969,37.758273],[-100.011967,37.758347],[-100.012141,37.75835],[-100.012143,37.758276]]],"type":"Polygon"},"properties":{"anomaly_count":0,"asset_id":"BLD-0223","asset_type":"building","building_type":"yes","category":"Buildings","centroid":[-100.012055,37.758311],"footprint_m2":125.3,"health_score":null,"height_m":6.7,"height_source":"lidar_3dep","is_simulated":false,"levels":null,"monitored":false,"name":null,"sensor_count":0,"sensor_types":[],"source_id":"osm","status":"not_monitored"},"type":"Feature"},{"geometry":{"coordinates":[[[-100.010664,37.757545],[-100.010667,37.757628],[-100.010766,37.757626],[-100.010763,37.757543],[-100.010664,37.757545]]],"type":"Polygon"},"properties":{"anomaly_count":0,"asset_id":"BLD-0224","asset_type":"building","building_type":"yes","category":"Buildings","centroid":[-100.010715,37.757585],"footprint_m2":80,"health_score":null,"height_m":4.1,"height_source":"lidar_3dep","is_simulated":false,"levels":null,"monitored":false,"name":null,"sensor_count":0,"sensor_types":[],"source_id":"osm","status":"not_monitored"},"type":"Feature"},{"geometry":{"coordinates":[[[-100.013515,37.758973],[-100.013451,37.758972],[-100.01345,37.758994],[-100.013373,37.758993],[-100.013371,37.759071],[-100.013513,37.759072],[-100.013515,37.758973]]],"type":"Polygon"},"properties":{"anomaly_count":0,"asset_id":"BLD-0225","asset_type":"building","building_type":"yes","category":"Buildings","centroid":[-100.013447,37.759027],"footprint_m2":120.7,"health_score":null,"height_m":5.3,"height_source":"lidar_3dep","is_simulated":false,"levels":null,"monitored":false,"name":null,"sensor_count":0,"sensor_types":[],"source_id":"osm","status":"not_monitored"},"type":"Feature"},{"geometry":{"coordinates":[[[-100.011189,37.758269],[-100.01111,37.758271],[-100.011114,37.758364],[-100.011193,37.758362],[-100.011189,37.758269]]],"type":"Polygon"},"properties":{"anomaly_count":0,"asset_id":"BLD-0226","asset_type":"building","building_type":"yes","category":"Buildings","centroid":[-100.011151,37.758316],"footprint_m2":71.6,"health_score":null,"height_m":4.1,"height_source":"lidar_3dep","is_simulated":false,"levels":null,"monitored":false,"name":null,"sensor_count":0,"sensor_types":[],"source_id":"osm","status":"not_monitored"},"type":"Feature"},{"geometry":{"coordinates":[[[-100.013446,37.759795],[-100.013519,37.759795],[-100.013517,37.75968],[-100.013368,37.759681],[-100.013369,37.759768],[-100.013446,37.759768],[-100.013446,37.759795]]],"type":"Polygon"},"properties":{"anomaly_count":0,"asset_id":"BLD-0227","asset_type":"building","building_type":"yes","category":"Buildings","centroid":[-100.013448,37.759732],"footprint_m2":146.2,"health_score":null,"height_m":6.4,"height_source":"lidar_3dep","is_simulated":false,"levels":null,"monitored":false,"name":null,"sensor_count":0,"sensor_types":[],"source_id":"osm","status":"not_monitored"},"type":"Feature"},{"geometry":{"coordinates":[[[-100.013077,37.758423],[-100.013118,37.758424],[-100.013118,37.75841],[-100.01316,37.758411],[-100.013164,37.758284],[-100.013081,37.758283],[-100.013077,37.758423]]],"type":"Polygon"},"properties":{"anomaly_count":0,"asset_id":"BLD-0228","asset_type":"building","building_type":"yes","category":"Buildings","centroid":[-100.013119,37.75835],"footprint_m2":107.8,"health_score":null,"height_m":4.6,"height_source":"lidar_3dep","is_simulated":false,"levels":null,"monitored":false,"name":null,"sensor_count":0,"sensor_types":[],"source_id":"osm","status":"not_monitored"},"type":"Feature"},{"geometry":{"coordinates":[[[-100.012146,37.757925],[-100.012144,37.757841],[-100.011952,37.757844],[-100.011954,37.757928],[-100.012146,37.757925]]],"type":"Polygon"},"properties":{"anomaly_count":0,"asset_id":"BLD-0229","asset_type":"building","building_type":"yes","category":"Buildings","centroid":[-100.012049,37.757885],"footprint_m2":157,"health_score":null,"height_m":4.7,"height_source":"lidar_3dep","is_simulated":false,"levels":null,"monitored":false,"name":null,"sensor_count":0,"sensor_types":[],"source_id":"osm","status":"not_monitored"},"type":"Feature"},{"geometry":{"coordinates":[[[-100.012652,37.759935],[-100.012653,37.75988],[-100.012656,37.75988],[-100.012657,37.759821],[-100.012536,37.759819],[-100.012534,37.759933],[-100.012652,37.759935]]],"type":"Polygon"},"properties":{"anomaly_count":0,"asset_id":"BLD-0230","asset_type":"building","building_type":"yes","category":"Buildings","centroid":[-100.012595,37.759877],"footprint_m2":132.7,"health_score":null,"height_m":5.2,"height_source":"lidar_3dep","is_simulated":false,"levels":null,"monitored":false,"name":null,"sensor_count":0,"sensor_types":[],"source_id":"osm","status":"not_monitored"},"type":"Feature"},{"geometry":{"coordinates":[[[-100.009874,37.757951],[-100.009788,37.75795],[-100.009785,37.758059],[-100.009919,37.758061],[-100.00992,37.75801],[-100.009872,37.758009],[-100.009874,37.757951]]],"type":"Polygon"},"properties":{"anomaly_count":0,"asset_id":"BLD-0231","asset_type":"building","building_type":"yes","category":"Buildings","centroid":[-100.009843,37.758011],"footprint_m2":115,"health_score":null,"height_m":4,"height_source":"lidar_3dep","is_simulated":false,"levels":null,"monitored":false,"name":null,"sensor_count":0,"sensor_types":[],"source_id":"osm","status":"not_monitored"},"type":"Feature"},{"geometry":{"coordinates":[[[-100.011264,37.757717],[-100.011138,37.757715],[-100.011136,37.757794],[-100.011262,37.757796],[-100.011264,37.757717]]],"type":"Polygon"},"properties":{"anomaly_count":0,"asset_id":"BLD-0232","asset_type":"building","building_type":"yes","category":"Buildings","centroid":[-100.0112,37.757756],"footprint_m2":96.9,"health_score":null,"height_m":5,"height_source":"lidar_3dep","is_simulated":false,"levels":null,"monitored":false,"name":null,"sensor_count":0,"sensor_types":[],"source_id":"osm","status":"not_monitored"},"type":"Feature"},{"geometry":{"coordinates":[[[-100.012524,37.760056],[-100.01265,37.760054],[-100.012648,37.759978],[-100.012522,37.75998],[-100.012524,37.760056]]],"type":"Polygon"},"properties":{"anomaly_count":0,"asset_id":"BLD-0233","asset_type":"building","building_type":"yes","category":"Buildings","centroid":[-100.012586,37.760017],"footprint_m2":93.2,"health_score":null,"height_m":5,"height_source":"lidar_3dep","is_simulated":false,"levels":null,"monitored":false,"name":null,"sensor_count":0,"sensor_types":[],"source_id":"osm","status":"not_monitored"},"type":"Feature"},{"geometry":{"coordinates":[[[-100.012594,37.759269],[-100.012594,37.759297],[-100.012502,37.759296],[-100.012499,37.75938],[-100.01267,37.759382],[-100.012672,37.759269],[-100.012594,37.759269]]],"type":"Polygon"},"properties":{"anomaly_count":0,"asset_id":"BLD-0234","asset_type":"building","building_type":"yes","category":"Buildings","centroid":[-100.012592,37.759332],"footprint_m2":161.3,"health_score":null,"height_m":5.2,"height_source":"lidar_3dep","is_simulated":false,"levels":null,"monitored":false,"name":null,"sensor_count":0,"sensor_types":[],"source_id":"osm","status":"not_monitored"},"type":"Feature"},{"geometry":{"coordinates":[[[-100.009775,37.757909],[-100.009896,37.75791],[-100.009897,37.75784],[-100.009776,37.757839],[-100.009775,37.757909]]],"type":"Polygon"},"properties":{"anomaly_count":0,"asset_id":"BLD-0235","asset_type":"building","building_type":"yes","category":"Buildings","centroid":[-100.009836,37.757874],"footprint_m2":82.4,"health_score":null,"height_m":4.7,"height_source":"lidar_3dep","is_simulated":false,"levels":null,"monitored":false,"name":null,"sensor_count":0,"sensor_types":[],"source_id":"osm","status":"not_monitored"},"type":"Feature"},{"geometry":{"coordinates":[[[-100.012023,37.757971],[-100.012022,37.758005],[-100.01198,37.758004],[-100.011979,37.758068],[-100.01213,37.75807],[-100.012133,37.757973],[-100.012023,37.757971]]],"type":"Polygon"},"properties":{"anomaly_count":0,"asset_id":"BLD-0236","asset_type":"building","building_type":"yes","category":"Buildings","centroid":[-100.012061,37.758024],"footprint_m2":129.9,"health_score":null,"height_m":4.6,"height_source":"lidar_3dep","is_simulated":false,"levels":null,"monitored":false,"name":null,"sensor_count":0,"sensor_types":[],"source_id":"osm","status":"not_monitored"},"type":"Feature"},{"geometry":{"coordinates":[[[-100.013352,37.759501],[-100.013537,37.759498],[-100.013535,37.759426],[-100.013374,37.759429],[-100.013373,37.759395],[-100.013244,37.759397],[-100.013245,37.759435],[-100.01335,37.759433],[-100.013352,37.759501]]],"type":"Polygon"},"properties":{"anomaly_count":0,"asset_id":"BLD-0237","asset_type":"building","building_type":"yes","category":"Buildings","centroid":[-100.013408,37.759451],"footprint_m2":175.9,"health_score":null,"height_m":5.2,"height_source":"lidar_3dep","is_simulated":false,"levels":null,"monitored":false,"name":null,"sensor_count":0,"sensor_types":[],"source_id":"osm","status":"not_monitored"},"type":"Feature"},{"geometry":{"coordinates":[[[-100.010673,37.758065],[-100.01081,37.758068],[-100.010813,37.757983],[-100.010786,37.757982],[-100.010787,37.757942],[-100.010677,37.75794],[-100.010673,37.758065]]],"type":"Polygon"},"properties":{"anomaly_count":0,"asset_id":"BLD-0238","asset_type":"building","building_type":"yes","category":"Buildings","centroid":[-100.01074,37.758007],"footprint_m2":156.6,"health_score":null,"height_m":4.5,"height_source":"lidar_3dep","is_simulated":false,"levels":null,"monitored":false,"name":null,"sensor_count":0,"sensor_types":[],"source_id":"osm","status":"not_monitored"},"type":"Feature"},{"geometry":{"coordinates":[[[-100.013374,37.759886],[-100.013324,37.759886],[-100.013323,37.759932],[-100.013518,37.759934],[-100.01352,37.759847],[-100.013375,37.759845],[-100.013374,37.759886]]],"type":"Polygon"},"properties":{"anomaly_count":0,"asset_id":"BLD-0239","asset_type":"building","building_type":"yes","category":"Buildings","centroid":[-100.013431,37.759893],"footprint_m2":144.9,"health_score":null,"height_m":6.8,"height_source":"lidar_3dep","is_simulated":false,"levels":null,"monitored":false,"name":null,"sensor_count":0,"sensor_types":[],"source_id":"osm","status":"not_monitored"},"type":"Feature"},{"geometry":{"coordinates":[[[-100.012987,37.758887],[-100.012917,37.758886],[-100.012916,37.758926],[-100.012986,37.758927],[-100.012987,37.758887]]],"type":"Polygon"},"properties":{"anomaly_count":0,"asset_id":"BLD-0240","asset_type":"building","building_type":"yes","category":"Buildings","centroid":[-100.012951,37.758907],"footprint_m2":27.2,"health_score":null,"height_m":2.7,"height_source":"lidar_3dep","is_simulated":false,"levels":null,"monitored":false,"name":null,"sensor_count":0,"sensor_types":[],"source_id":"osm","status":"not_monitored"},"type":"Feature"},{"geometry":{"coordinates":[[[-100.012013,37.758781],[-100.012115,37.75878],[-100.012113,37.75869],[-100.011954,37.758692],[-100.011956,37.758757],[-100.012012,37.758756],[-100.012013,37.758781]]],"type":"Polygon"},"properties":{"anomaly_count":0,"asset_id":"BLD-0241","asset_type":"building","building_type":"yes","category":"Buildings","centroid":[-100.01204,37.758732],"footprint_m2":125,"health_score":null,"height_m":6.2,"height_source":"lidar_3dep","is_simulated":false,"levels":null,"monitored":false,"name":null,"sensor_count":0,"sensor_types":[],"source_id":"osm","status":"not_monitored"},"type":"Feature"},{"geometry":{"coordinates":[[[-100.013541,37.76005],[-100.013542,37.759983],[-100.01352,37.759982],[-100.01352,37.759973],[-100.013411,37.759972],[-100.01341,37.760059],[-100.01352,37.76006],[-100.01352,37.760049],[-100.013541,37.76005]]],"type":"Polygon"},"properties":{"anomaly_count":0,"asset_id":"BLD-0242","asset_type":"building","building_type":"yes","category":"Buildings","centroid":[-100.013474,37.760016],"footprint_m2":106.6,"health_score":null,"height_m":5.4,"height_source":"lidar_3dep","is_simulated":false,"levels":null,"monitored":false,"name":null,"sensor_count":0,"sensor_types":[],"source_id":"osm","status":"not_monitored"},"type":"Feature"},{"geometry":{"coordinates":[[[-100.010614,37.757826],[-100.010617,37.757916],[-100.010759,37.757914],[-100.010756,37.757824],[-100.010614,37.757826]]],"type":"Polygon"},"properties":{"anomaly_count":0,"asset_id":"BLD-0243","asset_type":"building","building_type":"yes","category":"Buildings","centroid":[-100.010687,37.75787],"footprint_m2":124.4,"health_score":null,"height_m":4.2,"height_source":"lidar_3dep","is_simulated":false,"levels":null,"monitored":false,"name":null,"sensor_count":0,"sensor_types":[],"source_id":"osm","status":"not_monitored"},"type":"Feature"},{"geometry":{"coordinates":[[[-100.01128,37.758786],[-100.011283,37.758697],[-100.011161,37.758695],[-100.011158,37.758784],[-100.01128,37.758786]]],"type":"Polygon"},"properties":{"anomaly_count":0,"asset_id":"BLD-0244","asset_type":"building","building_type":"yes","category":"Buildings","centroid":[-100.01122,37.758741],"footprint_m2":105.7,"health_score":null,"height_m":5.1,"height_source":"lidar_3dep","is_simulated":false,"levels":null,"monitored":false,"name":null,"sensor_count":0,"sensor_types":[],"source_id":"osm","status":"not_monitored"},"type":"Feature"},{"geometry":{"coordinates":[[[-100.013069,37.758961],[-100.013067,37.759063],[-100.013141,37.759064],[-100.013143,37.758962],[-100.013069,37.758961]]],"type":"Polygon"},"properties":{"anomaly_count":0,"asset_id":"BLD-0245","asset_type":"building","building_type":"yes","category":"Buildings","centroid":[-100.013105,37.759012],"footprint_m2":73.4,"health_score":null,"height_m":3.8,"height_source":"lidar_3dep","is_simulated":false,"levels":null,"monitored":false,"name":null,"sensor_count":0,"sensor_types":[],"source_id":"osm","status":"not_monitored"},"type":"Feature"},{"geometry":{"coordinates":[[[-100.01334,37.759951],[-100.013286,37.759952],[-100.013287,37.760017],[-100.013341,37.760017],[-100.01334,37.759951]]],"type":"Polygon"},"properties":{"anomaly_count":0,"asset_id":"BLD-0246","asset_type":"building","building_type":"yes","category":"Buildings","centroid":[-100.013314,37.759984],"footprint_m2":34.4,"health_score":null,"height_m":4.5,"height_source":"estimated","is_simulated":false,"levels":null,"monitored":false,"name":null,"sensor_count":0,"sensor_types":[],"source_id":"osm","status":"not_monitored"},"type":"Feature"},{"geometry":{"coordinates":[[[-100.011365,37.757479],[-100.011454,37.75748],[-100.011456,37.757416],[-100.011257,37.757413],[-100.011256,37.757447],[-100.011148,37.757445],[-100.011146,37.757507],[-100.011365,37.75751],[-100.011365,37.757479]]],"type":"Polygon"},"properties":{"anomaly_count":0,"asset_id":"BLD-0247","asset_type":"building","building_type":"yes","category":"Buildings","centroid":[-100.011304,37.757463],"footprint_m2":222.8,"health_score":null,"height_m":3.9,"height_source":"lidar_3dep","is_simulated":false,"levels":null,"monitored":false,"name":null,"sensor_count":0,"sensor_types":[],"source_id":"osm","status":"not_monitored"},"type":"Feature"},{"geometry":{"coordinates":[[[-100.010649,37.75719],[-100.010762,37.757191],[-100.010762,37.757163],[-100.010786,37.757163],[-100.010787,37.757113],[-100.010764,37.757113],[-100.01065,37.757111],[-100.010649,37.75719]]],"type":"Polygon"},"properties":{"anomaly_count":0,"asset_id":"BLD-0248","asset_type":"building","building_type":"yes","category":"Buildings","centroid":[-100.010714,37.757149],"footprint_m2":97.8,"health_score":null,"height_m":4.5,"height_source":"lidar_3dep","is_simulated":false,"levels":null,"monitored":false,"name":null,"sensor_count":0,"sensor_types":[],"source_id":"osm","status":"not_monitored"},"type":"Feature"},{"geometry":{"coordinates":[[[-100.010515,37.757077],[-100.010515,37.757136],[-100.01059,37.757137],[-100.01059,37.757077],[-100.010515,37.757077]]],"type":"Polygon"},"properties":{"anomaly_count":0,"asset_id":"BLD-0249","asset_type":"building","building_type":"yes","category":"Buildings","centroid":[-100.010553,37.757107],"footprint_m2":43.4,"health_score":null,"height_m":3.1,"height_source":"lidar_3dep","is_simulated":false,"levels":null,"monitored":false,"name":null,"sensor_count":0,"sensor_types":[],"source_id":"osm","status":"not_monitored"},"type":"Feature"},{"geometry":{"coordinates":[[[-100.005046,37.761939],[-100.005145,37.76194],[-100.005148,37.761779],[-100.005049,37.761777],[-100.005046,37.761939]]],"type":"Polygon"},"properties":{"anomaly_count":0,"asset_id":"BLD-0250","asset_type":"building","building_type":"yes","category":"Buildings","centroid":[-100.005097,37.761859],"footprint_m2":155.6,"health_score":null,"height_m":3.7,"height_source":"lidar_3dep","is_simulated":false,"levels":null,"monitored":false,"name":null,"sensor_count":0,"sensor_types":[],"source_id":"osm","status":"not_monitored"},"type":"Feature"},{"geometry":{"coordinates":[[[-100.020072,37.748805],[-100.020085,37.748682],[-100.02005,37.748679],[-100.020051,37.748673],[-100.020024,37.748671],[-100.020023,37.748676],[-100.019992,37.748674],[-100.019979,37.748799],[-100.020072,37.748805]]],"type":"Polygon"},"properties":{"anomaly_count":0,"asset_id":"BLD-0251","asset_type":"building","building_type":"yes","category":"Buildings","centroid":[-100.020032,37.748739],"footprint_m2":114.8,"health_score":null,"height_m":3.3,"height_source":"lidar_3dep","is_simulated":false,"levels":null,"monitored":false,"name":null,"sensor_count":0,"sensor_types":[],"source_id":"osm","status":"not_monitored"},"type":"Feature"},{"geometry":{"coordinates":[[[-100.021592,37.748623],[-100.021498,37.748618],[-100.021489,37.74872],[-100.021584,37.748725],[-100.021592,37.748623]]],"type":"Polygon"},"properties":{"anomaly_count":0,"asset_id":"BLD-0252","asset_type":"building","building_type":"yes","category":"Buildings","centroid":[-100.021541,37.748671],"footprint_m2":94,"health_score":null,"height_m":3.9,"height_source":"lidar_3dep","is_simulated":false,"levels":null,"monitored":false,"name":null,"sensor_count":0,"sensor_types":[],"source_id":"osm","status":"not_monitored"},"type":"Feature"},{"geometry":{"coordinates":[[[-100.022487,37.74898],[-100.022508,37.748938],[-100.02249,37.748891],[-100.022429,37.748866],[-100.022371,37.748887],[-100.022344,37.748929],[-100.022368,37.748977],[-100.022424,37.748998],[-100.022487,37.74898]]],"type":"Polygon"},"properties":{"anomaly_count":0,"asset_id":"BLD-0253","asset_type":"building","building_type":"yes","category":"Buildings","centroid":[-100.022428,37.748933],"footprint_m2":148.3,"health_score":null,"height_m":4.4,"height_source":"lidar_3dep","is_simulated":false,"levels":null,"monitored":false,"name":null,"sensor_count":0,"sensor_types":[],"source_id":"osm","status":"not_monitored"},"type":"Feature"},{"geometry":{"coordinates":[[[-100.022791,37.749566],[-100.022744,37.749589],[-100.022723,37.749615],[-100.022729,37.749638],[-100.022776,37.749661],[-100.022839,37.749654],[-100.022871,37.749612],[-100.022862,37.749576],[-100.022836,37.749566],[-100.022791,37.749566]]],"type":"Polygon"},"properties":{"anomaly_count":0,"asset_id":"BLD-0254","asset_type":"building","building_type":"yes","category":"Buildings","centroid":[-100.0228,37.749613],"footprint_m2":102.1,"health_score":null,"height_m":3.8,"height_source":"lidar_3dep","is_simulated":false,"levels":null,"monitored":false,"name":null,"sensor_count":0,"sensor_types":[],"source_id":"osm","status":"not_monitored"},"type":"Feature"},{"geometry":{"coordinates":[[[-100.023836,37.750284],[-100.023713,37.750532],[-100.023673,37.750615],[-100.023705,37.750625],[-100.023755,37.750641],[-100.023779,37.750648],[-100.023831,37.75054],[-100.023942,37.750317],[-100.02384,37.750286],[-100.023836,37.750284]]],"type":"Polygon"},"properties":{"anomaly_count":0,"asset_id":"BLD-0255","asset_type":"building","building_type":"yes","category":"Buildings","centroid":[-100.023807,37.750466],"footprint_m2":392.6,"health_score":null,"height_m":4.5,"height_source":"estimated","is_simulated":false,"levels":null,"monitored":false,"name":null,"sensor_count":0,"sensor_types":[],"source_id":"osm","status":"not_monitored"},"type":"Feature"},{"geometry":{"coordinates":[[[-100.022565,37.750144],[-100.022495,37.75014],[-100.022451,37.750139],[-100.022446,37.750209],[-100.022441,37.750298],[-100.022456,37.750299],[-100.022452,37.750334],[-100.022451,37.750363],[-100.022442,37.750493],[-100.022448,37.750493],[-100.022449,37.750468],[-100.022486,37.75047],[-100.022541,37.750472],[-100.022542,37.750462],[-100.022565,37.750144]]],"type":"Polygon"},"properties":{"anomaly_count":0,"asset_id":"BLD-0256","asset_type":"building","building_type":"yes","category":"Buildings","centroid":[-100.0225,37.7503],"footprint_m2":340.2,"health_score":null,"height_m":4.5,"height_source":"estimated","is_simulated":false,"levels":null,"monitored":false,"name":null,"sensor_count":0,"sensor_types":[],"source_id":"osm","status":"not_monitored"},"type":"Feature"},{"geometry":{"coordinates":[[[-100.022561,37.750721],[-100.022489,37.750661],[-100.022439,37.750699],[-100.022511,37.750759],[-100.022561,37.750721]]],"type":"Polygon"},"properties":{"anomaly_count":0,"asset_id":"BLD-0257","asset_type":"building","building_type":"roof","category":"Buildings","centroid":[-100.0225,37.75071],"footprint_m2":55.7,"health_score":null,"height_m":3.5,"height_source":"estimated","is_simulated":false,"levels":null,"monitored":false,"name":null,"sensor_count":0,"sensor_types":[],"source_id":"osm","status":"not_monitored"},"type":"Feature"},{"geometry":{"coordinates":[[[-100.022946,37.747593],[-100.022899,37.747424],[-100.022825,37.747437],[-100.022872,37.747606],[-100.022946,37.747593]]],"type":"Polygon"},"properties":{"anomaly_count":0,"asset_id":"BLD-0258","asset_type":"building","building_type":"yes","category":"Buildings","centroid":[-100.022885,37.747515],"footprint_m2":127.8,"health_score":null,"height_m":3.2,"height_source":"lidar_3dep","is_simulated":false,"levels":null,"monitored":false,"name":null,"sensor_count":0,"sensor_types":[],"source_id":"osm","status":"not_monitored"},"type":"Feature"},{"geometry":{"coordinates":[[[-100.02331,37.747994],[-100.023359,37.747933],[-100.0233,37.747901],[-100.023303,37.747897],[-100.023284,37.747887],[-100.02328,37.747892],[-100.023224,37.747864],[-100.023176,37.747925],[-100.02331,37.747994]]],"type":"Polygon"},"properties":{"anomaly_count":0,"asset_id":"BLD-0259","asset_type":"building","building_type":"yes","category":"Buildings","centroid":[-100.023268,37.747928],"footprint_m2":114.3,"health_score":null,"height_m":3.4,"height_source":"lidar_3dep","is_simulated":false,"levels":null,"monitored":false,"name":null,"sensor_count":0,"sensor_types":[],"source_id":"osm","status":"not_monitored"},"type":"Feature"},{"geometry":{"coordinates":[[[-100.021012,37.748701],[-100.021029,37.748702],[-100.02103,37.74869],[-100.021095,37.748693],[-100.021108,37.748521],[-100.021043,37.748518],[-100.021048,37.748457],[-100.021013,37.748456],[-100.02101,37.748487],[-100.021028,37.748488],[-100.021026,37.748515],[-100.021016,37.748524],[-100.021002,37.748678],[-100.021013,37.748688],[-100.021012,37.748701]]],"type":"Polygon"},"properties":{"anomaly_count":0,"asset_id":"BLD-0260","asset_type":"building","building_type":"yes","category":"Buildings","centroid":[-100.021053,37.748595],"footprint_m2":172.7,"health_score":null,"height_m":6.5,"height_source":"lidar_3dep","is_simulated":false,"levels":null,"monitored":false,"name":null,"sensor_count":0,"sensor_types":[],"source_id":"osm","status":"not_monitored"},"type":"Feature"},{"geometry":{"coordinates":[[[-100.022564,37.751479],[-100.022566,37.751458],[-100.022567,37.751439],[-100.022576,37.75133],[-100.022595,37.751331],[-100.022598,37.751332],[-100.022607,37.751216],[-100.022585,37.751214],[-100.022588,37.751184],[-100.0226,37.751031],[-100.022614,37.751031],[-100.022622,37.750909],[-100.022609,37.750908],[-100.022612,37.750878],[-100.022562,37.750875],[-100.022492,37.750872],[-100.022396,37.750867],[-100.022369,37.751204],[-100.022346,37.751203],[-100.02234,37.751267],[-100.022328,37.751266],[-100.022325,37.751304],[-100.022334,37.751304],[-100.022338,37.751304],[-100.022337,37.751318],[-100.02236,37.751319],[-100.022348,37.751469],[-100.022397,37.751471],[-100.022502,37.751476],[-100.022564,37.751479]]],"type":"Polygon"},"properties":{"addr:city":"Dodge City","addr:housenumber":"201","addr:postcode":"67801","addr:state":"KS","addr:street":"4th Avenue","anomaly_count":0,"asset_id":"BLD-0261","asset_type":"building","building_type":"yes","category":"Buildings","centroid":[-100.022481,37.751175],"footprint_m2":1340.1,"health_score":100,"height_m":6,"height_source":"lidar_3dep","is_simulated":false,"levels":null,"monitored":true,"name":"Holiday Inn Express & Suites Dodge City","sensor_count":1,"sensor_types":["vibration"],"source_id":"osm","status":"normal"},"type":"Feature"},{"geometry":{"coordinates":[[[-100.022327,37.751314],[-100.022336,37.751198],[-100.022272,37.751195],[-100.022204,37.751191],[-100.022195,37.751307],[-100.02226,37.751311],[-100.022327,37.751314]]],"type":"Polygon"},"properties":{"anomaly_count":0,"asset_id":"BLD-0262","asset_type":"building","building_type":"roof","category":"Buildings","centroid":[-100.022266,37.751253],"footprint_m2":149.7,"health_score":null,"height_m":3.5,"height_source":"estimated","is_simulated":false,"levels":null,"monitored":false,"name":null,"sensor_count":0,"sensor_types":[],"source_id":"osm","status":"not_monitored"},"type":"Feature"},{"geometry":{"coordinates":[[[-100.022452,37.750334],[-100.022456,37.750299],[-100.022441,37.750298],[-100.022446,37.750209],[-100.022405,37.750207],[-100.022396,37.750332],[-100.022452,37.750334]]],"type":"Polygon"},"properties":{"anomaly_count":0,"asset_id":"BLD-0263","asset_type":"building","building_type":"roof","category":"Buildings","centroid":[-100.022424,37.750275],"footprint_m2":55.6,"health_score":null,"height_m":3.5,"height_source":"estimated","is_simulated":false,"levels":null,"monitored":false,"name":null,"sensor_count":0,"sensor_types":[],"source_id":"osm","status":"not_monitored"},"type":"Feature"},{"geometry":{"coordinates":[[[-100.022565,37.750144],[-100.022542,37.750462],[-100.022577,37.750463],[-100.022601,37.750146],[-100.022565,37.750144]]],"type":"Polygon"},"properties":{"anomaly_count":0,"asset_id":"BLD-0264","asset_type":"building","building_type":"roof","category":"Buildings","centroid":[-100.022571,37.750304],"footprint_m2":109.8,"health_score":null,"height_m":3.5,"height_source":"estimated","is_simulated":false,"levels":null,"monitored":false,"name":null,"sensor_count":0,"sensor_types":[],"source_id":"osm","status":"not_monitored"},"type":"Feature"},{"geometry":{"coordinates":[[[-100.02567,37.74815],[-100.025599,37.74815],[-100.025555,37.748149],[-100.025555,37.748173],[-100.025452,37.748173],[-100.025452,37.748249],[-100.025457,37.748249],[-100.02552,37.748249],[-100.02552,37.748269],[-100.025553,37.748269],[-100.025553,37.748296],[-100.025553,37.748354],[-100.025561,37.748354],[-100.02567,37.748355],[-100.025671,37.748271],[-100.025692,37.748271],[-100.025692,37.748235],[-100.025692,37.74823],[-100.025669,37.74823],[-100.02567,37.74815]]],"type":"Polygon"},"properties":{"anomaly_count":0,"asset_id":"BLD-0265","asset_type":"building","building_type":"yes","category":"Buildings","centroid":[-100.025587,37.748243],"footprint_m2":322.8,"health_score":null,"height_m":4.5,"height_source":"estimated","is_simulated":false,"levels":null,"monitored":false,"name":"KOA Office/Clubhouse","sensor_count":0,"sensor_types":[],"source_id":"osm","status":"not_monitored"},"type":"Feature"},{"geometry":{"coordinates":[[[-100.024692,37.746821],[-100.02461,37.74677],[-100.024513,37.746868],[-100.024594,37.746919],[-100.024622,37.74689],[-100.02464,37.746873],[-100.024692,37.746821]]],"type":"Polygon"},"properties":{"anomaly_count":0,"asset_id":"BLD-0266","asset_type":"building","building_type":"yes","category":"Buildings","centroid":[-100.024602,37.746844],"footprint_m2":125.4,"health_score":null,"height_m":4.5,"height_source":"estimated","is_simulated":false,"levels":null,"monitored":false,"name":null,"sensor_count":0,"sensor_types":[],"source_id":"osm","status":"not_monitored"},"type":"Feature"},{"geometry":{"coordinates":[[[-100.025499,37.746766],[-100.025499,37.746788],[-100.025499,37.746806],[-100.025498,37.746834],[-100.025601,37.746835],[-100.025602,37.746767],[-100.025499,37.746766]]],"type":"Polygon"},"properties":{"anomaly_count":0,"asset_id":"BLD-0267","asset_type":"building","building_type":"yes","category":"Buildings","centroid":[-100.02555,37.7468],"footprint_m2":68.2,"health_score":null,"height_m":4.5,"height_source":"estimated","is_simulated":false,"levels":null,"monitored":false,"name":null,"sensor_count":0,"sensor_types":[],"source_id":"osm","status":"not_monitored"},"type":"Feature"},{"geometry":{"coordinates":[[[-100.026003,37.74661],[-100.02588,37.746535],[-100.025818,37.746598],[-100.025849,37.746617],[-100.025873,37.746631],[-100.025941,37.746673],[-100.026003,37.74661]]],"type":"Polygon"},"properties":{"anomaly_count":0,"asset_id":"BLD-0268","asset_type":"building","building_type":"yes","category":"Buildings","centroid":[-100.025911,37.746604],"footprint_m2":121,"health_score":null,"height_m":4.5,"height_source":"estimated","is_simulated":false,"levels":null,"monitored":false,"name":null,"sensor_count":0,"sensor_types":[],"source_id":"osm","status":"not_monitored"},"type":"Feature"},{"geometry":{"coordinates":[[[-100.022716,37.74888],[-100.023007,37.748885],[-100.023011,37.748752],[-100.022719,37.748747],[-100.022716,37.74888]]],"type":"Polygon"},"properties":{"anomaly_count":0,"asset_id":"BLD-0269","asset_type":"building","building_type":"yes","category":"Buildings","centroid":[-100.022863,37.748816],"footprint_m2":376.5,"health_score":null,"height_m":4.5,"height_source":"lidar_3dep","is_simulated":false,"levels":null,"monitored":false,"name":null,"sensor_count":0,"sensor_types":[],"source_id":"osm","status":"not_monitored"},"type":"Feature"},{"geometry":{"coordinates":[[[-100.02312,37.748738],[-100.023069,37.748737],[-100.023067,37.748803],[-100.023118,37.748804],[-100.02312,37.748738]]],"type":"Polygon"},"properties":{"anomaly_count":0,"asset_id":"BLD-0270","asset_type":"building","building_type":"yes","category":"Buildings","centroid":[-100.023094,37.748771],"footprint_m2":33.1,"health_score":null,"height_m":3.5,"height_source":"lidar_3dep","is_simulated":false,"levels":null,"monitored":false,"name":null,"sensor_count":0,"sensor_types":[],"source_id":"osm","status":"not_monitored"},"type":"Feature"},{"geometry":{"coordinates":[[[-100.023785,37.748154],[-100.023825,37.748095],[-100.02373,37.748054],[-100.023691,37.748114],[-100.023712,37.748123],[-100.02374,37.748135],[-100.023761,37.748144],[-100.023785,37.748154]]],"type":"Polygon"},"properties":{"anomaly_count":0,"asset_id":"BLD-0271","asset_type":"building","building_type":"yes","category":"Buildings","centroid":[-100.023758,37.748104],"footprint_m2":69.8,"health_score":null,"height_m":3.3,"height_source":"lidar_3dep","is_simulated":false,"levels":null,"monitored":false,"name":null,"sensor_count":0,"sensor_types":[],"source_id":"osm","status":"not_monitored"},"type":"Feature"},{"geometry":{"coordinates":[[[-100.023481,37.74862],[-100.023324,37.748534],[-100.02329,37.748573],[-100.023447,37.748658],[-100.023481,37.74862]]],"type":"Polygon"},"properties":{"anomaly_count":0,"asset_id":"BLD-0272","asset_type":"building","building_type":"yes","category":"Buildings","centroid":[-100.023386,37.748596],"footprint_m2":87.3,"health_score":null,"height_m":3,"height_source":"lidar_3dep","is_simulated":false,"levels":null,"monitored":false,"name":null,"sensor_count":0,"sensor_types":[],"source_id":"osm","status":"not_monitored"},"type":"Feature"},{"geometry":{"coordinates":[[[-100.025879,37.748298],[-100.025858,37.748266],[-100.025746,37.748312],[-100.025767,37.748344],[-100.025879,37.748298]]],"type":"Polygon"},"properties":{"addr:city":"Dodge City","addr:state":"KS","anomaly_count":0,"asset_id":"BLD-0273","asset_type":"building","building_type":"cabin","category":"Buildings","centroid":[-100.025813,37.748305],"footprint_m2":44.3,"health_score":null,"height_m":5,"height_source":"estimated","is_simulated":false,"levels":null,"monitored":false,"name":null,"sensor_count":0,"sensor_types":[],"source_id":"osm","status":"not_monitored"},"type":"Feature"},{"geometry":{"coordinates":[[[-100.025871,37.748188],[-100.025848,37.748157],[-100.025739,37.748208],[-100.025762,37.748239],[-100.025871,37.748188]]],"type":"Polygon"},"properties":{"addr:city":"Dodge City","addr:state":"KS","anomaly_count":0,"asset_id":"BLD-0274","asset_type":"building","building_type":"cabin","category":"Buildings","centroid":[-100.025805,37.748198],"footprint_m2":44.4,"health_score":null,"height_m":5,"height_source":"estimated","is_simulated":false,"levels":null,"monitored":false,"name":null,"sensor_count":0,"sensor_types":[],"source_id":"osm","status":"not_monitored"},"type":"Feature"},{"geometry":{"coordinates":[[[-100.025869,37.748074],[-100.025847,37.748042],[-100.025737,37.748091],[-100.025759,37.748123],[-100.025869,37.748074]]],"type":"Polygon"},"properties":{"addr:city":"Dodge City","addr:state":"KS","anomaly_count":0,"asset_id":"BLD-0275","asset_type":"building","building_type":"cabin","category":"Buildings","centroid":[-100.025803,37.748083],"footprint_m2":44.4,"health_score":null,"height_m":5,"height_source":"estimated","is_simulated":false,"levels":null,"monitored":false,"name":null,"sensor_count":0,"sensor_types":[],"source_id":"osm","status":"not_monitored"},"type":"Feature"},{"geometry":{"coordinates":[[[-100.025855,37.747966],[-100.025834,37.747934],[-100.025722,37.747981],[-100.025743,37.748013],[-100.025855,37.747966]]],"type":"Polygon"},"properties":{"addr:city":"Dodge City","addr:state":"KS","anomaly_count":0,"asset_id":"BLD-0276","asset_type":"building","building_type":"cabin","category":"Buildings","centroid":[-100.025789,37.747973],"footprint_m2":44.3,"health_score":null,"height_m":5,"height_source":"estimated","is_simulated":false,"levels":null,"monitored":false,"name":null,"sensor_count":0,"sensor_types":[],"source_id":"osm","status":"not_monitored"},"type":"Feature"},{"geometry":{"coordinates":[[[-100.025853,37.747859],[-100.025832,37.747827],[-100.02572,37.747874],[-100.025741,37.747905],[-100.025853,37.747859]]],"type":"Polygon"},"properties":{"addr:city":"Dodge City","addr:state":"KS","anomaly_count":0,"asset_id":"BLD-0277","asset_type":"building","building_type":"cabin","category":"Buildings","centroid":[-100.025787,37.747866],"footprint_m2":44.4,"health_score":null,"height_m":5,"height_source":"estimated","is_simulated":false,"levels":null,"monitored":false,"name":null,"sensor_count":0,"sensor_types":[],"source_id":"osm","status":"not_monitored"},"type":"Feature"},{"geometry":{"coordinates":[[[-100.025838,37.747753],[-100.025819,37.74772],[-100.025704,37.747762],[-100.025724,37.747795],[-100.025838,37.747753]]],"type":"Polygon"},"properties":{"addr:city":"Dodge City","addr:state":"KS","anomaly_count":0,"asset_id":"BLD-0278","asset_type":"building","building_type":"cabin","category":"Buildings","centroid":[-100.025772,37.747757],"footprint_m2":44.3,"health_score":null,"height_m":5,"height_source":"estimated","is_simulated":false,"levels":null,"monitored":false,"name":null,"sensor_count":0,"sensor_types":[],"source_id":"osm","status":"not_monitored"},"type":"Feature"},{"geometry":{"coordinates":[[[-100.025834,37.747647],[-100.025814,37.747614],[-100.025701,37.747659],[-100.025721,37.747691],[-100.025834,37.747647]]],"type":"Polygon"},"properties":{"addr:city":"Dodge City","addr:state":"KS","anomaly_count":0,"asset_id":"BLD-0279","asset_type":"building","building_type":"cabin","category":"Buildings","centroid":[-100.025767,37.747653],"footprint_m2":44.3,"health_score":null,"height_m":5,"height_source":"estimated","is_simulated":false,"levels":null,"monitored":false,"name":null,"sensor_count":0,"sensor_types":[],"source_id":"osm","status":"not_monitored"},"type":"Feature"},{"geometry":{"coordinates":[[[-100.025829,37.747536],[-100.025808,37.747504],[-100.025696,37.747551],[-100.025717,37.747583],[-100.025829,37.747536]]],"type":"Polygon"},"properties":{"addr:city":"Dodge City","addr:state":"KS","anomaly_count":0,"asset_id":"BLD-0280","asset_type":"building","building_type":"cabin","category":"Buildings","centroid":[-100.025762,37.747544],"footprint_m2":44.3,"health_score":null,"height_m":5,"height_source":"estimated","is_simulated":false,"levels":null,"monitored":false,"name":null,"sensor_count":0,"sensor_types":[],"source_id":"osm","status":"not_monitored"},"type":"Feature"},{"geometry":{"coordinates":[[[-100.025814,37.747427],[-100.025792,37.747395],[-100.025681,37.747443],[-100.025702,37.747474],[-100.025814,37.747427]]],"type":"Polygon"},"properties":{"addr:city":"Dodge City","addr:state":"KS","anomaly_count":0,"asset_id":"BLD-0281","asset_type":"building","building_type":"cabin","category":"Buildings","centroid":[-100.025747,37.747435],"footprint_m2":44.3,"health_score":null,"height_m":5,"height_source":"estimated","is_simulated":false,"levels":null,"monitored":false,"name":null,"sensor_count":0,"sensor_types":[],"source_id":"osm","status":"not_monitored"},"type":"Feature"},{"geometry":{"coordinates":[[[-100.025806,37.747324],[-100.025786,37.747292],[-100.025673,37.747336],[-100.025693,37.747368],[-100.025806,37.747324]]],"type":"Polygon"},"properties":{"addr:city":"Dodge City","addr:state":"KS","anomaly_count":0,"asset_id":"BLD-0282","asset_type":"building","building_type":"cabin","category":"Buildings","centroid":[-100.02574,37.74733],"footprint_m2":44.3,"health_score":null,"height_m":5,"height_source":"estimated","is_simulated":false,"levels":null,"monitored":false,"name":null,"sensor_count":0,"sensor_types":[],"source_id":"osm","status":"not_monitored"},"type":"Feature"},{"geometry":{"coordinates":[[[-100.015073,37.753597],[-100.015072,37.753702],[-100.015245,37.753702],[-100.015246,37.753598],[-100.015318,37.753598],[-100.015319,37.753405],[-100.015012,37.753403],[-100.01501,37.753597],[-100.015073,37.753597]]],"type":"Polygon"},"properties":{"anomaly_count":0,"asset_id":"BLD-0283","asset_type":"building","building_type":"yes","category":"Buildings","centroid":[-100.015163,37.753535],"footprint_m2":754.2,"health_score":null,"height_m":6,"height_source":"estimated","is_simulated":false,"levels":null,"monitored":false,"name":null,"sensor_count":0,"sensor_types":[],"source_id":"osm","status":"not_monitored"},"type":"Feature"},{"geometry":{"coordinates":[[[-100.0106,37.753179],[-100.010596,37.753068],[-100.010331,37.753067],[-100.010332,37.753185],[-100.0106,37.753179]]],"type":"Polygon"},"properties":{"anomaly_count":0,"asset_id":"BLD-0284","asset_type":"building","building_type":"yes","category":"Buildings","centroid":[-100.010463,37.753125],"footprint_m2":295.2,"health_score":null,"height_m":5.1,"height_source":"lidar_3dep","is_simulated":false,"levels":null,"monitored":false,"name":null,"sensor_count":0,"sensor_types":[],"source_id":"osm","status":"not_monitored"},"type":"Feature"},{"geometry":{"coordinates":[[[-100.01545,37.750076],[-100.015454,37.750017],[-100.015366,37.750013],[-100.015361,37.750104],[-100.015441,37.750107],[-100.015441,37.750109],[-100.01549,37.750109],[-100.015489,37.750076],[-100.01545,37.750076]]],"type":"Polygon"},"properties":{"anomaly_count":0,"asset_id":"BLD-0285","asset_type":"building","building_type":"yes","category":"Buildings","centroid":[-100.015416,37.750065],"footprint_m2":90.4,"health_score":null,"height_m":3.7,"height_source":"lidar_3dep","is_simulated":false,"levels":null,"monitored":false,"name":null,"sensor_count":0,"sensor_types":[],"source_id":"osm","status":"not_monitored"},"type":"Feature"},{"geometry":{"coordinates":[[[-100.015608,37.750192],[-100.015609,37.750138],[-100.015513,37.750136],[-100.015512,37.75019],[-100.015608,37.750192]]],"type":"Polygon"},"properties":{"anomaly_count":0,"asset_id":"BLD-0286","asset_type":"building","building_type":"yes","category":"Buildings","centroid":[-100.01556,37.750164],"footprint_m2":50.6,"health_score":null,"height_m":3.2,"height_source":"lidar_3dep","is_simulated":false,"levels":null,"monitored":false,"name":null,"sensor_count":0,"sensor_types":[],"source_id":"osm","status":"not_monitored"},"type":"Feature"},{"geometry":{"coordinates":[[[-100.01614,37.750167],[-100.016149,37.750039],[-100.015732,37.750022],[-100.015723,37.750149],[-100.01614,37.750167]]],"type":"Polygon"},"properties":{"anomaly_count":0,"asset_id":"BLD-0287","asset_type":"building","building_type":"yes","category":"Buildings","centroid":[-100.015936,37.750094],"footprint_m2":520.1,"health_score":null,"height_m":5.5,"height_source":"lidar_3dep","is_simulated":false,"levels":null,"monitored":false,"name":null,"sensor_count":0,"sensor_types":[],"source_id":"osm","status":"not_monitored"},"type":"Feature"},{"geometry":{"coordinates":[[[-100.016054,37.750331],[-100.016055,37.750316],[-100.015942,37.750313],[-100.015939,37.750379],[-100.016052,37.750383],[-100.016052,37.750378],[-100.016073,37.750379],[-100.016077,37.750333],[-100.016054,37.750331]]],"type":"Polygon"},"properties":{"anomaly_count":0,"asset_id":"BLD-0288","asset_type":"building","building_type":"yes","category":"Buildings","centroid":[-100.016005,37.750349],"footprint_m2":82.8,"health_score":null,"height_m":3.9,"height_source":"lidar_3dep","is_simulated":false,"levels":null,"monitored":false,"name":null,"sensor_count":0,"sensor_types":[],"source_id":"osm","status":"not_monitored"},"type":"Feature"},{"geometry":{"coordinates":[[[-100.01604,37.750505],[-100.016046,37.750429],[-100.01591,37.750422],[-100.015904,37.750498],[-100.01604,37.750505]]],"type":"Polygon"},"properties":{"anomaly_count":0,"asset_id":"BLD-0289","asset_type":"building","building_type":"yes","category":"Buildings","centroid":[-100.015975,37.750463],"footprint_m2":100.7,"health_score":null,"height_m":4.6,"height_source":"lidar_3dep","is_simulated":false,"levels":null,"monitored":false,"name":null,"sensor_count":0,"sensor_types":[],"source_id":"osm","status":"not_monitored"},"type":"Feature"},{"geometry":{"coordinates":[[[-100.015851,37.750431],[-100.015855,37.750362],[-100.015762,37.750359],[-100.015758,37.750428],[-100.015851,37.750431]]],"type":"Polygon"},"properties":{"anomaly_count":0,"asset_id":"BLD-0290","asset_type":"building","building_type":"yes","category":"Buildings","centroid":[-100.015806,37.750395],"footprint_m2":62.3,"health_score":null,"height_m":3.2,"height_source":"lidar_3dep","is_simulated":false,"levels":null,"monitored":false,"name":null,"sensor_count":0,"sensor_types":[],"source_id":"osm","status":"not_monitored"},"type":"Feature"},{"geometry":{"coordinates":[[[-100.015536,37.750631],[-100.015463,37.75063],[-100.015462,37.750676],[-100.015531,37.750677],[-100.01553,37.750688],[-100.015606,37.750693],[-100.015623,37.750542],[-100.015547,37.750536],[-100.015536,37.750631]]],"type":"Polygon"},"properties":{"anomaly_count":0,"asset_id":"BLD-0291","asset_type":"building","building_type":"yes","category":"Buildings","centroid":[-100.015559,37.750623],"footprint_m2":144.2,"health_score":null,"height_m":3.5,"height_source":"lidar_3dep","is_simulated":false,"levels":null,"monitored":false,"name":null,"sensor_count":0,"sensor_types":[],"source_id":"osm","status":"not_monitored"},"type":"Feature"},{"geometry":{"coordinates":[[[-100.014717,37.750613],[-100.014719,37.750583],[-100.014654,37.750581],[-100.014652,37.75063],[-100.014655,37.75063],[-100.014651,37.750705],[-100.014747,37.750708],[-100.014752,37.750614],[-100.014717,37.750613]]],"type":"Polygon"},"properties":{"anomaly_count":0,"asset_id":"BLD-0292","asset_type":"building","building_type":"yes","category":"Buildings","centroid":[-100.014698,37.750648],"footprint_m2":106.5,"health_score":null,"height_m":2.6,"height_source":"lidar_3dep","is_simulated":false,"levels":null,"monitored":false,"name":null,"sensor_count":0,"sensor_types":[],"source_id":"osm","status":"not_monitored"},"type":"Feature"},{"geometry":{"coordinates":[[[-100.01471,37.750402],[-100.014683,37.7504],[-100.014677,37.75046],[-100.014713,37.750462],[-100.014714,37.750456],[-100.014744,37.750457],[-100.014746,37.7504],[-100.01471,37.750399],[-100.01471,37.750402]]],"type":"Polygon"},"properties":{"anomaly_count":0,"asset_id":"BLD-0293","asset_type":"building","building_type":"yes","category":"Buildings","centroid":[-100.014712,37.75043],"footprint_m2":36.9,"health_score":null,"height_m":4.5,"height_source":"estimated","is_simulated":false,"levels":null,"monitored":false,"name":null,"sensor_count":0,"sensor_types":[],"source_id":"osm","status":"not_monitored"},"type":"Feature"},{"geometry":{"coordinates":[[[-100.014956,37.750545],[-100.014958,37.750508],[-100.014804,37.750503],[-100.014803,37.75054],[-100.014956,37.750545]]],"type":"Polygon"},"properties":{"anomaly_count":0,"asset_id":"BLD-0294","asset_type":"building","building_type":"yes","category":"Buildings","centroid":[-100.01488,37.750524],"footprint_m2":54.8,"health_score":null,"height_m":3.1,"height_source":"lidar_3dep","is_simulated":false,"levels":null,"monitored":false,"name":null,"sensor_count":0,"sensor_types":[],"source_id":"osm","status":"not_monitored"},"type":"Feature"},{"geometry":{"coordinates":[[[-100.014986,37.750327],[-100.015014,37.750328],[-100.015016,37.750277],[-100.014991,37.750276],[-100.014993,37.750258],[-100.014871,37.750251],[-100.014864,37.750328],[-100.014986,37.750335],[-100.014986,37.750327]]],"type":"Polygon"},"properties":{"anomaly_count":0,"asset_id":"BLD-0295","asset_type":"building","building_type":"yes","category":"Buildings","centroid":[-100.014938,37.750294],"footprint_m2":104.9,"health_score":null,"height_m":4.4,"height_source":"lidar_3dep","is_simulated":false,"levels":null,"monitored":false,"name":null,"sensor_count":0,"sensor_types":[],"source_id":"osm","status":"not_monitored"},"type":"Feature"},{"geometry":{"coordinates":[[[-100.014829,37.750322],[-100.014837,37.750257],[-100.0147,37.750254],[-100.014693,37.750318],[-100.014829,37.750322]]],"type":"Polygon"},"properties":{"anomaly_count":0,"asset_id":"BLD-0296","asset_type":"building","building_type":"yes","category":"Buildings","centroid":[-100.014765,37.750288],"footprint_m2":85.5,"health_score":null,"height_m":3.1,"height_source":"lidar_3dep","is_simulated":false,"levels":null,"monitored":false,"name":null,"sensor_count":0,"sensor_types":[],"source_id":"osm","status":"not_monitored"},"type":"Feature"},{"geometry":{"coordinates":[[[-100.014486,37.75089],[-100.014593,37.750888],[-100.014602,37.750495],[-100.014507,37.750496],[-100.014411,37.75049],[-100.014411,37.750483],[-100.014343,37.750486],[-100.01429,37.750483],[-100.014287,37.750566],[-100.014335,37.750565],[-100.014304,37.75087],[-100.014411,37.750877],[-100.014486,37.75089]]],"type":"Polygon"},"properties":{"anomaly_count":0,"asset_id":"BLD-0297","asset_type":"building","building_type":"yes","category":"Buildings","centroid":[-100.014455,37.750684],"footprint_m2":1085,"health_score":null,"height_m":5.8,"height_source":"lidar_3dep","is_simulated":false,"levels":null,"monitored":false,"name":null,"sensor_count":0,"sensor_types":[],"source_id":"osm","status":"not_monitored"},"type":"Feature"},{"geometry":{"coordinates":[[[-100.013886,37.750633],[-100.013885,37.750519],[-100.013616,37.750521],[-100.013617,37.750635],[-100.013886,37.750633]]],"type":"Polygon"},"properties":{"anomaly_count":0,"asset_id":"BLD-0298","asset_type":"building","building_type":"yes","category":"Buildings","centroid":[-100.013751,37.750577],"footprint_m2":297.4,"health_score":null,"height_m":4.9,"height_source":"lidar_3dep","is_simulated":false,"levels":null,"monitored":false,"name":null,"sensor_count":0,"sensor_types":[],"source_id":"osm","status":"not_monitored"},"type":"Feature"},{"geometry":{"coordinates":[[[-100.018609,37.753624],[-100.018148,37.753604],[-100.018132,37.753829],[-100.018153,37.75383],[-100.018147,37.753908],[-100.018256,37.753912],[-100.018257,37.753888],[-100.018392,37.753894],[-100.018397,37.753825],[-100.018594,37.753834],[-100.018609,37.753624]]],"type":"Polygon"},"properties":{"addr:city":"Dodge City","addr:housenumber":"208","addr:postcode":"67801","addr:state":"KS","addr:street":"Gunsmoke Street","anomaly_count":0,"asset_id":"BLD-0299","asset_type":"building","building_type":"yes","category":"Buildings","centroid":[-100.018352,37.753743],"footprint_m2":1135.3,"health_score":null,"height_m":19.3,"height_source":"lidar_3dep","is_simulated":false,"levels":null,"monitored":false,"name":null,"sensor_count":0,"sensor_types":[],"source_id":"osm","status":"not_monitored"},"type":"Feature"},{"geometry":{"coordinates":[[[-100.014469,37.755761],[-100.014446,37.755762],[-100.014446,37.755684],[-100.014347,37.755684],[-100.014347,37.75575],[-100.014277,37.75575],[-100.014277,37.755777],[-100.014246,37.755777],[-100.014246,37.755818],[-100.014469,37.755818],[-100.014469,37.755761]]],"type":"Polygon"},"properties":{"anomaly_count":0,"asset_id":"BLD-0300","asset_type":"building","building_type":"house","category":"Buildings","centroid":[-100.014372,37.755764],"footprint_m2":200.5,"health_score":null,"height_m":3.7,"height_source":"lidar_3dep","is_simulated":false,"levels":null,"monitored":false,"name":null,"sensor_count":0,"sensor_types":[],"source_id":"osm","status":"not_monitored"},"type":"Feature"},{"geometry":{"coordinates":[[[-100.014108,37.755789],[-100.014111,37.755704],[-100.013963,37.7557],[-100.013961,37.755751],[-100.013986,37.755752],[-100.013985,37.755786],[-100.014108,37.755789]]],"type":"Polygon"},"properties":{"anomaly_count":0,"asset_id":"BLD-0301","asset_type":"building","building_type":"house","category":"Buildings","centroid":[-100.01404,37.755743],"footprint_m2":115,"health_score":null,"height_m":6.3,"height_source":"lidar_3dep","is_simulated":false,"levels":null,"monitored":false,"name":null,"sensor_count":0,"sensor_types":[],"source_id":"osm","status":"not_monitored"},"type":"Feature"},{"geometry":{"coordinates":[[[-100.014083,37.755659],[-100.014082,37.755575],[-100.013927,37.755577],[-100.013928,37.755642],[-100.013946,37.755642],[-100.013946,37.75566],[-100.014083,37.755659]]],"type":"Polygon"},"properties":{"anomaly_count":0,"asset_id":"BLD-0302","asset_type":"building","building_type":"house","category":"Buildings","centroid":[-100.014007,37.755617],"footprint_m2":123,"health_score":null,"height_m":4.6,"height_source":"lidar_3dep","is_simulated":false,"levels":null,"monitored":false,"name":null,"sensor_count":0,"sensor_types":[],"source_id":"osm","status":"not_monitored"},"type":"Feature"},{"geometry":{"coordinates":[[[-100.014472,37.756229],[-100.014472,37.756086],[-100.014261,37.756086],[-100.014261,37.756236],[-100.014332,37.756236],[-100.014332,37.7562],[-100.014382,37.7562],[-100.014382,37.756229],[-100.014472,37.756229]]],"type":"Polygon"},"properties":{"anomaly_count":0,"asset_id":"BLD-0303","asset_type":"building","building_type":"house","category":"Buildings","centroid":[-100.014366,37.756156],"footprint_m2":283.4,"health_score":null,"height_m":4.3,"height_source":"lidar_3dep","is_simulated":false,"levels":null,"monitored":false,"name":null,"sensor_count":0,"sensor_types":[],"source_id":"osm","status":"not_monitored"},"type":"Feature"},{"geometry":{"coordinates":[[[-100.0141,37.756183],[-100.014157,37.75618],[-100.014155,37.756155],[-100.01417,37.756154],[-100.014166,37.756093],[-100.013937,37.756102],[-100.013944,37.756215],[-100.014102,37.756209],[-100.0141,37.756183]]],"type":"Polygon"},"properties":{"anomaly_count":0,"asset_id":"BLD-0304","asset_type":"building","building_type":"house","category":"Buildings","centroid":[-100.014047,37.756151],"footprint_m2":230,"health_score":null,"height_m":6.9,"height_source":"lidar_3dep","is_simulated":false,"levels":null,"monitored":false,"name":null,"sensor_count":0,"sensor_types":[],"source_id":"osm","status":"not_monitored"},"type":"Feature"},{"geometry":{"coordinates":[[[-100.014087,37.756039],[-100.014086,37.755977],[-100.01392,37.755977],[-100.01392,37.756051],[-100.013948,37.756051],[-100.013948,37.756074],[-100.014022,37.756073],[-100.014022,37.756039],[-100.014087,37.756039]]],"type":"Polygon"},"properties":{"anomaly_count":0,"asset_id":"BLD-0305","asset_type":"building","building_type":"house","category":"Buildings","centroid":[-100.013998,37.756018],"footprint_m2":128.4,"health_score":null,"height_m":5.7,"height_source":"lidar_3dep","is_simulated":false,"levels":null,"monitored":false,"name":null,"sensor_count":0,"sensor_types":[],"source_id":"osm","status":"not_monitored"},"type":"Feature"},{"geometry":{"coordinates":[[[-100.014074,37.755946],[-100.014074,37.755927],[-100.014097,37.755921],[-100.014097,37.755912],[-100.014148,37.755912],[-100.01415,37.755849],[-100.014103,37.755848],[-100.014104,37.755814],[-100.013928,37.755811],[-100.013925,37.755928],[-100.014003,37.75593],[-100.014002,37.755945],[-100.014074,37.755946]]],"type":"Polygon"},"properties":{"anomaly_count":0,"asset_id":"BLD-0306","asset_type":"building","building_type":"house","category":"Buildings","centroid":[-100.014028,37.755875],"footprint_m2":238,"health_score":null,"height_m":8.4,"height_source":"lidar_3dep","is_simulated":false,"levels":null,"monitored":false,"name":null,"sensor_count":0,"sensor_types":[],"source_id":"osm","status":"not_monitored"},"type":"Feature"},{"geometry":{"coordinates":[[[-100.014271,37.755536],[-100.014271,37.755473],[-100.014233,37.755473],[-100.014233,37.755476],[-100.014209,37.755476],[-100.014208,37.755536],[-100.014271,37.755536]]],"type":"Polygon"},"properties":{"anomaly_count":0,"asset_id":"BLD-0307","asset_type":"building","building_type":"house","category":"Buildings","centroid":[-100.01424,37.755505],"footprint_m2":37.8,"health_score":null,"height_m":2.7,"height_source":"lidar_3dep","is_simulated":false,"levels":null,"monitored":false,"name":null,"sensor_count":0,"sensor_types":[],"source_id":"osm","status":"not_monitored"},"type":"Feature"},{"geometry":{"coordinates":[[[-100.014121,37.75551],[-100.014122,37.755445],[-100.013928,37.755443],[-100.013927,37.755529],[-100.014038,37.75553],[-100.014038,37.755509],[-100.014121,37.75551]]],"type":"Polygon"},"properties":{"anomaly_count":0,"asset_id":"BLD-0308","asset_type":"building","building_type":"house","category":"Buildings","centroid":[-100.014018,37.755483],"footprint_m2":144,"health_score":null,"height_m":5.2,"height_source":"lidar_3dep","is_simulated":false,"levels":null,"monitored":false,"name":null,"sensor_count":0,"sensor_types":[],"source_id":"osm","status":"not_monitored"},"type":"Feature"},{"geometry":{"coordinates":[[[-100.018465,37.760689],[-100.018208,37.760686],[-100.018204,37.76088],[-100.018361,37.760882],[-100.018363,37.76077],[-100.018464,37.760771],[-100.018465,37.760689]]],"type":"Polygon"},"properties":{"anomaly_count":0,"asset_id":"BLD-0309","asset_type":"building","building_type":"yes","category":"Buildings","centroid":[-100.018312,37.760772],"footprint_m2":376.8,"health_score":null,"height_m":6.7,"height_source":"lidar_3dep","is_simulated":false,"levels":null,"monitored":false,"name":null,"sensor_count":0,"sensor_types":[],"source_id":"osm","status":"not_monitored"},"type":"Feature"},{"geometry":{"coordinates":[[[-100.017213,37.756423],[-100.016822,37.756402],[-100.016808,37.756573],[-100.0171,37.756588],[-100.01709,37.756711],[-100.016803,37.756696],[-100.016795,37.75679],[-100.016989,37.756801],[-100.016979,37.756926],[-100.016934,37.756924],[-100.016931,37.756951],[-100.016806,37.756944],[-100.016801,37.757002],[-100.016762,37.757],[-100.016742,37.757239],[-100.017142,37.75726],[-100.017213,37.756423]]],"type":"Polygon"},"properties":{"anomaly_count":0,"asset_id":"BLD-0310","asset_type":"building","building_type":"yes","category":"Buildings","centroid":[-100.016998,37.756855],"footprint_m2":2562,"health_score":100,"height_m":11.3,"height_source":"lidar_3dep","is_simulated":false,"levels":null,"monitored":true,"name":null,"sensor_count":1,"sensor_types":["vibration"],"source_id":"osm","status":"normal"},"type":"Feature"},{"geometry":{"coordinates":[[[-100.018814,37.756249],[-100.018853,37.75585],[-100.01857,37.755833],[-100.018549,37.756054],[-100.018463,37.756049],[-100.018446,37.756226],[-100.018814,37.756249]]],"type":"Polygon"},"properties":{"anomaly_count":0,"asset_id":"BLD-0311","asset_type":"building","building_type":"yes","category":"Buildings","centroid":[-100.018669,37.756053],"footprint_m2":1251.3,"health_score":100,"height_m":3.9,"height_source":"lidar_3dep","is_simulated":false,"levels":null,"monitored":true,"name":null,"sensor_count":1,"sensor_types":["temperature"],"source_id":"osm","status":"normal"},"type":"Feature"},{"geometry":{"coordinates":[[[-100.006554,37.757857],[-100.006253,37.757855],[-100.006252,37.757927],[-100.00602,37.757926],[-100.006019,37.757982],[-100.005985,37.757982],[-100.005984,37.758045],[-100.005955,37.758045],[-100.005953,37.758165],[-100.005938,37.758165],[-100.005936,37.758343],[-100.006355,37.758346],[-100.006354,37.758426],[-100.006066,37.758424],[-100.006063,37.758651],[-100.006364,37.758653],[-100.006364,37.758708],[-100.005742,37.758704],[-100.005742,37.75876],[-100.005562,37.758758],[-100.00556,37.758962],[-100.006412,37.758967],[-100.006412,37.758922],[-100.00648,37.758923],[-100.006489,37.758083],[-100.00644,37.758083],[-100.006441,37.757994],[-100.006552,37.757995],[-100.006554,37.757857]]],"type":"Polygon"},"properties":{"anomaly_count":0,"asset_id":"BLD-0312","asset_type":"building","building_type":"yes","category":"Buildings","centroid":[-100.00617,37.758478],"footprint_m2":5641.4,"health_score":100,"height_m":4.4,"height_source":"lidar_3dep","is_simulated":false,"levels":null,"monitored":true,"name":"Miller Elementary School","sensor_count":3,"sensor_types":["moisture","temperature","vibration"],"source_id":"osm","status":"normal"},"type":"Feature"},{"geometry":{"coordinates":[[[-100.006496,37.754716],[-100.006492,37.754639],[-100.006436,37.754641],[-100.006255,37.754492],[-100.006018,37.754489],[-100.006016,37.754566],[-100.006106,37.754566],[-100.006105,37.754602],[-100.006209,37.754602],[-100.006331,37.754702],[-100.006332,37.754721],[-100.006496,37.754716]]],"type":"Polygon"},"properties":{"anomaly_count":0,"asset_id":"BLD-0313","asset_type":"building","building_type":"yes","category":"Buildings","centroid":[-100.006262,37.754594],"footprint_m2":512.3,"health_score":100,"height_m":6.3,"height_source":"lidar_3dep","is_simulated":false,"levels":null,"monitored":true,"name":null,"sensor_count":1,"sensor_types":["vibration"],"source_id":"osm","status":"normal"},"type":"Feature"},{"geometry":{"coordinates":[[[-100.01945,37.758154],[-100.019459,37.758058],[-100.01963,37.758069],[-100.01967,37.757666],[-100.019303,37.757644],[-100.019282,37.757858],[-100.019186,37.757852],[-100.019158,37.758136],[-100.01945,37.758154]]],"type":"Polygon"},"properties":{"anomaly_count":1,"asset_id":"BLD-0314","asset_type":"building","building_type":"yes","category":"Buildings","centroid":[-100.019421,37.7579],"footprint_m2":1895.3,"health_score":100,"height_m":8.5,"height_source":"lidar_3dep","is_simulated":false,"levels":null,"monitored":true,"name":null,"sensor_count":1,"sensor_types":["vibration"],"source_id":"osm","status":"normal"},"type":"Feature"},{"geometry":{"coordinates":[[[-100.028703,37.753704],[-100.028695,37.753843],[-100.028902,37.75385],[-100.02891,37.753711],[-100.028703,37.753704]]],"type":"Polygon"},"properties":{"anomaly_count":0,"asset_id":"BLD-0315","asset_type":"building","building_type":"yes","category":"Buildings","centroid":[-100.028802,37.753777],"footprint_m2":280.6,"health_score":null,"height_m":5.1,"height_source":"lidar_3dep","is_simulated":false,"levels":null,"monitored":false,"name":"Love's","sensor_count":0,"sensor_types":[],"source_id":"osm","status":"not_monitored"},"type":"Feature"},{"geometry":{"coordinates":[[[-100.028344,37.753595],[-100.028341,37.753667],[-100.028338,37.753733],[-100.028475,37.753736],[-100.028478,37.75367],[-100.02848,37.753599],[-100.028344,37.753595]]],"type":"Polygon"},"properties":{"anomaly_count":0,"asset_id":"BLD-0316","asset_type":"building","building_type":"roof","category":"Buildings","centroid":[-100.028409,37.753666],"footprint_m2":183.5,"health_score":null,"height_m":5,"height_source":"lidar_3dep","is_simulated":false,"levels":null,"monitored":false,"name":null,"sensor_count":0,"sensor_types":[],"source_id":"osm","status":"not_monitored"},"type":"Feature"},{"geometry":{"coordinates":[[[-100.020403,37.754771],[-100.020651,37.754786],[-100.020668,37.754615],[-100.02042,37.7546],[-100.020403,37.754771]]],"type":"Polygon"},"properties":{"anomaly_count":0,"asset_id":"BLD-0317","asset_type":"building","building_type":"yes","category":"Buildings","centroid":[-100.020535,37.754693],"footprint_m2":415.9,"health_score":null,"height_m":6,"height_source":"estimated","is_simulated":false,"levels":null,"monitored":false,"name":null,"sensor_count":0,"sensor_types":[],"source_id":"osm","status":"not_monitored"},"type":"Feature"},{"geometry":{"coordinates":[[[-100.020545,37.75517],[-100.020569,37.754901],[-100.020378,37.754891],[-100.020354,37.75516],[-100.020545,37.75517]]],"type":"Polygon"},"properties":{"anomaly_count":0,"asset_id":"BLD-0318","asset_type":"building","building_type":"yes","category":"Buildings","centroid":[-100.020462,37.75503],"footprint_m2":501,"health_score":100,"height_m":6,"height_source":"estimated","is_simulated":false,"levels":null,"monitored":true,"name":null,"sensor_count":1,"sensor_types":["vibration"],"source_id":"osm","status":"normal"},"type":"Feature"},{"geometry":{"coordinates":[[[-100.0209,37.754752],[-100.020901,37.754745],[-100.020925,37.754746],[-100.020929,37.754702],[-100.0209,37.7547],[-100.020906,37.754641],[-100.020814,37.754635],[-100.020802,37.754746],[-100.0209,37.754752]]],"type":"Polygon"},"properties":{"anomaly_count":0,"asset_id":"BLD-0319","asset_type":"building","building_type":"yes","category":"Buildings","centroid":[-100.020861,37.754697],"footprint_m2":113.5,"health_score":null,"height_m":6.4,"height_source":"lidar_3dep","is_simulated":false,"levels":null,"monitored":false,"name":null,"sensor_count":0,"sensor_types":[],"source_id":"osm","status":"not_monitored"},"type":"Feature"},{"geometry":{"coordinates":[[[-100.021,37.754654],[-100.020992,37.754727],[-100.021037,37.75473],[-100.021034,37.75476],[-100.021146,37.754767],[-100.02115,37.754721],[-100.021166,37.754722],[-100.021171,37.754665],[-100.021,37.754654]]],"type":"Polygon"},"properties":{"anomaly_count":0,"asset_id":"BLD-0320","asset_type":"building","building_type":"yes","category":"Buildings","centroid":[-100.021083,37.754706],"footprint_m2":153.2,"health_score":null,"height_m":5.6,"height_source":"lidar_3dep","is_simulated":false,"levels":null,"monitored":false,"name":null,"sensor_count":0,"sensor_types":[],"source_id":"osm","status":"not_monitored"},"type":"Feature"},{"geometry":{"coordinates":[[[-100.021136,37.754797],[-100.021035,37.754793],[-100.02103,37.754868],[-100.021131,37.754873],[-100.021136,37.754797]]],"type":"Polygon"},"properties":{"anomaly_count":0,"asset_id":"BLD-0321","asset_type":"building","building_type":"yes","category":"Buildings","centroid":[-100.021083,37.754833],"footprint_m2":74.2,"health_score":null,"height_m":5.2,"height_source":"lidar_3dep","is_simulated":false,"levels":null,"monitored":false,"name":null,"sensor_count":0,"sensor_types":[],"source_id":"osm","status":"not_monitored"},"type":"Feature"},{"geometry":{"coordinates":[[[-100.021131,37.754921],[-100.021004,37.754914],[-100.020997,37.755],[-100.021124,37.755007],[-100.021131,37.754921]]],"type":"Polygon"},"properties":{"anomaly_count":0,"asset_id":"BLD-0322","asset_type":"building","building_type":"yes","category":"Buildings","centroid":[-100.021064,37.754961],"footprint_m2":106,"health_score":null,"height_m":6.9,"height_source":"lidar_3dep","is_simulated":false,"levels":null,"monitored":false,"name":null,"sensor_count":0,"sensor_types":[],"source_id":"osm","status":"not_monitored"},"type":"Feature"},{"geometry":{"coordinates":[[[-100.021173,37.755148],[-100.021182,37.755043],[-100.021108,37.755039],[-100.021098,37.755144],[-100.021173,37.755148]]],"type":"Polygon"},"properties":{"anomaly_count":0,"asset_id":"BLD-0323","asset_type":"building","building_type":"yes","category":"Buildings","centroid":[-100.02114,37.755094],"footprint_m2":76.1,"health_score":null,"height_m":4.6,"height_source":"lidar_3dep","is_simulated":false,"levels":null,"monitored":false,"name":null,"sensor_count":0,"sensor_types":[],"source_id":"osm","status":"not_monitored"},"type":"Feature"},{"geometry":{"coordinates":[[[-100.021113,37.755326],[-100.021119,37.755244],[-100.020999,37.755238],[-100.020993,37.75532],[-100.021113,37.755326]]],"type":"Polygon"},"properties":{"anomaly_count":0,"asset_id":"BLD-0324","asset_type":"building","building_type":"yes","category":"Buildings","centroid":[-100.021056,37.755282],"footprint_m2":96.1,"health_score":null,"height_m":8.7,"height_source":"lidar_3dep","is_simulated":false,"levels":null,"monitored":false,"name":null,"sensor_count":0,"sensor_types":[],"source_id":"osm","status":"not_monitored"},"type":"Feature"},{"geometry":{"coordinates":[[[-100.020916,37.755266],[-100.020921,37.7552],[-100.020852,37.755197],[-100.020847,37.755263],[-100.020916,37.755266]]],"type":"Polygon"},"properties":{"anomaly_count":0,"asset_id":"BLD-0325","asset_type":"building","building_type":"yes","category":"Buildings","centroid":[-100.020884,37.755232],"footprint_m2":44.5,"health_score":null,"height_m":4.5,"height_source":"estimated","is_simulated":false,"levels":null,"monitored":false,"name":null,"sensor_count":0,"sensor_types":[],"source_id":"osm","status":"not_monitored"},"type":"Feature"},{"geometry":{"coordinates":[[[-100.021103,37.755455],[-100.021105,37.75543],[-100.021128,37.755431],[-100.021132,37.755387],[-100.021108,37.755385],[-100.02111,37.755367],[-100.020985,37.75536],[-100.020978,37.755448],[-100.021103,37.755455]]],"type":"Polygon"},"properties":{"anomaly_count":0,"asset_id":"BLD-0326","asset_type":"building","building_type":"yes","category":"Buildings","centroid":[-100.02105,37.755408],"footprint_m2":116.6,"health_score":null,"height_m":6.2,"height_source":"lidar_3dep","is_simulated":false,"levels":null,"monitored":false,"name":null,"sensor_count":0,"sensor_types":[],"source_id":"osm","status":"not_monitored"},"type":"Feature"},{"geometry":{"coordinates":[[[-100.020938,37.755382],[-100.020949,37.755324],[-100.020875,37.755315],[-100.020864,37.755373],[-100.020938,37.755382]]],"type":"Polygon"},"properties":{"anomaly_count":0,"asset_id":"BLD-0327","asset_type":"building","building_type":"yes","category":"Buildings","centroid":[-100.020906,37.755349],"footprint_m2":42.5,"health_score":null,"height_m":3.2,"height_source":"lidar_3dep","is_simulated":false,"levels":null,"monitored":false,"name":null,"sensor_count":0,"sensor_types":[],"source_id":"osm","status":"not_monitored"},"type":"Feature"},{"geometry":{"coordinates":[[[-100.020843,37.755437],[-100.020851,37.755343],[-100.020761,37.755338],[-100.020753,37.755432],[-100.020843,37.755437]]],"type":"Polygon"},"properties":{"anomaly_count":0,"asset_id":"BLD-0328","asset_type":"building","building_type":"yes","category":"Buildings","centroid":[-100.020802,37.755387],"footprint_m2":82.6,"health_score":null,"height_m":5.8,"height_source":"lidar_3dep","is_simulated":false,"levels":null,"monitored":false,"name":null,"sensor_count":0,"sensor_types":[],"source_id":"osm","status":"not_monitored"},"type":"Feature"},{"geometry":{"coordinates":[[[-100.021713,37.754767],[-100.021667,37.754765],[-100.021668,37.754753],[-100.02159,37.75475],[-100.02159,37.75476],[-100.02156,37.754759],[-100.021556,37.754815],[-100.021614,37.754817],[-100.021613,37.754832],[-100.021671,37.754834],[-100.021672,37.754809],[-100.021711,37.75481],[-100.021713,37.754767]]],"type":"Polygon"},"properties":{"anomaly_count":0,"asset_id":"BLD-0329","asset_type":"building","building_type":"yes","category":"Buildings","centroid":[-100.021632,37.75479],"footprint_m2":94.7,"health_score":null,"height_m":6.4,"height_source":"lidar_3dep","is_simulated":false,"levels":null,"monitored":false,"name":null,"sensor_count":0,"sensor_types":[],"source_id":"osm","status":"not_monitored"},"type":"Feature"},{"geometry":{"coordinates":[[[-100.021719,37.75495],[-100.021724,37.754866],[-100.021552,37.75486],[-100.021552,37.754865],[-100.02153,37.754864],[-100.021526,37.754942],[-100.021719,37.75495]]],"type":"Polygon"},"properties":{"anomaly_count":0,"asset_id":"BLD-0330","asset_type":"building","building_type":"yes","category":"Buildings","centroid":[-100.021625,37.754905],"footprint_m2":155.9,"health_score":null,"height_m":5.3,"height_source":"lidar_3dep","is_simulated":false,"levels":null,"monitored":false,"name":null,"sensor_count":0,"sensor_types":[],"source_id":"osm","status":"not_monitored"},"type":"Feature"},{"geometry":{"coordinates":[[[-100.021705,37.755048],[-100.021709,37.754976],[-100.021543,37.75497],[-100.021542,37.754979],[-100.021507,37.754978],[-100.021504,37.755032],[-100.021541,37.755034],[-100.021541,37.755042],[-100.021705,37.755048]]],"type":"Polygon"},"properties":{"anomaly_count":0,"asset_id":"BLD-0331","asset_type":"building","building_type":"yes","category":"Buildings","centroid":[-100.02161,37.755008],"footprint_m2":134.3,"health_score":null,"height_m":5.1,"height_source":"lidar_3dep","is_simulated":false,"levels":null,"monitored":false,"name":null,"sensor_count":0,"sensor_types":[],"source_id":"osm","status":"not_monitored"},"type":"Feature"},{"geometry":{"coordinates":[[[-100.021618,37.75523],[-100.021627,37.75513],[-100.021508,37.755123],[-100.021499,37.755223],[-100.021618,37.75523]]],"type":"Polygon"},"properties":{"anomaly_count":0,"asset_id":"BLD-0332","asset_type":"building","building_type":"yes","category":"Buildings","centroid":[-100.021563,37.755176],"footprint_m2":116.3,"health_score":null,"height_m":6.6,"height_source":"lidar_3dep","is_simulated":false,"levels":null,"monitored":false,"name":null,"sensor_count":0,"sensor_types":[],"source_id":"osm","status":"not_monitored"},"type":"Feature"},{"geometry":{"coordinates":[[[-100.021749,37.755097],[-100.021743,37.755141],[-100.021828,37.755149],[-100.021834,37.755104],[-100.021749,37.755097]]],"type":"Polygon"},"properties":{"anomaly_count":0,"asset_id":"BLD-0333","asset_type":"building","building_type":"yes","category":"Buildings","centroid":[-100.021788,37.755123],"footprint_m2":37,"health_score":null,"height_m":2.8,"height_source":"lidar_3dep","is_simulated":false,"levels":null,"monitored":false,"name":null,"sensor_count":0,"sensor_types":[],"source_id":"osm","status":"not_monitored"},"type":"Feature"},{"geometry":{"coordinates":[[[-100.02148,37.755351],[-100.021669,37.755362],[-100.021674,37.755304],[-100.021642,37.755302],[-100.021645,37.755266],[-100.021553,37.755261],[-100.021551,37.755286],[-100.021486,37.755283],[-100.02148,37.755351]]],"type":"Polygon"},"properties":{"anomaly_count":0,"asset_id":"BLD-0334","asset_type":"building","building_type":"yes","category":"Buildings","centroid":[-100.021579,37.755316],"footprint_m2":145.9,"health_score":null,"height_m":4.5,"height_source":"lidar_3dep","is_simulated":false,"levels":null,"monitored":false,"name":null,"sensor_count":0,"sensor_types":[],"source_id":"osm","status":"not_monitored"},"type":"Feature"},{"geometry":{"coordinates":[[[-100.021699,37.755313],[-100.021694,37.755364],[-100.021785,37.75537],[-100.02179,37.755318],[-100.021699,37.755313]]],"type":"Polygon"},"properties":{"anomaly_count":0,"asset_id":"BLD-0335","asset_type":"building","building_type":"yes","category":"Buildings","centroid":[-100.021742,37.755341],"footprint_m2":45.6,"health_score":null,"height_m":2.9,"height_source":"lidar_3dep","is_simulated":false,"levels":null,"monitored":false,"name":null,"sensor_count":0,"sensor_types":[],"source_id":"osm","status":"not_monitored"},"type":"Feature"},{"geometry":{"coordinates":[[[-100.021802,37.75547],[-100.02181,37.755386],[-100.021749,37.755382],[-100.021741,37.755466],[-100.021802,37.75547]]],"type":"Polygon"},"properties":{"anomaly_count":0,"asset_id":"BLD-0336","asset_type":"building","building_type":"yes","category":"Buildings","centroid":[-100.021776,37.755426],"footprint_m2":50.8,"health_score":null,"height_m":3.2,"height_source":"lidar_3dep","is_simulated":false,"levels":null,"monitored":false,"name":null,"sensor_count":0,"sensor_types":[],"source_id":"osm","status":"not_monitored"},"type":"Feature"},{"geometry":{"coordinates":[[[-100.021668,37.755496],[-100.021675,37.755428],[-100.021657,37.755427],[-100.021661,37.755393],[-100.021595,37.755389],[-100.021594,37.7554],[-100.021556,37.755398],[-100.021557,37.75539],[-100.021524,37.755388],[-100.021523,37.7554],[-100.021507,37.755399],[-100.021506,37.755406],[-100.021476,37.755404],[-100.02147,37.755471],[-100.021497,37.755473],[-100.021495,37.755491],[-100.02156,37.755495],[-100.021561,37.75549],[-100.021668,37.755496]]],"type":"Polygon"},"properties":{"anomaly_count":0,"asset_id":"BLD-0337","asset_type":"building","building_type":"yes","category":"Buildings","centroid":[-100.021575,37.755444],"footprint_m2":179.5,"health_score":null,"height_m":5.7,"height_source":"lidar_3dep","is_simulated":false,"levels":null,"monitored":false,"name":null,"sensor_count":0,"sensor_types":[],"source_id":"osm","status":"not_monitored"},"type":"Feature"},{"geometry":{"coordinates":[[[-100.022117,37.754756],[-100.022055,37.754754],[-100.022048,37.754848],[-100.022125,37.754851],[-100.022126,37.754838],[-100.022144,37.754839],[-100.022143,37.754852],[-100.022204,37.754855],[-100.022205,37.75485],[-100.022246,37.754852],[-100.022248,37.754825],[-100.022272,37.754826],[-100.022276,37.754766],[-100.02216,37.75476],[-100.022158,37.75478],[-100.022115,37.754778],[-100.022117,37.754756]]],"type":"Polygon"},"properties":{"anomaly_count":0,"asset_id":"BLD-0338","asset_type":"building","building_type":"yes","category":"Buildings","centroid":[-100.022159,37.754806],"footprint_m2":180.4,"health_score":null,"height_m":8.7,"height_source":"lidar_3dep","is_simulated":false,"levels":null,"monitored":false,"name":null,"sensor_count":0,"sensor_types":[],"source_id":"osm","status":"not_monitored"},"type":"Feature"},{"geometry":{"coordinates":[[[-100.022243,37.754904],[-100.022097,37.754896],[-100.022095,37.75492],[-100.022044,37.754917],[-100.022039,37.754969],[-100.022233,37.754981],[-100.022234,37.754966],[-100.022259,37.754968],[-100.022263,37.754926],[-100.022241,37.754925],[-100.022243,37.754904]]],"type":"Polygon"},"properties":{"anomaly_count":0,"asset_id":"BLD-0339","asset_type":"building","building_type":"yes","category":"Buildings","centroid":[-100.022154,37.75494],"footprint_m2":143.3,"health_score":null,"height_m":5.7,"height_source":"lidar_3dep","is_simulated":false,"levels":null,"monitored":false,"name":null,"sensor_count":0,"sensor_types":[],"source_id":"osm","status":"not_monitored"},"type":"Feature"},{"geometry":{"coordinates":[[[-100.022089,37.755097],[-100.022223,37.755102],[-100.022227,37.755021],[-100.022094,37.755016],[-100.022089,37.755097]]],"type":"Polygon"},"properties":{"anomaly_count":0,"asset_id":"BLD-0340","asset_type":"building","building_type":"yes","category":"Buildings","centroid":[-100.022158,37.755059],"footprint_m2":105.4,"health_score":null,"height_m":6.2,"height_source":"lidar_3dep","is_simulated":false,"levels":null,"monitored":false,"name":null,"sensor_count":0,"sensor_types":[],"source_id":"osm","status":"not_monitored"},"type":"Feature"},{"geometry":{"coordinates":[[[-100.022218,37.755258],[-100.022221,37.755218],[-100.022242,37.755219],[-100.022247,37.755159],[-100.022224,37.755157],[-100.022224,37.755148],[-100.022006,37.755135],[-100.022,37.755201],[-100.022056,37.755204],[-100.022052,37.755249],[-100.022218,37.755258]]],"type":"Polygon"},"properties":{"anomaly_count":0,"asset_id":"BLD-0341","asset_type":"building","building_type":"yes","category":"Buildings","centroid":[-100.022128,37.755193],"footprint_m2":226.2,"health_score":null,"height_m":6.5,"height_source":"lidar_3dep","is_simulated":false,"levels":null,"monitored":false,"name":null,"sensor_count":0,"sensor_types":[],"source_id":"osm","status":"not_monitored"},"type":"Feature"},{"geometry":{"coordinates":[[[-100.022263,37.755322],[-100.022238,37.755321],[-100.022238,37.755314],[-100.022107,37.755307],[-100.022101,37.755374],[-100.022236,37.755382],[-100.022236,37.755372],[-100.022259,37.755373],[-100.022263,37.755322]]],"type":"Polygon"},"properties":{"anomaly_count":0,"asset_id":"BLD-0342","asset_type":"building","building_type":"yes","category":"Buildings","centroid":[-100.02218,37.755345],"footprint_m2":99,"health_score":null,"height_m":5.1,"height_source":"lidar_3dep","is_simulated":false,"levels":null,"monitored":false,"name":null,"sensor_count":0,"sensor_types":[],"source_id":"osm","status":"not_monitored"},"type":"Feature"},{"geometry":{"coordinates":[[[-100.022236,37.755519],[-100.022244,37.75544],[-100.022221,37.755438],[-100.022224,37.755408],[-100.022062,37.755398],[-100.022051,37.755508],[-100.022236,37.755519]]],"type":"Polygon"},"properties":{"anomaly_count":0,"asset_id":"BLD-0343","asset_type":"building","building_type":"yes","category":"Buildings","centroid":[-100.022146,37.75546],"footprint_m2":192,"health_score":null,"height_m":5.5,"height_source":"lidar_3dep","is_simulated":false,"levels":null,"monitored":false,"name":null,"sensor_count":0,"sensor_types":[],"source_id":"osm","status":"not_monitored"},"type":"Feature"},{"geometry":{"coordinates":[[[-100.021924,37.755517],[-100.02193,37.755454],[-100.021857,37.755451],[-100.021851,37.755513],[-100.021924,37.755517]]],"type":"Polygon"},"properties":{"anomaly_count":0,"asset_id":"BLD-0344","asset_type":"building","building_type":"yes","category":"Buildings","centroid":[-100.02189,37.755484],"footprint_m2":44.7,"health_score":null,"height_m":3.4,"height_source":"lidar_3dep","is_simulated":false,"levels":null,"monitored":false,"name":null,"sensor_count":0,"sensor_types":[],"source_id":"osm","status":"not_monitored"},"type":"Feature"},{"geometry":{"coordinates":[[[-100.022936,37.755097],[-100.022757,37.755087],[-100.022749,37.755175],[-100.022619,37.755167],[-100.022614,37.755229],[-100.022588,37.755228],[-100.022579,37.755329],[-100.022601,37.75533],[-100.022595,37.75539],[-100.022709,37.755397],[-100.022701,37.755484],[-100.022899,37.755495],[-100.022911,37.755368],[-100.022944,37.75537],[-100.02293,37.755522],[-100.02321,37.755537],[-100.023221,37.755412],[-100.023098,37.755405],[-100.023101,37.755369],[-100.023183,37.755374],[-100.023184,37.755362],[-100.023285,37.755367],[-100.023306,37.755129],[-100.022935,37.755109],[-100.022936,37.755097]]],"type":"Polygon"},"properties":{"anomaly_count":0,"asset_id":"BLD-0345","asset_type":"building","building_type":"yes","category":"Buildings","centroid":[-100.022955,37.7553],"footprint_m2":2319.4,"health_score":100,"height_m":9.8,"height_source":"lidar_3dep","is_simulated":false,"levels":null,"monitored":true,"name":null,"sensor_count":1,"sensor_types":["vibration"],"source_id":"osm","status":"normal"},"type":"Feature"},{"geometry":{"coordinates":[[[-100.026155,37.751728],[-100.026161,37.751662],[-100.026013,37.751654],[-100.026007,37.751719],[-100.026155,37.751728]]],"type":"Polygon"},"properties":{"anomaly_count":0,"asset_id":"BLD-0346","asset_type":"building","building_type":"yes","category":"Buildings","centroid":[-100.026084,37.751691],"footprint_m2":94.7,"health_score":null,"height_m":4.1,"height_source":"lidar_3dep","is_simulated":false,"levels":null,"monitored":false,"name":null,"sensor_count":0,"sensor_types":[],"source_id":"osm","status":"not_monitored"},"type":"Feature"},{"geometry":{"coordinates":[[[-100.024955,37.751735],[-100.024966,37.75162],[-100.024653,37.751601],[-100.024666,37.751467],[-100.02451,37.751458],[-100.024495,37.751606],[-100.024525,37.751608],[-100.024515,37.751708],[-100.024955,37.751735]]],"type":"Polygon"},"properties":{"anomaly_count":0,"asset_id":"BLD-0347","asset_type":"building","building_type":"yes","category":"Buildings","centroid":[-100.024693,37.751624],"footprint_m2":701.7,"health_score":null,"height_m":10.3,"height_source":"lidar_3dep","is_simulated":false,"levels":null,"monitored":false,"name":null,"sensor_count":0,"sensor_types":[],"source_id":"osm","status":"not_monitored"},"type":"Feature"},{"geometry":{"coordinates":[[[-100.023968,37.751628],[-100.024156,37.751641],[-100.02417,37.751514],[-100.023982,37.751501],[-100.023968,37.751628]]],"type":"Polygon"},"properties":{"anomaly_count":0,"asset_id":"BLD-0348","asset_type":"building","building_type":"yes","category":"Buildings","centroid":[-100.024069,37.751571],"footprint_m2":233.3,"health_score":null,"height_m":8.1,"height_source":"lidar_3dep","is_simulated":false,"levels":null,"monitored":false,"name":null,"sensor_count":0,"sensor_types":[],"source_id":"osm","status":"not_monitored"},"type":"Feature"},{"geometry":{"coordinates":[[[-100.02457,37.751082],[-100.024403,37.751087],[-100.024406,37.751167],[-100.024574,37.751162],[-100.02457,37.751082]]],"type":"Polygon"},"properties":{"anomaly_count":0,"asset_id":"BLD-0349","asset_type":"building","building_type":"yes","category":"Buildings","centroid":[-100.024488,37.751124],"footprint_m2":131,"health_score":null,"height_m":4.8,"height_source":"lidar_3dep","is_simulated":false,"levels":null,"monitored":false,"name":null,"sensor_count":0,"sensor_types":[],"source_id":"osm","status":"not_monitored"},"type":"Feature"},{"geometry":{"coordinates":[[[-100.024333,37.751152],[-100.02433,37.750978],[-100.023975,37.750981],[-100.023977,37.751155],[-100.024333,37.751152]]],"type":"Polygon"},"properties":{"anomaly_count":0,"asset_id":"BLD-0350","asset_type":"building","building_type":"yes","category":"Buildings","centroid":[-100.024154,37.751066],"footprint_m2":602.9,"health_score":null,"height_m":5.6,"height_source":"lidar_3dep","is_simulated":false,"levels":null,"monitored":false,"name":null,"sensor_count":0,"sensor_types":[],"source_id":"osm","status":"not_monitored"},"type":"Feature"},{"geometry":{"coordinates":[[[-100.02354,37.751665],[-100.023757,37.751678],[-100.023788,37.751343],[-100.023571,37.75133],[-100.02354,37.751665]]],"type":"Polygon"},"properties":{"anomaly_count":0,"asset_id":"BLD-0351","asset_type":"building","building_type":"yes","category":"Buildings","centroid":[-100.023664,37.751504],"footprint_m2":712.4,"health_score":100,"height_m":5.3,"height_source":"lidar_3dep","is_simulated":false,"levels":null,"monitored":true,"name":null,"sensor_count":1,"sensor_types":["temperature"],"source_id":"osm","status":"normal"},"type":"Feature"},{"geometry":{"coordinates":[[[-100.022937,37.751636],[-100.023088,37.751643],[-100.023098,37.751506],[-100.022947,37.7515],[-100.022937,37.751636]]],"type":"Polygon"},"properties":{"anomaly_count":0,"asset_id":"BLD-0352","asset_type":"building","building_type":"yes","category":"Buildings","centroid":[-100.023018,37.751571],"footprint_m2":201.7,"health_score":null,"height_m":5.6,"height_source":"lidar_3dep","is_simulated":false,"levels":null,"monitored":false,"name":null,"sensor_count":0,"sensor_types":[],"source_id":"osm","status":"not_monitored"},"type":"Feature"},{"geometry":{"coordinates":[[[-100.023004,37.751435],[-100.023106,37.751443],[-100.023122,37.751311],[-100.02302,37.751303],[-100.023004,37.751435]]],"type":"Polygon"},"properties":{"anomaly_count":0,"asset_id":"BLD-0353","asset_type":"building","building_type":"yes","category":"Buildings","centroid":[-100.023063,37.751373],"footprint_m2":132,"health_score":null,"height_m":4.5,"height_source":"estimated","is_simulated":false,"levels":null,"monitored":false,"name":null,"sensor_count":0,"sensor_types":[],"source_id":"osm","status":"not_monitored"},"type":"Feature"},{"geometry":{"coordinates":[[[-100.02294,37.751107],[-100.023257,37.751124],[-100.023263,37.751054],[-100.022946,37.751037],[-100.02294,37.751107]]],"type":"Polygon"},"properties":{"anomaly_count":0,"asset_id":"BLD-0354","asset_type":"building","building_type":"yes","category":"Buildings","centroid":[-100.023101,37.751081],"footprint_m2":215.7,"health_score":null,"height_m":6.5,"height_source":"lidar_3dep","is_simulated":false,"levels":null,"monitored":false,"name":null,"sensor_count":0,"sensor_types":[],"source_id":"osm","status":"not_monitored"},"type":"Feature"},{"geometry":{"coordinates":[[[-100.021392,37.751051],[-100.021506,37.751058],[-100.021518,37.750941],[-100.021403,37.750934],[-100.021392,37.751051]]],"type":"Polygon"},"properties":{"anomaly_count":0,"asset_id":"BLD-0355","asset_type":"building","building_type":"yes","category":"Buildings","centroid":[-100.021455,37.750996],"footprint_m2":131,"health_score":null,"height_m":3.2,"height_source":"lidar_3dep","is_simulated":false,"levels":null,"monitored":false,"name":null,"sensor_count":0,"sensor_types":[],"source_id":"osm","status":"not_monitored"},"type":"Feature"},{"geometry":{"coordinates":[[[-100.019921,37.751473],[-100.020328,37.751494],[-100.020355,37.751155],[-100.01993,37.751134],[-100.019908,37.751404],[-100.019926,37.751405],[-100.019921,37.751473]]],"type":"Polygon"},"properties":{"anomaly_count":0,"asset_id":"BLD-0356","asset_type":"building","building_type":"yes","category":"Buildings","centroid":[-100.020131,37.751313],"footprint_m2":1396.3,"health_score":100,"height_m":7.8,"height_source":"lidar_3dep","is_simulated":false,"levels":null,"monitored":true,"name":null,"sensor_count":1,"sensor_types":["vibration"],"source_id":"osm","status":"normal"},"type":"Feature"},{"geometry":{"coordinates":[[[-100.02006,37.750973],[-100.020245,37.750982],[-100.020255,37.750865],[-100.020176,37.750861],[-100.020193,37.750654],[-100.020337,37.750661],[-100.020346,37.750544],[-100.020096,37.750532],[-100.02006,37.750973]]],"type":"Polygon"},"properties":{"anomaly_count":0,"asset_id":"BLD-0357","asset_type":"building","building_type":"yes","category":"Buildings","centroid":[-100.020173,37.75074],"footprint_m2":715.1,"health_score":null,"height_m":4.8,"height_source":"lidar_3dep","is_simulated":false,"levels":null,"monitored":false,"name":null,"sensor_count":0,"sensor_types":[],"source_id":"osm","status":"not_monitored"},"type":"Feature"},{"geometry":{"coordinates":[[[-100.019574,37.750285],[-100.019566,37.750394],[-100.02001,37.750416],[-100.020019,37.750307],[-100.019574,37.750285]]],"type":"Polygon"},"properties":{"anomaly_count":0,"asset_id":"BLD-0358","asset_type":"building","building_type":"yes","category":"Buildings","centroid":[-100.019792,37.75035],"footprint_m2":471.3,"health_score":null,"height_m":5.4,"height_source":"lidar_3dep","is_simulated":false,"levels":null,"monitored":false,"name":null,"sensor_count":0,"sensor_types":[],"source_id":"osm","status":"not_monitored"},"type":"Feature"},{"geometry":{"coordinates":[[[-100.018904,37.75019],[-100.018881,37.750516],[-100.019286,37.750534],[-100.019309,37.750208],[-100.018904,37.75019]]],"type":"Polygon"},"properties":{"anomaly_count":0,"asset_id":"BLD-0359","asset_type":"building","building_type":"yes","category":"Buildings","centroid":[-100.019095,37.750362],"footprint_m2":1288.7,"health_score":null,"height_m":6.2,"height_source":"lidar_3dep","is_simulated":false,"levels":null,"monitored":false,"name":null,"sensor_count":0,"sensor_types":[],"source_id":"osm","status":"not_monitored"},"type":"Feature"},{"geometry":{"coordinates":[[[-100.019058,37.7498],[-100.019055,37.749902],[-100.019266,37.749905],[-100.019269,37.749803],[-100.019058,37.7498]]],"type":"Polygon"},"properties":{"anomaly_count":0,"asset_id":"BLD-0360","asset_type":"building","building_type":"yes","category":"Buildings","centroid":[-100.019162,37.749853],"footprint_m2":208.8,"health_score":null,"height_m":4.7,"height_source":"lidar_3dep","is_simulated":false,"levels":null,"monitored":false,"name":null,"sensor_count":0,"sensor_types":[],"source_id":"osm","status":"not_monitored"},"type":"Feature"},{"geometry":{"coordinates":[[[-100.019203,37.749235],[-100.018803,37.749219],[-100.018795,37.749336],[-100.019195,37.749352],[-100.019203,37.749235]]],"type":"Polygon"},"properties":{"anomaly_count":0,"asset_id":"BLD-0361","asset_type":"building","building_type":"yes","category":"Buildings","centroid":[-100.018999,37.749286],"footprint_m2":458.2,"health_score":null,"height_m":4.2,"height_source":"lidar_3dep","is_simulated":false,"levels":null,"monitored":false,"name":null,"sensor_count":0,"sensor_types":[],"source_id":"osm","status":"not_monitored"},"type":"Feature"},{"geometry":{"coordinates":[[[-100.018281,37.749045],[-100.018318,37.748629],[-100.018234,37.748624],[-100.018214,37.74884],[-100.018079,37.748833],[-100.018077,37.748854],[-100.018047,37.748853],[-100.018045,37.748868],[-100.01802,37.748866],[-100.018016,37.748913],[-100.017909,37.748907],[-100.017898,37.749024],[-100.018281,37.749045]]],"type":"Polygon"},"properties":{"anomaly_count":0,"asset_id":"BLD-0362","asset_type":"building","building_type":"yes","category":"Buildings","centroid":[-100.01815,37.748899],"footprint_m2":826,"health_score":100,"height_m":5.5,"height_source":"lidar_3dep","is_simulated":false,"levels":null,"monitored":true,"name":null,"sensor_count":1,"sensor_types":["temperature"],"source_id":"osm","status":"normal"},"type":"Feature"},{"geometry":{"coordinates":[[[-100.018243,37.749377],[-100.018179,37.749369],[-100.018167,37.749443],[-100.018231,37.749448],[-100.018243,37.749377]]],"type":"Polygon"},"properties":{"anomaly_count":0,"asset_id":"BLD-0363","asset_type":"building","building_type":"yes","category":"Buildings","centroid":[-100.018205,37.749409],"footprint_m2":45.7,"health_score":null,"height_m":7.9,"height_source":"lidar_3dep","is_simulated":false,"levels":null,"monitored":false,"name":null,"sensor_count":0,"sensor_types":[],"source_id":"osm","status":"not_monitored"},"type":"Feature"},{"geometry":{"coordinates":[[[-100.017854,37.749804],[-100.017861,37.749723],[-100.017915,37.749726],[-100.017924,37.749621],[-100.017675,37.749608],[-100.017666,37.749715],[-100.017726,37.749718],[-100.01772,37.749796],[-100.017854,37.749804]]],"type":"Polygon"},"properties":{"anomaly_count":0,"asset_id":"BLD-0364","asset_type":"building","building_type":"yes","category":"Buildings","centroid":[-100.017793,37.749694],"footprint_m2":362.3,"health_score":null,"height_m":6.4,"height_source":"lidar_3dep","is_simulated":false,"levels":null,"monitored":false,"name":null,"sensor_count":0,"sensor_types":[],"source_id":"osm","status":"not_monitored"},"type":"Feature"},{"geometry":{"coordinates":[[[-100.016882,37.748924],[-100.016455,37.7489],[-100.01641,37.749387],[-100.016756,37.749407],[-100.016787,37.749074],[-100.016867,37.749079],[-100.016882,37.748924]]],"type":"Polygon"},"properties":{"anomaly_count":0,"asset_id":"BLD-0365","asset_type":"building","building_type":"yes","category":"Buildings","centroid":[-100.016621,37.749143],"footprint_m2":1772.3,"health_score":100,"height_m":6.4,"height_source":"lidar_3dep","is_simulated":false,"levels":null,"monitored":true,"name":null,"sensor_count":1,"sensor_types":["moisture"],"source_id":"osm","status":"normal"},"type":"Feature"},{"geometry":{"coordinates":[[[-100.017196,37.749385],[-100.017206,37.749299],[-100.01713,37.749294],[-100.017121,37.74938],[-100.017196,37.749385]]],"type":"Polygon"},"properties":{"anomaly_count":0,"asset_id":"BLD-0366","asset_type":"building","building_type":"yes","category":"Buildings","centroid":[-100.017163,37.74934],"footprint_m2":63.6,"health_score":null,"height_m":3.3,"height_source":"lidar_3dep","is_simulated":false,"levels":null,"monitored":false,"name":null,"sensor_count":0,"sensor_types":[],"source_id":"osm","status":"not_monitored"},"type":"Feature"},{"geometry":{"coordinates":[[[-100.017197,37.749561],[-100.016918,37.74955],[-100.016911,37.749658],[-100.017088,37.749665],[-100.017083,37.74974],[-100.017185,37.749744],[-100.017197,37.749561]]],"type":"Polygon"},"properties":{"anomaly_count":0,"asset_id":"BLD-0367","asset_type":"building","building_type":"yes","category":"Buildings","centroid":[-100.017071,37.749629],"footprint_m2":368.7,"health_score":null,"height_m":6,"height_source":"lidar_3dep","is_simulated":false,"levels":null,"monitored":false,"name":null,"sensor_count":0,"sensor_types":[],"source_id":"osm","status":"not_monitored"},"type":"Feature"},{"geometry":{"coordinates":[[[-100.019233,37.751099],[-100.018852,37.751079],[-100.01883,37.751353],[-100.018768,37.75135],[-100.018786,37.751126],[-100.01877,37.751126],[-100.018773,37.751094],[-100.018644,37.751087],[-100.018641,37.75112],[-100.018577,37.751116],[-100.018582,37.751066],[-100.018368,37.751054],[-100.018339,37.751399],[-100.018553,37.75141],[-100.018559,37.751337],[-100.018757,37.751347],[-100.018751,37.751414],[-100.019035,37.751428],[-100.019047,37.751286],[-100.019217,37.751295],[-100.019233,37.751099]]],"type":"Polygon"},"properties":{"anomaly_count":0,"asset_id":"BLD-0368","asset_type":"building","building_type":"yes","category":"Buildings","centroid":[-100.018758,37.751234],"footprint_m2":2280.1,"health_score":100,"height_m":5.7,"height_source":"lidar_3dep","is_simulated":false,"levels":null,"monitored":true,"name":null,"sensor_count":1,"sensor_types":["moisture"],"source_id":"osm","status":"normal"},"type":"Feature"},{"geometry":{"coordinates":[[[-100.017153,37.751331],[-100.017162,37.751196],[-100.017315,37.751202],[-100.017329,37.750991],[-100.017177,37.750985],[-100.017178,37.750968],[-100.017045,37.750993],[-100.017043,37.751016],[-100.01697,37.751012],[-100.016791,37.751075],[-100.016776,37.751285],[-100.016865,37.751302],[-100.01703,37.751309],[-100.017029,37.751326],[-100.017153,37.751331]]],"type":"Polygon"},"properties":{"anomaly_count":0,"asset_id":"BLD-0369","asset_type":"building","building_type":"yes","category":"Buildings","centroid":[-100.017048,37.751147],"footprint_m2":1401.6,"health_score":null,"height_m":7,"height_source":"lidar_3dep","is_simulated":false,"levels":null,"monitored":false,"name":null,"sensor_count":0,"sensor_types":[],"source_id":"osm","status":"not_monitored"},"type":"Feature"},{"geometry":{"coordinates":[[[-100.018166,37.750537],[-100.017955,37.750524],[-100.017944,37.750637],[-100.017977,37.750639],[-100.017956,37.750858],[-100.018134,37.750869],[-100.018166,37.750537]]],"type":"Polygon"},"properties":{"anomaly_count":0,"asset_id":"BLD-0370","asset_type":"building","building_type":"yes","category":"Buildings","centroid":[-100.018055,37.750691],"footprint_m2":613.6,"health_score":null,"height_m":15.2,"height_source":"lidar_3dep","is_simulated":false,"levels":null,"monitored":false,"name":null,"sensor_count":0,"sensor_types":[],"source_id":"osm","status":"not_monitored"},"type":"Feature"},{"geometry":{"coordinates":[[[-100.016284,37.750874],[-100.016604,37.750891],[-100.016635,37.750829],[-100.01665,37.750558],[-100.016692,37.750479],[-100.01632,37.750459],[-100.016284,37.750874]]],"type":"Polygon"},"properties":{"anomaly_count":1,"asset_id":"BLD-0371","asset_type":"building","building_type":"yes","category":"Buildings","centroid":[-100.016474,37.750674],"footprint_m2":1390.1,"health_score":100,"height_m":7.7,"height_source":"lidar_3dep","is_simulated":false,"levels":null,"monitored":true,"name":null,"sensor_count":1,"sensor_types":["vibration"],"source_id":"osm","status":"normal"},"type":"Feature"},{"geometry":{"coordinates":[[[-100.016026,37.750653],[-100.01603,37.750614],[-100.016057,37.750615],[-100.016063,37.750559],[-100.016034,37.750557],[-100.016036,37.750545],[-100.015872,37.750534],[-100.015861,37.750643],[-100.016026,37.750653]]],"type":"Polygon"},"properties":{"anomaly_count":0,"asset_id":"BLD-0372","asset_type":"building","building_type":"yes","category":"Buildings","centroid":[-100.015957,37.750593],"footprint_m2":189.7,"health_score":null,"height_m":4.2,"height_source":"lidar_3dep","is_simulated":false,"levels":null,"monitored":false,"name":null,"sensor_count":0,"sensor_types":[],"source_id":"osm","status":"not_monitored"},"type":"Feature"},{"geometry":{"coordinates":[[[-100.016066,37.750271],[-100.016072,37.750177],[-100.015957,37.750172],[-100.015956,37.750179],[-100.01588,37.750176],[-100.015875,37.75024],[-100.015951,37.750243],[-100.01595,37.750266],[-100.016066,37.750271]]],"type":"Polygon"},"properties":{"anomaly_count":0,"asset_id":"BLD-0373","asset_type":"building","building_type":"yes","category":"Buildings","centroid":[-100.015981,37.750218],"footprint_m2":154.2,"health_score":null,"height_m":4.2,"height_source":"lidar_3dep","is_simulated":false,"levels":null,"monitored":false,"name":null,"sensor_count":0,"sensor_types":[],"source_id":"osm","status":"not_monitored"},"type":"Feature"},{"geometry":{"coordinates":[[[-100.015816,37.750631],[-100.015823,37.750574],[-100.015754,37.750569],[-100.015747,37.750626],[-100.015816,37.750631]]],"type":"Polygon"},"properties":{"anomaly_count":0,"asset_id":"BLD-0374","asset_type":"building","building_type":"yes","category":"Buildings","centroid":[-100.015785,37.7506],"footprint_m2":38.8,"health_score":null,"height_m":4.5,"height_source":"estimated","is_simulated":false,"levels":null,"monitored":false,"name":null,"sensor_count":0,"sensor_types":[],"source_id":"osm","status":"not_monitored"},"type":"Feature"},{"geometry":{"coordinates":[[[-100.01608,37.750863],[-100.016086,37.750777],[-100.015674,37.75076],[-100.01565,37.751126],[-100.015863,37.751162],[-100.015884,37.750855],[-100.01608,37.750863]]],"type":"Polygon"},"properties":{"anomaly_count":1,"asset_id":"BLD-0375","asset_type":"building","building_type":"yes","category":"Buildings","centroid":[-100.015807,37.750931],"footprint_m2":960.5,"health_score":100,"height_m":6.3,"height_source":"lidar_3dep","is_simulated":false,"levels":null,"monitored":true,"name":null,"sensor_count":1,"sensor_types":["temperature"],"source_id":"osm","status":"normal"},"type":"Feature"},{"geometry":{"coordinates":[[[-100.015527,37.750238],[-100.01553,37.750196],[-100.015492,37.750195],[-100.015494,37.750169],[-100.015458,37.750167],[-100.015457,37.75019],[-100.015411,37.750189],[-100.015412,37.750168],[-100.01536,37.750166],[-100.015359,37.750184],[-100.0153,37.750182],[-100.015297,37.750239],[-100.015356,37.750242],[-100.015356,37.750232],[-100.015527,37.750238]]],"type":"Polygon"},"properties":{"anomaly_count":0,"asset_id":"BLD-0376","asset_type":"building","building_type":"yes","category":"Buildings","centroid":[-100.01541,37.750208],"footprint_m2":125.8,"health_score":null,"height_m":3.1,"height_source":"lidar_3dep","is_simulated":false,"levels":null,"monitored":false,"name":null,"sensor_count":0,"sensor_types":[],"source_id":"osm","status":"not_monitored"},"type":"Feature"},{"geometry":{"coordinates":[[[-100.015312,37.750352],[-100.015332,37.750352],[-100.015332,37.75036],[-100.015465,37.750366],[-100.015465,37.750358],[-100.015488,37.750359],[-100.015493,37.750299],[-100.015467,37.750298],[-100.015468,37.75029],[-100.015337,37.750284],[-100.015336,37.750294],[-100.015317,37.750294],[-100.015312,37.750352]]],"type":"Polygon"},"properties":{"anomaly_count":0,"asset_id":"BLD-0377","asset_type":"building","building_type":"yes","category":"Buildings","centroid":[-100.015402,37.750325],"footprint_m2":123.4,"health_score":null,"height_m":6,"height_source":"lidar_3dep","is_simulated":false,"levels":null,"monitored":false,"name":null,"sensor_count":0,"sensor_types":[],"source_id":"osm","status":"not_monitored"},"type":"Feature"},{"geometry":{"coordinates":[[[-100.015466,37.75049],[-100.015468,37.750456],[-100.015516,37.750458],[-100.01552,37.750416],[-100.015449,37.750413],[-100.015452,37.750377],[-100.015377,37.750374],[-100.015375,37.750405],[-100.01533,37.750403],[-100.01533,37.750414],[-100.015307,37.750413],[-100.015304,37.750468],[-100.015329,37.750469],[-100.015328,37.750478],[-100.015418,37.750482],[-100.015417,37.750488],[-100.015466,37.75049]]],"type":"Polygon"},"properties":{"anomaly_count":0,"asset_id":"BLD-0378","asset_type":"building","building_type":"yes","category":"Buildings","centroid":[-100.015407,37.750436],"footprint_m2":159.2,"health_score":null,"height_m":6.3,"height_source":"lidar_3dep","is_simulated":false,"levels":null,"monitored":false,"name":null,"sensor_count":0,"sensor_types":[],"source_id":"osm","status":"not_monitored"},"type":"Feature"},{"geometry":{"coordinates":[[[-100.014935,37.750952],[-100.014941,37.75089],[-100.014829,37.750883],[-100.014823,37.750947],[-100.014865,37.75095],[-100.014865,37.750955],[-100.014914,37.750958],[-100.014914,37.750951],[-100.014935,37.750952]]],"type":"Polygon"},"properties":{"anomaly_count":0,"asset_id":"BLD-0379","asset_type":"building","building_type":"yes","category":"Buildings","centroid":[-100.014882,37.75092],"footprint_m2":72.6,"health_score":null,"height_m":4.9,"height_source":"lidar_3dep","is_simulated":false,"levels":null,"monitored":false,"name":null,"sensor_count":0,"sensor_types":[],"source_id":"osm","status":"not_monitored"},"type":"Feature"},{"geometry":{"coordinates":[[[-100.013165,37.749993],[-100.013201,37.749969],[-100.013188,37.749957],[-100.013246,37.749918],[-100.013179,37.749855],[-100.013085,37.749918],[-100.013165,37.749993]]],"type":"Polygon"},"properties":{"anomaly_count":0,"asset_id":"BLD-0380","asset_type":"building","building_type":"yes","category":"Buildings","centroid":[-100.013166,37.749922],"footprint_m2":106.2,"health_score":null,"height_m":4.4,"height_source":"lidar_3dep","is_simulated":false,"levels":null,"monitored":false,"name":null,"sensor_count":0,"sensor_types":[],"source_id":"osm","status":"not_monitored"},"type":"Feature"},{"geometry":{"coordinates":[[[-100.012547,37.750507],[-100.012763,37.750507],[-100.012763,37.750493],[-100.012854,37.750493],[-100.012854,37.750486],[-100.012878,37.750486],[-100.012878,37.750398],[-100.012853,37.750398],[-100.012853,37.75023],[-100.012759,37.75023],[-100.012759,37.750162],[-100.012547,37.750162],[-100.012547,37.750507]]],"type":"Polygon"},"properties":{"anomaly_count":0,"asset_id":"BLD-0381","asset_type":"building","building_type":"yes","category":"Buildings","centroid":[-100.012696,37.750343],"footprint_m2":973,"health_score":null,"height_m":4.3,"height_source":"lidar_3dep","is_simulated":false,"levels":null,"monitored":false,"name":null,"sensor_count":0,"sensor_types":[],"source_id":"osm","status":"not_monitored"},"type":"Feature"},{"geometry":{"coordinates":[[[-100.011934,37.750511],[-100.012064,37.750507],[-100.012056,37.750339],[-100.012388,37.750329],[-100.012387,37.750323],[-100.012418,37.750322],[-100.012412,37.750202],[-100.012387,37.750203],[-100.012385,37.750156],[-100.01216,37.750164],[-100.012162,37.7502],[-100.012106,37.750202],[-100.012108,37.750243],[-100.011921,37.750249],[-100.011934,37.750511]]],"type":"Polygon"},"properties":{"anomaly_count":1,"asset_id":"BLD-0382","asset_type":"building","building_type":"yes","category":"Buildings","centroid":[-100.012148,37.750302],"footprint_m2":863.8,"health_score":100,"height_m":5.3,"height_source":"lidar_3dep","is_simulated":false,"levels":null,"monitored":true,"name":null,"sensor_count":1,"sensor_types":["vibration"],"source_id":"osm","status":"normal"},"type":"Feature"},{"geometry":{"coordinates":[[[-100.011579,37.750439],[-100.011724,37.750439],[-100.011725,37.750165],[-100.011574,37.750164],[-100.011574,37.750187],[-100.011596,37.750187],[-100.011596,37.750352],[-100.01158,37.750352],[-100.011579,37.750439]]],"type":"Polygon"},"properties":{"anomaly_count":0,"asset_id":"BLD-0383","asset_type":"building","building_type":"yes","category":"Buildings","centroid":[-100.011657,37.750304],"footprint_m2":363.1,"health_score":null,"height_m":4,"height_source":"lidar_3dep","is_simulated":false,"levels":null,"monitored":false,"name":null,"sensor_count":0,"sensor_types":[],"source_id":"osm","status":"not_monitored"},"type":"Feature"},{"geometry":{"coordinates":[[[-100.011427,37.750428],[-100.011434,37.749926],[-100.011462,37.749926],[-100.011463,37.74981],[-100.011368,37.749809],[-100.011367,37.74992],[-100.011181,37.749918],[-100.011178,37.750147],[-100.011257,37.750148],[-100.011253,37.750426],[-100.011427,37.750428]]],"type":"Polygon"},"properties":{"anomaly_count":1,"asset_id":"BLD-0384","asset_type":"building","building_type":"yes","category":"Buildings","centroid":[-100.011331,37.750123],"footprint_m2":1137.7,"health_score":100,"height_m":5.3,"height_source":"lidar_3dep","is_simulated":false,"levels":null,"monitored":true,"name":null,"sensor_count":1,"sensor_types":["temperature"],"source_id":"osm","status":"normal"},"type":"Feature"},{"geometry":{"coordinates":[[[-100.010246,37.749094],[-100.010006,37.749056],[-100.009986,37.749133],[-100.010227,37.749171],[-100.010246,37.749094]]],"type":"Polygon"},"properties":{"anomaly_count":0,"asset_id":"BLD-0385","asset_type":"building","building_type":"yes","category":"Buildings","centroid":[-100.010116,37.749113],"footprint_m2":187.7,"health_score":null,"height_m":5.4,"height_source":"lidar_3dep","is_simulated":false,"levels":null,"monitored":false,"name":null,"sensor_count":0,"sensor_types":[],"source_id":"osm","status":"not_monitored"},"type":"Feature"},{"geometry":{"coordinates":[[[-100.010202,37.749254],[-100.010222,37.749178],[-100.009992,37.749142],[-100.009973,37.749217],[-100.010202,37.749254]]],"type":"Polygon"},"properties":{"anomaly_count":0,"asset_id":"BLD-0386","asset_type":"building","building_type":"yes","category":"Buildings","centroid":[-100.010097,37.749198],"footprint_m2":175.4,"health_score":null,"height_m":4.2,"height_source":"lidar_3dep","is_simulated":false,"levels":null,"monitored":false,"name":null,"sensor_count":0,"sensor_types":[],"source_id":"osm","status":"not_monitored"},"type":"Feature"},{"geometry":{"coordinates":[[[-100.009687,37.749425],[-100.009712,37.749336],[-100.009675,37.749329],[-100.00968,37.749312],[-100.009586,37.749295],[-100.009579,37.749319],[-100.009525,37.749309],[-100.009501,37.749391],[-100.009687,37.749425]]],"type":"Polygon"},"properties":{"anomaly_count":0,"asset_id":"BLD-0387","asset_type":"building","building_type":"yes","category":"Buildings","centroid":[-100.00961,37.74936],"footprint_m2":182.2,"health_score":null,"height_m":5.4,"height_source":"lidar_3dep","is_simulated":false,"levels":null,"monitored":false,"name":null,"sensor_count":0,"sensor_types":[],"source_id":"osm","status":"not_monitored"},"type":"Feature"},{"geometry":{"coordinates":[[[-100.009219,37.750189],[-100.009234,37.750129],[-100.009175,37.75012],[-100.009178,37.750108],[-100.009061,37.750089],[-100.009043,37.750161],[-100.009219,37.750189]]],"type":"Polygon"},"properties":{"anomaly_count":0,"asset_id":"BLD-0388","asset_type":"building","building_type":"yes","category":"Buildings","centroid":[-100.009136,37.75014],"footprint_m2":120.7,"health_score":null,"height_m":3.7,"height_source":"lidar_3dep","is_simulated":false,"levels":null,"monitored":false,"name":null,"sensor_count":0,"sensor_types":[],"source_id":"osm","status":"not_monitored"},"type":"Feature"},{"geometry":{"coordinates":[[[-100.006244,37.749395],[-100.006135,37.749375],[-100.0061,37.749492],[-100.006035,37.74948],[-100.006019,37.749531],[-100.006112,37.749549],[-100.006128,37.749496],[-100.006209,37.749511],[-100.006244,37.749395]]],"type":"Polygon"},"properties":{"anomaly_count":0,"asset_id":"BLD-0389","asset_type":"building","building_type":"yes","category":"Buildings","centroid":[-100.006145,37.749463],"footprint_m2":179.3,"health_score":null,"height_m":4,"height_source":"lidar_3dep","is_simulated":false,"levels":null,"monitored":false,"name":null,"sensor_count":0,"sensor_types":[],"source_id":"osm","status":"not_monitored"},"type":"Feature"},{"geometry":{"coordinates":[[[-100.005835,37.749432],[-100.005859,37.749344],[-100.005778,37.74933],[-100.005754,37.749418],[-100.005835,37.749432]]],"type":"Polygon"},"properties":{"anomaly_count":0,"asset_id":"BLD-0390","asset_type":"building","building_type":"yes","category":"Buildings","centroid":[-100.005807,37.749381],"footprint_m2":71.7,"health_score":null,"height_m":4.6,"height_source":"lidar_3dep","is_simulated":false,"levels":null,"monitored":false,"name":null,"sensor_count":0,"sensor_types":[],"source_id":"osm","status":"not_monitored"},"type":"Feature"},{"geometry":{"coordinates":[[[-100.005691,37.749596],[-100.005701,37.749556],[-100.00571,37.749557],[-100.005724,37.749503],[-100.005609,37.749485],[-100.005597,37.749532],[-100.005577,37.749528],[-100.005565,37.749576],[-100.005691,37.749596]]],"type":"Polygon"},"properties":{"anomaly_count":0,"asset_id":"BLD-0391","asset_type":"building","building_type":"yes","category":"Buildings","centroid":[-100.005647,37.749541],"footprint_m2":115.8,"health_score":null,"height_m":4.7,"height_source":"lidar_3dep","is_simulated":false,"levels":null,"monitored":false,"name":null,"sensor_count":0,"sensor_types":[],"source_id":"osm","status":"not_monitored"},"type":"Feature"},{"geometry":{"coordinates":[[[-100.0052,37.749229],[-100.005133,37.749218],[-100.00511,37.7493],[-100.005177,37.749312],[-100.0052,37.749229]]],"type":"Polygon"},"properties":{"anomaly_count":0,"asset_id":"BLD-0392","asset_type":"building","building_type":"yes","category":"Buildings","centroid":[-100.005155,37.749265],"footprint_m2":56.3,"health_score":null,"height_m":3.1,"height_source":"lidar_3dep","is_simulated":false,"levels":null,"monitored":false,"name":null,"sensor_count":0,"sensor_types":[],"source_id":"osm","status":"not_monitored"},"type":"Feature"},{"geometry":{"coordinates":[[[-100.01121,37.751075],[-100.011238,37.750907],[-100.01113,37.750896],[-100.011101,37.751063],[-100.01121,37.751075]]],"type":"Polygon"},"properties":{"anomaly_count":0,"asset_id":"BLD-0393","asset_type":"building","building_type":"yes","category":"Buildings","centroid":[-100.01117,37.750985],"footprint_m2":180.5,"health_score":null,"height_m":4.2,"height_source":"lidar_3dep","is_simulated":false,"levels":null,"monitored":false,"name":null,"sensor_count":0,"sensor_types":[],"source_id":"osm","status":"not_monitored"},"type":"Feature"},{"geometry":{"coordinates":[[[-100.013416,37.751056],[-100.011799,37.750872],[-100.011765,37.75106],[-100.011732,37.751057],[-100.011708,37.75119],[-100.011742,37.751194],[-100.011694,37.751456],[-100.012308,37.751525],[-100.012322,37.751442],[-100.012219,37.75143],[-100.012253,37.751243],[-100.011795,37.751191],[-100.0118,37.751161],[-100.012873,37.751282],[-100.012864,37.751337],[-100.013355,37.751392],[-100.013416,37.751056]]],"type":"Polygon"},"properties":{"anomaly_count":0,"asset_id":"BLD-0394","asset_type":"building","building_type":"yes","category":"Buildings","centroid":[-100.01246,37.751173],"footprint_m2":6314.1,"health_score":100,"height_m":8,"height_source":"lidar_3dep","is_simulated":false,"levels":null,"monitored":true,"name":null,"sensor_count":1,"sensor_types":["moisture"],"source_id":"osm","status":"normal"},"type":"Feature"},{"geometry":{"coordinates":[[[-100.016727,37.751527],[-100.016546,37.751517],[-100.016525,37.751739],[-100.016707,37.75175],[-100.016727,37.751527]]],"type":"Polygon"},"properties":{"anomaly_count":0,"asset_id":"BLD-0395","asset_type":"building","building_type":"yes","category":"Buildings","centroid":[-100.016626,37.751633],"footprint_m2":394.6,"health_score":null,"height_m":6.2,"height_source":"lidar_3dep","is_simulated":false,"levels":null,"monitored":false,"name":null,"sensor_count":0,"sensor_types":[],"source_id":"osm","status":"not_monitored"},"type":"Feature"},{"geometry":{"coordinates":[[[-100.020345,37.751662],[-100.019716,37.751632],[-100.0197,37.751838],[-100.019492,37.751828],[-100.019482,37.751964],[-100.019874,37.751983],[-100.019877,37.751938],[-100.020322,37.751959],[-100.020345,37.751662]]],"type":"Polygon"},"properties":{"anomaly_count":0,"asset_id":"BLD-0396","asset_type":"building","building_type":"yes","category":"Buildings","centroid":[-100.019956,37.751815],"footprint_m2":2181.8,"health_score":null,"height_m":12.7,"height_source":"lidar_3dep","is_simulated":false,"levels":null,"monitored":false,"name":null,"sensor_count":0,"sensor_types":[],"source_id":"osm","status":"not_monitored"},"type":"Feature"},{"geometry":{"coordinates":[[[-100.016128,37.749862],[-100.016138,37.749778],[-100.016002,37.749766],[-100.015991,37.74985],[-100.016128,37.749862]]],"type":"Polygon"},"properties":{"anomaly_count":0,"asset_id":"BLD-0397","asset_type":"building","building_type":"yes","category":"Buildings","centroid":[-100.016065,37.749814],"footprint_m2":112.5,"health_score":null,"height_m":4.7,"height_source":"lidar_3dep","is_simulated":false,"levels":null,"monitored":false,"name":null,"sensor_count":0,"sensor_types":[],"source_id":"osm","status":"not_monitored"},"type":"Feature"},{"geometry":{"coordinates":[[[-100.015883,37.749841],[-100.015888,37.749766],[-100.015785,37.749762],[-100.015779,37.749836],[-100.015883,37.749841]]],"type":"Polygon"},"properties":{"anomaly_count":0,"asset_id":"BLD-0398","asset_type":"building","building_type":"yes","category":"Buildings","centroid":[-100.015834,37.749801],"footprint_m2":75.5,"health_score":null,"height_m":4,"height_source":"lidar_3dep","is_simulated":false,"levels":null,"monitored":false,"name":null,"sensor_count":0,"sensor_types":[],"source_id":"osm","status":"not_monitored"},"type":"Feature"},{"geometry":{"coordinates":[[[-100.016018,37.749735],[-100.016025,37.74965],[-100.0159,37.749644],[-100.015893,37.749729],[-100.016018,37.749735]]],"type":"Polygon"},"properties":{"anomaly_count":0,"asset_id":"BLD-0399","asset_type":"building","building_type":"yes","category":"Buildings","centroid":[-100.015959,37.74969],"footprint_m2":103.6,"health_score":null,"height_m":4,"height_source":"lidar_3dep","is_simulated":false,"levels":null,"monitored":false,"name":null,"sensor_count":0,"sensor_types":[],"source_id":"osm","status":"not_monitored"},"type":"Feature"},{"geometry":{"coordinates":[[[-100.01614,37.749545],[-100.016018,37.749536],[-100.016008,37.749621],[-100.01613,37.74963],[-100.01614,37.749545]]],"type":"Polygon"},"properties":{"anomaly_count":0,"asset_id":"BLD-0400","asset_type":"building","building_type":"yes","category":"Buildings","centroid":[-100.016074,37.749583],"footprint_m2":101.2,"health_score":null,"height_m":4.3,"height_source":"lidar_3dep","is_simulated":false,"levels":null,"monitored":false,"name":null,"sensor_count":0,"sensor_types":[],"source_id":"osm","status":"not_monitored"},"type":"Feature"},{"geometry":{"coordinates":[[[-100.016156,37.749503],[-100.016164,37.749429],[-100.015991,37.749416],[-100.015985,37.74947],[-100.01603,37.749473],[-100.016028,37.749494],[-100.016156,37.749503]]],"type":"Polygon"},"properties":{"anomaly_count":0,"asset_id":"BLD-0401","asset_type":"building","building_type":"yes","category":"Buildings","centroid":[-100.016079,37.749458],"footprint_m2":117.3,"health_score":null,"height_m":5.2,"height_source":"lidar_3dep","is_simulated":false,"levels":null,"monitored":false,"name":null,"sensor_count":0,"sensor_types":[],"source_id":"osm","status":"not_monitored"},"type":"Feature"},{"geometry":{"coordinates":[[[-100.015941,37.749423],[-100.015946,37.74937],[-100.015854,37.749364],[-100.015848,37.749417],[-100.015941,37.749423]]],"type":"Polygon"},"properties":{"anomaly_count":0,"asset_id":"BLD-0402","asset_type":"building","building_type":"yes","category":"Buildings","centroid":[-100.015897,37.749394],"footprint_m2":47.8,"health_score":null,"height_m":2.8,"height_source":"lidar_3dep","is_simulated":false,"levels":null,"monitored":false,"name":null,"sensor_count":0,"sensor_types":[],"source_id":"osm","status":"not_monitored"},"type":"Feature"},{"geometry":{"coordinates":[[[-100.016161,37.749245],[-100.01617,37.749175],[-100.016086,37.749168],[-100.016078,37.749238],[-100.016161,37.749245]]],"type":"Polygon"},"properties":{"anomaly_count":0,"asset_id":"BLD-0403","asset_type":"building","building_type":"yes","category":"Buildings","centroid":[-100.016124,37.749206],"footprint_m2":57,"health_score":null,"height_m":3.8,"height_source":"lidar_3dep","is_simulated":false,"levels":null,"monitored":false,"name":null,"sensor_count":0,"sensor_types":[],"source_id":"osm","status":"not_monitored"},"type":"Feature"},{"geometry":{"coordinates":[[[-100.016176,37.749118],[-100.016186,37.749028],[-100.016098,37.749023],[-100.016089,37.749112],[-100.016176,37.749118]]],"type":"Polygon"},"properties":{"anomaly_count":0,"asset_id":"BLD-0404","asset_type":"building","building_type":"yes","category":"Buildings","centroid":[-100.016137,37.74907],"footprint_m2":76.7,"health_score":null,"height_m":3.6,"height_source":"lidar_3dep","is_simulated":false,"levels":null,"monitored":false,"name":null,"sensor_count":0,"sensor_types":[],"source_id":"osm","status":"not_monitored"},"type":"Feature"},{"geometry":{"coordinates":[[[-100.015948,37.749117],[-100.015955,37.74905],[-100.015859,37.749043],[-100.015852,37.749111],[-100.015948,37.749117]]],"type":"Polygon"},"properties":{"anomaly_count":0,"asset_id":"BLD-0405","asset_type":"building","building_type":"yes","category":"Buildings","centroid":[-100.015903,37.74908],"footprint_m2":63.8,"health_score":null,"height_m":3.1,"height_source":"lidar_3dep","is_simulated":false,"levels":null,"monitored":false,"name":null,"sensor_count":0,"sensor_types":[],"source_id":"osm","status":"not_monitored"},"type":"Feature"},{"geometry":{"coordinates":[[[-100.016191,37.748986],[-100.016199,37.748891],[-100.016092,37.748885],[-100.016084,37.748981],[-100.016191,37.748986]]],"type":"Polygon"},"properties":{"anomaly_count":0,"asset_id":"BLD-0406","asset_type":"building","building_type":"yes","category":"Buildings","centroid":[-100.016142,37.748936],"footprint_m2":99.3,"health_score":null,"height_m":4.6,"height_source":"lidar_3dep","is_simulated":false,"levels":null,"monitored":false,"name":null,"sensor_count":0,"sensor_types":[],"source_id":"osm","status":"not_monitored"},"type":"Feature"},{"geometry":{"coordinates":[[[-100.015715,37.74896],[-100.015721,37.748886],[-100.01563,37.748882],[-100.015624,37.748955],[-100.015715,37.74896]]],"type":"Polygon"},"properties":{"anomaly_count":0,"asset_id":"BLD-0407","asset_type":"building","building_type":"yes","category":"Buildings","centroid":[-100.015672,37.748921],"footprint_m2":64.5,"health_score":null,"height_m":3.7,"height_source":"lidar_3dep","is_simulated":false,"levels":null,"monitored":false,"name":null,"sensor_count":0,"sensor_types":[],"source_id":"osm","status":"not_monitored"},"type":"Feature"},{"geometry":{"coordinates":[[[-100.015433,37.748865],[-100.015427,37.748962],[-100.01553,37.748967],[-100.015536,37.748869],[-100.015433,37.748865]]],"type":"Polygon"},"properties":{"anomaly_count":0,"asset_id":"BLD-0408","asset_type":"building","building_type":"yes","category":"Buildings","centroid":[-100.015482,37.748916],"footprint_m2":98.2,"health_score":null,"height_m":4.5,"height_source":"lidar_3dep","is_simulated":false,"levels":null,"monitored":false,"name":null,"sensor_count":0,"sensor_types":[],"source_id":"osm","status":"not_monitored"},"type":"Feature"},{"geometry":{"coordinates":[[[-100.015443,37.749038],[-100.015517,37.749039],[-100.015518,37.748986],[-100.015444,37.748985],[-100.015443,37.749038]]],"type":"Polygon"},"properties":{"anomaly_count":0,"asset_id":"BLD-0409","asset_type":"building","building_type":"yes","category":"Buildings","centroid":[-100.01548,37.749012],"footprint_m2":38.4,"health_score":null,"height_m":4.1,"height_source":"lidar_3dep","is_simulated":false,"levels":null,"monitored":false,"name":null,"sensor_count":0,"sensor_types":[],"source_id":"osm","status":"not_monitored"},"type":"Feature"},{"geometry":{"coordinates":[[[-100.015411,37.74916],[-100.015586,37.749167],[-100.01559,37.74911],[-100.015414,37.749103],[-100.015411,37.74916]]],"type":"Polygon"},"properties":{"anomaly_count":0,"asset_id":"BLD-0410","asset_type":"building","building_type":"yes","category":"Buildings","centroid":[-100.0155,37.749135],"footprint_m2":97.7,"health_score":null,"height_m":5.4,"height_source":"lidar_3dep","is_simulated":false,"levels":null,"monitored":false,"name":null,"sensor_count":0,"sensor_types":[],"source_id":"osm","status":"not_monitored"},"type":"Feature"},{"geometry":{"coordinates":[[[-100.01554,37.749311],[-100.015542,37.749274],[-100.015552,37.749275],[-100.015552,37.749255],[-100.01557,37.749256],[-100.015572,37.749204],[-100.015554,37.749204],[-100.015555,37.749194],[-100.015404,37.74919],[-100.0154,37.749271],[-100.015466,37.749273],[-100.015465,37.749309],[-100.01554,37.749311]]],"type":"Polygon"},"properties":{"anomaly_count":0,"asset_id":"BLD-0411","asset_type":"building","building_type":"yes","category":"Buildings","centroid":[-100.015487,37.749243],"footprint_m2":154.3,"health_score":null,"height_m":4.5,"height_source":"lidar_3dep","is_simulated":false,"levels":null,"monitored":false,"name":null,"sensor_count":0,"sensor_types":[],"source_id":"osm","status":"not_monitored"},"type":"Feature"},{"geometry":{"coordinates":[[[-100.015572,37.749456],[-100.015583,37.749364],[-100.015463,37.749355],[-100.015462,37.749363],[-100.015425,37.74936],[-100.015423,37.749378],[-100.015393,37.749376],[-100.015386,37.749432],[-100.015416,37.749434],[-100.015415,37.74945],[-100.015506,37.749457],[-100.015507,37.749451],[-100.015572,37.749456]]],"type":"Polygon"},"properties":{"anomaly_count":0,"asset_id":"BLD-0412","asset_type":"building","building_type":"yes","category":"Buildings","centroid":[-100.015489,37.749407],"footprint_m2":160.7,"health_score":null,"height_m":4.3,"height_source":"lidar_3dep","is_simulated":false,"levels":null,"monitored":false,"name":null,"sensor_count":0,"sensor_types":[],"source_id":"osm","status":"not_monitored"},"type":"Feature"},{"geometry":{"coordinates":[[[-100.015667,37.74954],[-100.015671,37.749491],[-100.015528,37.749483],[-100.015527,37.749494],[-100.015406,37.749487],[-100.015405,37.749495],[-100.015384,37.749494],[-100.015379,37.749547],[-100.015405,37.749548],[-100.015403,37.74957],[-100.01554,37.749577],[-100.015543,37.749533],[-100.015667,37.74954]]],"type":"Polygon"},"properties":{"anomaly_count":0,"asset_id":"BLD-0413","asset_type":"building","building_type":"yes","category":"Buildings","centroid":[-100.015512,37.749524],"footprint_m2":184.9,"health_score":null,"height_m":4.8,"height_source":"lidar_3dep","is_simulated":false,"levels":null,"monitored":false,"name":null,"sensor_count":0,"sensor_types":[],"source_id":"osm","status":"not_monitored"},"type":"Feature"},{"geometry":{"coordinates":[[[-100.015533,37.749706],[-100.015541,37.74961],[-100.015398,37.749603],[-100.015397,37.749615],[-100.015372,37.749614],[-100.015367,37.749677],[-100.015389,37.749678],[-100.015387,37.749698],[-100.015533,37.749706]]],"type":"Polygon"},"properties":{"anomaly_count":0,"asset_id":"BLD-0414","asset_type":"building","building_type":"yes","category":"Buildings","centroid":[-100.015457,37.749654],"footprint_m2":148.6,"health_score":null,"height_m":5.3,"height_source":"lidar_3dep","is_simulated":false,"levels":null,"monitored":false,"name":null,"sensor_count":0,"sensor_types":[],"source_id":"osm","status":"not_monitored"},"type":"Feature"},{"geometry":{"coordinates":[[[-100.015702,37.749856],[-100.015708,37.749749],[-100.01562,37.749745],[-100.015619,37.749756],[-100.015547,37.749753],[-100.015541,37.74985],[-100.015702,37.749856]]],"type":"Polygon"},"properties":{"anomaly_count":0,"asset_id":"BLD-0415","asset_type":"building","building_type":"yes","category":"Buildings","centroid":[-100.015626,37.749801],"footprint_m2":160.3,"health_score":null,"height_m":4.1,"height_source":"lidar_3dep","is_simulated":false,"levels":null,"monitored":false,"name":null,"sensor_count":0,"sensor_types":[],"source_id":"osm","status":"not_monitored"},"type":"Feature"},{"geometry":{"coordinates":[[[-100.015491,37.749828],[-100.015497,37.749749],[-100.015395,37.749744],[-100.015394,37.749758],[-100.01537,37.749757],[-100.015366,37.749808],[-100.015384,37.749808],[-100.015382,37.749823],[-100.015491,37.749828]]],"type":"Polygon"},"properties":{"anomaly_count":0,"asset_id":"BLD-0416","asset_type":"building","building_type":"yes","category":"Buildings","centroid":[-100.015434,37.749786],"footprint_m2":91.5,"health_score":null,"height_m":4,"height_source":"lidar_3dep","is_simulated":false,"levels":null,"monitored":false,"name":null,"sensor_count":0,"sensor_types":[],"source_id":"osm","status":"not_monitored"},"type":"Feature"},{"geometry":{"coordinates":[[[-100.015111,37.748831],[-100.015004,37.748825],[-100.014994,37.748942],[-100.015101,37.748948],[-100.015111,37.748831]]],"type":"Polygon"},"properties":{"anomaly_count":0,"asset_id":"BLD-0417","asset_type":"building","building_type":"yes","category":"Buildings","centroid":[-100.015052,37.748886],"footprint_m2":121.8,"health_score":null,"height_m":6.5,"height_source":"lidar_3dep","is_simulated":false,"levels":null,"monitored":false,"name":null,"sensor_count":0,"sensor_types":[],"source_id":"osm","status":"not_monitored"},"type":"Feature"},{"geometry":{"coordinates":[[[-100.014841,37.748871],[-100.014846,37.748811],[-100.014765,37.748807],[-100.01476,37.748866],[-100.014841,37.748871]]],"type":"Polygon"},"properties":{"anomaly_count":0,"asset_id":"BLD-0418","asset_type":"building","building_type":"yes","category":"Buildings","centroid":[-100.014803,37.748839],"footprint_m2":47.1,"health_score":null,"height_m":4.7,"height_source":"lidar_3dep","is_simulated":false,"levels":null,"monitored":false,"name":null,"sensor_count":0,"sensor_types":[],"source_id":"osm","status":"not_monitored"},"type":"Feature"},{"geometry":{"coordinates":[[[-100.015092,37.749046],[-100.015094,37.749033],[-100.015113,37.749034],[-100.015119,37.74898],[-100.015101,37.748978],[-100.015103,37.748963],[-100.01497,37.748954],[-100.014961,37.749038],[-100.015092,37.749046]]],"type":"Polygon"},"properties":{"anomaly_count":0,"asset_id":"BLD-0419","asset_type":"building","building_type":"yes","category":"Buildings","centroid":[-100.015038,37.749001],"footprint_m2":117.5,"health_score":null,"height_m":5,"height_source":"lidar_3dep","is_simulated":false,"levels":null,"monitored":false,"name":null,"sensor_count":0,"sensor_types":[],"source_id":"osm","status":"not_monitored"},"type":"Feature"},{"geometry":{"coordinates":[[[-100.014892,37.74901],[-100.014895,37.748973],[-100.014819,37.74897],[-100.014817,37.749006],[-100.014892,37.74901]]],"type":"Polygon"},"properties":{"anomaly_count":0,"asset_id":"BLD-0420","asset_type":"building","building_type":"yes","category":"Buildings","centroid":[-100.014856,37.74899],"footprint_m2":26.8,"health_score":null,"height_m":4.5,"height_source":"estimated","is_simulated":false,"levels":null,"monitored":false,"name":null,"sensor_count":0,"sensor_types":[],"source_id":"osm","status":"not_monitored"},"type":"Feature"},{"geometry":{"coordinates":[[[-100.015081,37.749264],[-100.015099,37.749094],[-100.014978,37.749086],[-100.01496,37.749256],[-100.015081,37.749264]]],"type":"Polygon"},"properties":{"anomaly_count":0,"asset_id":"BLD-0421","asset_type":"building","building_type":"yes","category":"Buildings","centroid":[-100.01503,37.749175],"footprint_m2":201.4,"health_score":null,"height_m":4.2,"height_source":"lidar_3dep","is_simulated":false,"levels":null,"monitored":false,"name":null,"sensor_count":0,"sensor_types":[],"source_id":"osm","status":"not_monitored"},"type":"Feature"},{"geometry":{"coordinates":[[[-100.014814,37.749222],[-100.014825,37.749144],[-100.014742,37.749136],[-100.014731,37.749215],[-100.014814,37.749222]]],"type":"Polygon"},"properties":{"anomaly_count":0,"asset_id":"BLD-0422","asset_type":"building","building_type":"yes","category":"Buildings","centroid":[-100.014778,37.749179],"footprint_m2":64.3,"health_score":null,"height_m":3.4,"height_source":"lidar_3dep","is_simulated":false,"levels":null,"monitored":false,"name":null,"sensor_count":0,"sensor_types":[],"source_id":"osm","status":"not_monitored"},"type":"Feature"},{"geometry":{"coordinates":[[[-100.015024,37.749792],[-100.015034,37.749683],[-100.014973,37.74968],[-100.014975,37.749663],[-100.014891,37.749658],[-100.014892,37.749645],[-100.014808,37.74964],[-100.014804,37.749684],[-100.014888,37.749689],[-100.014879,37.749784],[-100.015024,37.749792]]],"type":"Polygon"},"properties":{"anomaly_count":0,"asset_id":"BLD-0423","asset_type":"building","building_type":"yes","category":"Buildings","centroid":[-100.014936,37.749717],"footprint_m2":204.2,"health_score":null,"height_m":4.3,"height_source":"lidar_3dep","is_simulated":false,"levels":null,"monitored":false,"name":null,"sensor_count":0,"sensor_types":[],"source_id":"osm","status":"not_monitored"},"type":"Feature"},{"geometry":{"coordinates":[[[-100.005151,37.761239],[-100.00515,37.761134],[-100.005047,37.761134],[-100.005047,37.761074],[-100.004917,37.761074],[-100.004918,37.761271],[-100.005106,37.76127],[-100.005106,37.761239],[-100.005151,37.761239]]],"type":"Polygon"},"properties":{"anomaly_count":0,"asset_id":"BLD-0424","asset_type":"building","building_type":"yes","category":"Buildings","centroid":[-100.00502,37.76118],"footprint_m2":371.7,"health_score":null,"height_m":5.7,"height_source":"lidar_3dep","is_simulated":false,"levels":null,"monitored":false,"name":null,"sensor_count":0,"sensor_types":[],"source_id":"osm","status":"not_monitored"},"type":"Feature"},{"geometry":{"coordinates":[[[-100.019685,37.754026],[-100.01997,37.754042],[-100.019984,37.75388],[-100.020001,37.753881],[-100.020089,37.753886],[-100.020096,37.753804],[-100.020131,37.753806],[-100.02016,37.753808],[-100.020163,37.753764],[-100.020135,37.753762],[-100.020097,37.75376],[-100.020104,37.753686],[-100.02006,37.753684],[-100.020046,37.753839],[-100.020005,37.753837],[-100.01998,37.753836],[-100.019993,37.753684],[-100.019717,37.753669],[-100.019689,37.75398],[-100.019685,37.754026]]],"type":"Polygon"},"properties":{"anomaly_count":0,"asset_id":"BLD-0425","asset_type":"building","building_type":"yes","category":"Buildings","centroid":[-100.019871,37.753849],"footprint_m2":1123.8,"health_score":null,"height_m":6.3,"height_source":"lidar_3dep","is_simulated":false,"levels":null,"monitored":false,"name":null,"sensor_count":0,"sensor_types":[],"source_id":"osm","status":"not_monitored"},"type":"Feature"},{"geometry":{"coordinates":[[[-100.019689,37.75398],[-100.019717,37.753669],[-100.019523,37.75366],[-100.019499,37.753971],[-100.019689,37.75398]]],"type":"Polygon"},"properties":{"anomaly_count":0,"asset_id":"BLD-0426","asset_type":"building","building_type":"yes","category":"Buildings","centroid":[-100.019607,37.75382],"footprint_m2":584.9,"health_score":null,"height_m":5.5,"height_source":"lidar_3dep","is_simulated":false,"levels":null,"monitored":false,"name":null,"sensor_count":0,"sensor_types":[],"source_id":"osm","status":"not_monitored"},"type":"Feature"},{"geometry":{"coordinates":[[[-100.019499,37.753971],[-100.019523,37.75366],[-100.019305,37.753649],[-100.019279,37.754001],[-100.019497,37.754011],[-100.019499,37.753971]]],"type":"Polygon"},"properties":{"anomaly_count":0,"asset_id":"BLD-0427","asset_type":"building","building_type":"yes","category":"Buildings","centroid":[-100.019401,37.75383],"footprint_m2":748.3,"health_score":null,"height_m":9.6,"height_source":"lidar_3dep","is_simulated":false,"levels":null,"monitored":false,"name":null,"sensor_count":0,"sensor_types":[],"source_id":"osm","status":"not_monitored"},"type":"Feature"},{"geometry":{"coordinates":[[[-100.018979,37.754368],[-100.019058,37.75363],[-100.01863,37.753602],[-100.018595,37.753932],[-100.018769,37.753943],[-100.018764,37.753992],[-100.018621,37.753983],[-100.018582,37.754341],[-100.018979,37.754368]]],"type":"Polygon"},"properties":{"anomaly_count":0,"asset_id":"BLD-0428","asset_type":"building","building_type":"yes","category":"Buildings","centroid":[-100.018817,37.753979],"footprint_m2":2898.6,"health_score":null,"height_m":9.9,"height_source":"lidar_3dep","is_simulated":false,"levels":null,"monitored":false,"name":null,"sensor_count":0,"sensor_types":[],"source_id":"osm","status":"not_monitored"},"type":"Feature"},{"geometry":{"coordinates":[[[-100.019082,37.75313],[-100.01848,37.753092],[-100.018445,37.753441],[-100.019047,37.753479],[-100.019082,37.75313]]],"type":"Polygon"},"properties":{"anomaly_count":0,"asset_id":"BLD-0429","asset_type":"building","building_type":"yes","category":"Buildings","centroid":[-100.018764,37.753285],"footprint_m2":2055.1,"health_score":null,"height_m":9.8,"height_source":"lidar_3dep","is_simulated":false,"levels":null,"monitored":false,"name":null,"sensor_count":0,"sensor_types":[],"source_id":"osm","status":"not_monitored"},"type":"Feature"},{"geometry":{"coordinates":[[[-100.018437,37.753247],[-100.018453,37.75309],[-100.018203,37.753074],[-100.018187,37.753231],[-100.018437,37.753247]]],"type":"Polygon"},"properties":{"anomaly_count":0,"asset_id":"BLD-0430","asset_type":"building","building_type":"yes","category":"Buildings","centroid":[-100.01832,37.75316],"footprint_m2":385.8,"health_score":null,"height_m":11,"height_source":"lidar_3dep","is_simulated":false,"levels":null,"monitored":false,"name":null,"sensor_count":0,"sensor_types":[],"source_id":"osm","status":"not_monitored"},"type":"Feature"},{"geometry":{"coordinates":[[[-100.019733,37.753523],[-100.02018,37.75355],[-100.020215,37.75319],[-100.019342,37.753136],[-100.019325,37.753295],[-100.019753,37.753322],[-100.019733,37.753523]]],"type":"Polygon"},"properties":{"anomaly_count":0,"asset_id":"BLD-0431","asset_type":"building","building_type":"yes","category":"Buildings","centroid":[-100.019847,37.753319],"footprint_m2":2244.2,"health_score":null,"height_m":9.6,"height_source":"lidar_3dep","is_simulated":false,"levels":null,"monitored":false,"name":null,"sensor_count":0,"sensor_types":[],"source_id":"osm","status":"not_monitored"},"type":"Feature"},{"geometry":{"coordinates":[[[-100.017964,37.753077],[-100.017089,37.753022],[-100.017054,37.753368],[-100.017929,37.753423],[-100.017964,37.753077]]],"type":"Polygon"},"properties":{"anomaly_count":0,"asset_id":"BLD-0432","asset_type":"building","building_type":"yes","category":"Buildings","centroid":[-100.017509,37.753222],"footprint_m2":2967.5,"health_score":null,"height_m":11,"height_source":"lidar_3dep","is_simulated":false,"levels":null,"monitored":false,"name":null,"sensor_count":0,"sensor_types":[],"source_id":"osm","status":"not_monitored"},"type":"Feature"},{"geometry":{"coordinates":[[[-100.017422,37.754575],[-100.017386,37.755014],[-100.01752,37.75502],[-100.017528,37.754923],[-100.017785,37.754936],[-100.017813,37.754594],[-100.017422,37.754575]]],"type":"Polygon"},"properties":{"anomaly_count":0,"asset_id":"BLD-0433","asset_type":"building","building_type":"yes","category":"Buildings","centroid":[-100.01759,37.754774],"footprint_m2":1431.3,"health_score":null,"height_m":5.8,"height_source":"lidar_3dep","is_simulated":false,"levels":null,"monitored":false,"name":null,"sensor_count":0,"sensor_types":[],"source_id":"osm","status":"not_monitored"},"type":"Feature"},{"geometry":{"coordinates":[[[-100.018947,37.754897],[-100.018983,37.754538],[-100.018333,37.754498],[-100.018322,37.754611],[-100.018414,37.754616],[-100.018396,37.754801],[-100.018498,37.754807],[-100.018492,37.754869],[-100.018947,37.754897]]],"type":"Polygon"},"properties":{"anomaly_count":0,"asset_id":"BLD-0434","asset_type":"building","building_type":"yes","category":"Buildings","centroid":[-100.018678,37.754689],"footprint_m2":1994,"health_score":null,"height_m":5.5,"height_source":"lidar_3dep","is_simulated":false,"levels":null,"monitored":false,"name":null,"sensor_count":0,"sensor_types":[],"source_id":"osm","status":"not_monitored"},"type":"Feature"},{"geometry":{"coordinates":[[[-100.01893,37.754935],[-100.018545,37.754911],[-100.018533,37.75504],[-100.018646,37.755047],[-100.018618,37.755337],[-100.018889,37.755353],[-100.01893,37.754935]]],"type":"Polygon"},"properties":{"anomaly_count":0,"asset_id":"BLD-0435","asset_type":"building","building_type":"yes","category":"Buildings","centroid":[-100.018754,37.755118],"footprint_m2":1254.8,"health_score":null,"height_m":7.9,"height_source":"lidar_3dep","is_simulated":false,"levels":null,"monitored":false,"name":null,"sensor_count":0,"sensor_types":[],"source_id":"osm","status":"not_monitored"},"type":"Feature"},{"geometry":{"coordinates":[[[-100.019746,37.754205],[-100.019721,37.754419],[-100.01983,37.754427],[-100.019837,37.754369],[-100.020092,37.754387],[-100.02011,37.754231],[-100.019746,37.754205]]],"type":"Polygon"},"properties":{"anomaly_count":0,"asset_id":"BLD-0436","asset_type":"building","building_type":"yes","category":"Buildings","centroid":[-100.019905,37.754306],"footprint_m2":619.7,"health_score":null,"height_m":5.3,"height_source":"lidar_3dep","is_simulated":false,"levels":null,"monitored":false,"name":null,"sensor_count":0,"sensor_types":[],"source_id":"osm","status":"not_monitored"},"type":"Feature"},{"geometry":{"coordinates":[[[-100.019175,37.754919],[-100.01954,37.754936],[-100.019561,37.754668],[-100.019196,37.75465],[-100.019175,37.754919]]],"type":"Polygon"},"properties":{"anomaly_count":0,"asset_id":"BLD-0437","asset_type":"building","building_type":"yes","category":"Buildings","centroid":[-100.019368,37.754793],"footprint_m2":958.8,"health_score":null,"height_m":13.5,"height_source":"lidar_3dep","is_simulated":false,"levels":null,"monitored":false,"name":null,"sensor_count":0,"sensor_types":[],"source_id":"osm","status":"not_monitored"},"type":"Feature"},{"geometry":{"coordinates":[[[-100.019468,37.754647],[-100.019476,37.754552],[-100.019226,37.754537],[-100.019217,37.754632],[-100.019468,37.754647]]],"type":"Polygon"},"properties":{"anomaly_count":0,"asset_id":"BLD-0438","asset_type":"building","building_type":"yes","category":"Buildings","centroid":[-100.019347,37.754592],"footprint_m2":232,"health_score":null,"height_m":9.4,"height_source":"lidar_3dep","is_simulated":false,"levels":null,"monitored":false,"name":null,"sensor_count":0,"sensor_types":[],"source_id":"osm","status":"not_monitored"},"type":"Feature"},{"geometry":{"coordinates":[[[-100.018562,37.75396],[-100.018135,37.753936],[-100.018101,37.754319],[-100.018528,37.754342],[-100.018562,37.75396]]],"type":"Polygon"},"properties":{"anomaly_count":0,"asset_id":"BLD-0439","asset_type":"building","building_type":"yes","category":"Buildings","centroid":[-100.018332,37.754139],"footprint_m2":1598.7,"health_score":null,"height_m":9.1,"height_source":"lidar_3dep","is_simulated":false,"levels":null,"monitored":false,"name":null,"sensor_count":0,"sensor_types":[],"source_id":"osm","status":"not_monitored"},"type":"Feature"},{"geometry":{"coordinates":[[[-100.016257,37.754438],[-100.016254,37.754822],[-100.016327,37.754822],[-100.016327,37.754744],[-100.016678,37.754746],[-100.016679,37.754642],[-100.016722,37.754642],[-100.016724,37.754441],[-100.016257,37.754438]]],"type":"Polygon"},"properties":{"anomaly_count":0,"asset_id":"BLD-0440","asset_type":"building","building_type":"yes","category":"Buildings","centroid":[-100.016475,37.754597],"footprint_m2":1401.7,"health_score":null,"height_m":10.7,"height_source":"lidar_3dep","is_simulated":false,"levels":null,"monitored":false,"name":null,"sensor_count":0,"sensor_types":[],"source_id":"osm","status":"not_monitored"},"type":"Feature"},{"geometry":{"coordinates":[[[-100.016954,37.754495],[-100.01694,37.754661],[-100.017106,37.754669],[-100.017104,37.754693],[-100.017263,37.754701],[-100.017278,37.754512],[-100.016954,37.754495]]],"type":"Polygon"},"properties":{"anomaly_count":0,"asset_id":"BLD-0441","asset_type":"building","building_type":"yes","category":"Buildings","centroid":[-100.017114,37.754593],"footprint_m2":560.6,"health_score":null,"height_m":8,"height_source":"lidar_3dep","is_simulated":false,"levels":null,"monitored":false,"name":null,"sensor_count":0,"sensor_types":[],"source_id":"osm","status":"not_monitored"},"type":"Feature"},{"geometry":{"coordinates":[[[-100.021457,37.753466],[-100.021434,37.753704],[-100.022058,37.753742],[-100.022062,37.753704],[-100.022107,37.753706],[-100.022129,37.753483],[-100.021819,37.753464],[-100.021817,37.753488],[-100.021457,37.753466]]],"type":"Polygon"},"properties":{"anomaly_count":0,"asset_id":"BLD-0442","asset_type":"building","building_type":"yes","category":"Buildings","centroid":[-100.021786,37.753599],"footprint_m2":1614.6,"health_score":null,"height_m":8,"height_source":"estimated","is_simulated":false,"levels":null,"monitored":false,"name":null,"sensor_count":0,"sensor_types":[],"source_id":"osm","status":"not_monitored"},"type":"Feature"},{"geometry":{"coordinates":[[[-100.020766,37.75347],[-100.020757,37.75366],[-100.020821,37.753662],[-100.020833,37.75368],[-100.020954,37.753683],[-100.020963,37.753475],[-100.020766,37.75347]]],"type":"Polygon"},"properties":{"anomaly_count":0,"asset_id":"BLD-0443","asset_type":"building","building_type":"yes","category":"Buildings","centroid":[-100.020862,37.753574],"footprint_m2":388.4,"health_score":null,"height_m":4.7,"height_source":"lidar_3dep","is_simulated":false,"levels":null,"monitored":false,"name":null,"sensor_count":0,"sensor_types":[],"source_id":"osm","status":"not_monitored"},"type":"Feature"},{"geometry":{"coordinates":[[[-100.020578,37.752987],[-100.020572,37.753104],[-100.0208,37.753111],[-100.020806,37.752994],[-100.020578,37.752987]]],"type":"Polygon"},"properties":{"anomaly_count":0,"asset_id":"BLD-0444","asset_type":"building","building_type":"yes","category":"Buildings","centroid":[-100.020689,37.753049],"footprint_m2":259.9,"health_score":null,"height_m":5.6,"height_source":"lidar_3dep","is_simulated":false,"levels":null,"monitored":false,"name":null,"sensor_count":0,"sensor_types":[],"source_id":"osm","status":"not_monitored"},"type":"Feature"},{"geometry":{"coordinates":[[[-100.022898,37.753657],[-100.023202,37.753674],[-100.023213,37.753546],[-100.023145,37.753542],[-100.023146,37.753525],[-100.022966,37.753515],[-100.022965,37.753534],[-100.022909,37.753531],[-100.022898,37.753657]]],"type":"Polygon"},"properties":{"anomaly_count":0,"asset_id":"BLD-0445","asset_type":"building","building_type":"yes","category":"Buildings","centroid":[-100.023056,37.753596],"footprint_m2":408.7,"health_score":null,"height_m":5.1,"height_source":"lidar_3dep","is_simulated":false,"levels":null,"monitored":false,"name":null,"sensor_count":0,"sensor_types":[],"source_id":"osm","status":"not_monitored"},"type":"Feature"},{"geometry":{"coordinates":[[[-100.021175,37.753789],[-100.021159,37.753954],[-100.021297,37.753962],[-100.0213,37.75393],[-100.022094,37.753979],[-100.022107,37.753846],[-100.021175,37.753789]]],"type":"Polygon"},"properties":{"anomaly_count":0,"asset_id":"BLD-0446","asset_type":"building","building_type":"yes","category":"Buildings","centroid":[-100.021621,37.753886],"footprint_m2":1252.2,"health_score":100,"height_m":5.5,"height_source":"lidar_3dep","is_simulated":false,"levels":null,"monitored":true,"name":null,"sensor_count":1,"sensor_types":["temperature"],"source_id":"osm","status":"normal"},"type":"Feature"},{"geometry":{"coordinates":[[[-100.021731,37.75428],[-100.021722,37.754381],[-100.021999,37.754398],[-100.021994,37.754454],[-100.022116,37.754461],[-100.022134,37.754273],[-100.022031,37.754266],[-100.022025,37.754327],[-100.021824,37.754315],[-100.021827,37.754286],[-100.021731,37.75428]]],"type":"Polygon"},"properties":{"anomaly_count":0,"asset_id":"BLD-0447","asset_type":"building","building_type":"yes","category":"Buildings","centroid":[-100.021958,37.754357],"footprint_m2":435.6,"health_score":null,"height_m":9.1,"height_source":"lidar_3dep","is_simulated":false,"levels":null,"monitored":false,"name":null,"sensor_count":0,"sensor_types":[],"source_id":"osm","status":"not_monitored"},"type":"Feature"},{"geometry":{"coordinates":[[[-100.018118,37.754513],[-100.018114,37.754575],[-100.018196,37.754578],[-100.018188,37.754716],[-100.018074,37.754712],[-100.018068,37.754813],[-100.018273,37.75482],[-100.018291,37.75452],[-100.018118,37.754513]]],"type":"Polygon"},"properties":{"addr:city":"Dodge City","addr:housenumber":"200","addr:postcode":"67801","addr:state":"KS","addr:street":"West Spruce Street","anomaly_count":0,"asset_id":"BLD-0448","asset_type":"building","building_type":"yes","category":"Buildings","centroid":[-100.018199,37.754679],"footprint_m2":427.8,"health_score":null,"height_m":7.5,"height_source":"lidar_3dep","is_simulated":false,"levels":null,"monitored":false,"name":"Saint Cornelius Episcopal Church","sensor_count":0,"sensor_types":[],"source_id":"osm","status":"not_monitored"},"type":"Feature"},{"geometry":{"coordinates":[[[-100.013313,37.753442],[-100.013313,37.753702],[-100.013481,37.753702],[-100.013481,37.753442],[-100.013313,37.753442]]],"type":"Polygon"},"properties":{"anomaly_count":0,"asset_id":"BLD-0449","asset_type":"building","building_type":"yes","category":"Buildings","centroid":[-100.013397,37.753572],"footprint_m2":426.5,"health_score":null,"height_m":4.5,"height_source":"lidar_3dep","is_simulated":false,"levels":null,"monitored":false,"name":null,"sensor_count":0,"sensor_types":[],"source_id":"osm","status":"not_monitored"},"type":"Feature"},{"geometry":{"coordinates":[[[-100.025133,37.753467],[-100.02513,37.75374],[-100.025234,37.75374],[-100.025237,37.753468],[-100.025133,37.753467]]],"type":"Polygon"},"properties":{"anomaly_count":0,"asset_id":"BLD-0450","asset_type":"building","building_type":"yes","category":"Buildings","centroid":[-100.025183,37.753604],"footprint_m2":276.5,"health_score":null,"height_m":4.5,"height_source":"lidar_3dep","is_simulated":false,"levels":null,"monitored":false,"name":null,"sensor_count":0,"sensor_types":[],"source_id":"osm","status":"not_monitored"},"type":"Feature"},{"geometry":{"coordinates":[[[-100.025347,37.752828],[-100.025353,37.753091],[-100.025474,37.753089],[-100.025468,37.752827],[-100.025347,37.752828]]],"type":"Polygon"},"properties":{"anomaly_count":0,"asset_id":"BLD-0451","asset_type":"building","building_type":"yes","category":"Buildings","centroid":[-100.025411,37.752959],"footprint_m2":309.8,"health_score":null,"height_m":4.3,"height_source":"lidar_3dep","is_simulated":false,"levels":null,"monitored":false,"name":null,"sensor_count":0,"sensor_types":[],"source_id":"osm","status":"not_monitored"},"type":"Feature"},{"geometry":{"coordinates":[[[-100.027578,37.753735],[-100.027569,37.753857],[-100.027842,37.75387],[-100.027851,37.753747],[-100.027578,37.753735]]],"type":"Polygon"},"properties":{"anomaly_count":0,"asset_id":"BLD-0452","asset_type":"building","building_type":"yes","category":"Buildings","centroid":[-100.02771,37.753802],"footprint_m2":325.4,"health_score":null,"height_m":4.7,"height_source":"lidar_3dep","is_simulated":false,"levels":null,"monitored":false,"name":null,"sensor_count":0,"sensor_types":[],"source_id":"osm","status":"not_monitored"},"type":"Feature"},{"geometry":{"coordinates":[[[-100.022224,37.753474],[-100.022196,37.753694],[-100.022361,37.753707],[-100.022389,37.753487],[-100.022224,37.753474]]],"type":"Polygon"},"properties":{"anomaly_count":0,"asset_id":"BLD-0453","asset_type":"building","building_type":"yes","category":"Buildings","centroid":[-100.022293,37.753591],"footprint_m2":357.2,"health_score":null,"height_m":8.8,"height_source":"lidar_3dep","is_simulated":false,"levels":null,"monitored":false,"name":null,"sensor_count":0,"sensor_types":[],"source_id":"osm","status":"not_monitored"},"type":"Feature"},{"geometry":{"coordinates":[[[-100.011974,37.753315],[-100.011974,37.753189],[-100.011736,37.753191],[-100.011742,37.753316],[-100.011974,37.753315]]],"type":"Polygon"},"properties":{"anomaly_count":0,"asset_id":"BLD-0454","asset_type":"building","building_type":"yes","category":"Buildings","centroid":[-100.011856,37.753253],"footprint_m2":286.9,"health_score":null,"height_m":4.1,"height_source":"lidar_3dep","is_simulated":false,"levels":null,"monitored":false,"name":null,"sensor_count":0,"sensor_types":[],"source_id":"osm","status":"not_monitored"},"type":"Feature"},{"geometry":{"coordinates":[[[-100.012197,37.753237],[-100.012195,37.753167],[-100.012106,37.75317],[-100.012105,37.753237],[-100.012197,37.753237]]],"type":"Polygon"},"properties":{"anomaly_count":0,"asset_id":"BLD-0455","asset_type":"building","building_type":"yes","category":"Buildings","centroid":[-100.012151,37.753203],"footprint_m2":60.6,"health_score":null,"height_m":4.2,"height_source":"lidar_3dep","is_simulated":false,"levels":null,"monitored":false,"name":null,"sensor_count":0,"sensor_types":[],"source_id":"osm","status":"not_monitored"},"type":"Feature"},{"geometry":{"coordinates":[[[-100.007863,37.754224],[-100.007866,37.753916],[-100.007784,37.753916],[-100.007779,37.754223],[-100.007863,37.754224]]],"type":"Polygon"},"properties":{"addr:city":"Dodge City","addr:housenumber":"702","addr:postcode":"67801","addr:state":"KS","addr:street":"Military Avenue","anomaly_count":0,"asset_id":"BLD-0456","asset_type":"building","building_type":"yes","category":"Buildings","centroid":[-100.007823,37.75407],"footprint_m2":249.1,"health_score":null,"height_m":3.8,"height_source":"lidar_3dep","is_simulated":false,"levels":null,"monitored":false,"name":null,"sensor_count":0,"sensor_types":[],"source_id":"osm","status":"not_monitored"},"type":"Feature"},{"geometry":{"coordinates":[[[-100.007679,37.754242],[-100.00768,37.754182],[-100.007221,37.754178],[-100.007221,37.754238],[-100.007679,37.754242]]],"type":"Polygon"},"properties":{"anomaly_count":0,"asset_id":"BLD-0457","asset_type":"building","building_type":"roof","category":"Buildings","centroid":[-100.007451,37.75421],"footprint_m2":266.6,"health_score":null,"height_m":2.8,"height_source":"lidar_3dep","is_simulated":false,"levels":null,"monitored":false,"name":null,"sensor_count":0,"sensor_types":[],"source_id":"osm","status":"not_monitored"},"type":"Feature"},{"geometry":{"coordinates":[[[-100.022858,37.753356],[-100.023228,37.753375],[-100.023233,37.753307],[-100.022864,37.753288],[-100.022858,37.753356]]],"type":"Polygon"},"properties":{"anomaly_count":0,"asset_id":"BLD-0458","asset_type":"building","building_type":"roof","category":"Buildings","centroid":[-100.023046,37.753331],"footprint_m2":245.7,"health_score":null,"height_m":3.5,"height_source":"estimated","is_simulated":false,"levels":null,"monitored":false,"name":null,"sensor_count":0,"sensor_types":[],"source_id":"osm","status":"not_monitored"},"type":"Feature"},{"geometry":{"coordinates":[[-100.01947,37.746754],[-100.019494,37.747406],[-100.01953,37.748121]],"type":"LineString"},"properties":{"anomaly_count":4,"asset_id":"BRG-001","asset_type":"bridge","category":"Transportation","centroid":[-100.019496,37.747438],"health_score":58,"is_simulated":false,"length_m":152.1,"monitored":true,"name":"2nd. Avenue over Arkansas River","nbi":{"adt":14615,"adt_year":2022,"bridge_condition":"F","bridge_condition_label":"Fair (FHWA classification from the lowest component rating)","culvert_condition":"N","deck_condition":"7","facility_carried":"2nd. AVENUE","features_intersected":"ARKANSAS RIVER","inspection_date":"2023-02","inspection_label":"February 2023","location":".29 MI S-JCT US-400","location_check":"ok","lowest_rating":6,"match_distance_m":0.8,"owner":"City or Municipal Highway Agency","owner_code":"04","structure_length_m":150,"structure_number":"406950290827010","substructure_condition":"6","superstructure_condition":"6","year_built":1935,"year_reconstructed":2001},"sensor_count":5,"sensor_types":["moisture","temperature","vibration"],"source_id":"osm","status":"at_risk","structure_kind":"bridge"},"type":"Feature"},{"geometry":{"coordinates":[[-100.026404,37.746199],[-100.026333,37.745]],"type":"LineString"},"properties":{"anomaly_count":0,"asset_id":"BRG-002","asset_type":"bridge","category":"Transportation","centroid":[-100.026369,37.7456],"health_score":100,"is_simulated":false,"length_m":133.5,"monitored":true,"name":"CVRR Ind Spur","nbi":null,"sensor_count":5,"sensor_types":["moisture","temperature","vibration"],"source_id":"osm","status":"normal","structure_kind":"bridge"},"type":"Feature"},{"geometry":{"coordinates":[-100.027411,37.75195],"type":"Point"},"properties":{"anomaly_count":1,"asset_id":"BRG-003","asset_type":"bridge","category":"Transportation","centroid":[-100.027411,37.75195],"health_score":100,"is_simulated":false,"length_m":null,"monitored":true,"name":"West Trail St. over Drainage Ditch","nbi":{"adt":2065,"adt_year":2022,"bridge_condition":"G","bridge_condition_label":"Good (FHWA classification from the lowest component rating)","culvert_condition":"7","deck_condition":"N","facility_carried":"WEST TRAIL ST.","features_intersected":"DRAINAGE DITCH","inspection_date":"2023-02","inspection_label":"February 2023","location":"W. TRAIL 0.4E OF 14TH AVE","location_check":"ok","lowest_rating":7,"owner":"City or Municipal Highway Agency","owner_code":"04","structure_length_m":8,"structure_number":"406950290808003","substructure_condition":"N","superstructure_condition":"N","year_built":1976,"year_reconstructed":null},"sensor_count":2,"sensor_types":["moisture","vibration"],"source_id":"nbi","status":"normal","structure_kind":"culvert"},"type":"Feature"},{"geometry":{"coordinates":[-100.010817,37.75295],"type":"Point"},"properties":{"anomaly_count":1,"asset_id":"BRG-004","asset_type":"bridge","category":"Transportation","centroid":[-100.010817,37.75295],"health_score":91,"is_simulated":false,"length_m":null,"monitored":true,"name":"Wyatt Earp Blvd over Arkansas River Drainage","nbi":{"adt":11265,"adt_year":2022,"bridge_condition":"G","bridge_condition_label":"Good (FHWA classification from the lowest component rating)","culvert_condition":"7","deck_condition":"N","facility_carried":"WYATT EARP BLVD","features_intersected":"ARKANSAS RIVER DRAINAGE","inspection_date":"2023-02","inspection_label":"February 2023","location":"0.04 MI E AVE J(DODGE CY)","location_check":"ok","lowest_rating":7,"owner":"City or Municipal Highway Agency","owner_code":"04","structure_length_m":7.8,"structure_number":"406950290826027","substructure_condition":"N","superstructure_condition":"N","year_built":1951,"year_reconstructed":1995},"sensor_count":2,"sensor_types":["moisture","vibration"],"source_id":"nbi","status":"normal","structure_kind":"culvert"},"type":"Feature"},{"geometry":{"coordinates":[-100.024703,37.751111],"type":"Point"},"properties":{"anomaly_count":0,"asset_id":"PWR-001","asset_type":"power","category":"Utilities","centroid":[-100.024703,37.751111],"health_score":100,"is_simulated":false,"monitored":true,"name":null,"sensor_count":1,"sensor_types":["temperature"],"source_id":"osm","status":"normal"},"type":"Feature"},{"geometry":{"coordinates":[[-100.005,37.760248],[-100.005144,37.760296]],"type":"LineString"},"properties":{"anomaly_count":0,"asset_id":"PWR-002","asset_type":"power","category":"Utilities","centroid":[-100.005072,37.760272],"health_score":null,"is_simulated":false,"monitored":false,"name":null,"sensor_count":0,"sensor_types":[],"source_id":"osm","status":"not_monitored"},"type":"Feature"},{"geometry":{"coordinates":[-100.00515,37.760304],"type":"Point"},"properties":{"anomaly_count":0,"asset_id":"PWR-003","asset_type":"power","category":"Utilities","centroid":[-100.00515,37.760304],"health_score":100,"is_simulated":false,"monitored":true,"name":null,"sensor_count":1,"sensor_types":["temperature"],"source_id":"osm","status":"normal"},"type":"Feature"},{"geometry":{"coordinates":[[-100.026404,37.746199],[-100.026419,37.746592],[-100.026415,37.746872],[-100.026347,37.747581],[-100.026339,37.747926],[-100.026379,37.74866],[-100.026478,37.750306],[-100.026468,37.750471],[-100.026434,37.750631],[-100.026382,37.750794],[-100.026327,37.750909],[-100.02622,37.751088],[-100.026099,37.75123],[-100.025995,37.751333],[-100.025897,37.751417],[-100.025793,37.751497],[-100.025656,37.751584],[-100.025521,37.751652],[-100.0254,37.751704],[-100.02525,37.751759],[-100.025017,37.751834],[-100.023558,37.752304],[-100.023178,37.752417],[-100.022919,37.752462],[-100.022764,37.752477],[-100.022195,37.752485]],"type":"LineString"},"properties":{"anomaly_count":0,"asset_id":"RAIL-001","asset_type":"rail","category":"Transportation","centroid":[-100.026469,37.750451],"health_score":null,"is_simulated":false,"monitored":false,"name":"CVRR","sensor_count":0,"sensor_types":[],"source_id":"osm","status":"not_monitored"},"type":"Feature"},{"geometry":{"coordinates":[[-100.03,37.752858],[-100.029292,37.75282],[-100.028368,37.752775],[-100.025961,37.752657],[-100.024499,37.752592],[-100.023648,37.752562],[-100.022908,37.752522],[-100.022195,37.752485],[-100.021529,37.752457],[-100.019353,37.752333],[-100.01927,37.752328],[-100.018116,37.752268],[-100.017308,37.752223],[-100.016299,37.75217],[-100.014394,37.752068],[-100.012923,37.751992]],"type":"LineString"},"properties":{"anomaly_count":0,"asset_id":"RAIL-002","asset_type":"rail","category":"Transportation","centroid":[-100.021459,37.752453],"health_score":null,"is_simulated":false,"monitored":false,"name":"BNSF La Junta Subdivision","sensor_count":0,"sensor_types":[],"source_id":"osm","status":"not_monitored"},"type":"Feature"},{"geometry":{"coordinates":[[-100.012416,37.752023],[-100.012148,37.75199],[-100.0119,37.751952],[-100.011637,37.751924]],"type":"LineString"},"properties":{"anomaly_count":0,"asset_id":"RAIL-003","asset_type":"rail","category":"Transportation","centroid":[-100.012027,37.751972],"health_score":null,"is_simulated":false,"monitored":false,"name":null,"sensor_count":0,"sensor_types":[],"source_id":"osm","status":"not_monitored"},"type":"Feature"},{"geometry":{"coordinates":[[-100.011641,37.751978],[-100.01143,37.751983],[-100.011263,37.751993],[-100.01016,37.752108],[-100.009954,37.752125],[-100.009684,37.752131],[-100.009517,37.752122],[-100.005,37.751884]],"type":"LineString"},"properties":{"anomaly_count":0,"asset_id":"RAIL-004","asset_type":"rail","category":"Transportation","centroid":[-100.008324,37.752059],"health_score":null,"is_simulated":false,"monitored":false,"name":null,"sensor_count":0,"sensor_types":[],"source_id":"osm","status":"not_monitored"},"type":"Feature"},{"geometry":{"coordinates":[[-100.009684,37.752131],[-100.010816,37.752183],[-100.011282,37.75221],[-100.011385,37.752213],[-100.011531,37.752211],[-100.011705,37.7522],[-100.012,37.752183],[-100.012096,37.752179],[-100.012243,37.75218],[-100.012381,37.752186],[-100.013645,37.752251]],"type":"LineString"},"properties":{"anomaly_count":0,"asset_id":"RAIL-005","asset_type":"rail","category":"Transportation","centroid":[-100.011665,37.752203],"health_score":null,"is_simulated":false,"monitored":false,"name":"Western Beverage","sensor_count":0,"sensor_types":[],"source_id":"osm","status":"not_monitored"},"type":"Feature"},{"geometry":{"coordinates":[[-100.03,37.75293],[-100.029291,37.752893],[-100.028609,37.752858],[-100.027983,37.752826],[-100.026359,37.752742],[-100.022264,37.752531],[-100.021531,37.752493],[-100.01938,37.752382],[-100.019265,37.752376],[-100.01811,37.752317],[-100.016621,37.75224],[-100.016297,37.752223],[-100.015992,37.752208],[-100.012917,37.752049]],"type":"LineString"},"properties":{"anomaly_count":0,"asset_id":"RAIL-006","asset_type":"rail","category":"Transportation","centroid":[-100.021459,37.752489],"health_score":null,"is_simulated":false,"monitored":false,"name":"BNSF La Junta Subdivision","sensor_count":0,"sensor_types":[],"source_id":"osm","status":"not_monitored"},"type":"Feature"},{"geometry":{"coordinates":[[-100.03,37.75282],[-100.029294,37.752783],[-100.029071,37.752772],[-100.02797,37.752713],[-100.027736,37.752696],[-100.027571,37.752678],[-100.027418,37.752654],[-100.027255,37.752624],[-100.027087,37.752602],[-100.026919,37.752584],[-100.026773,37.752574],[-100.023522,37.752397]],"type":"LineString"},"properties":{"anomaly_count":0,"asset_id":"RAIL-007","asset_type":"rail","category":"Transportation","centroid":[-100.026766,37.752573],"health_score":null,"is_simulated":false,"monitored":false,"name":null,"sensor_count":0,"sensor_types":[],"source_id":"osm","status":"not_monitored"},"type":"Feature"},{"geometry":{"coordinates":[[-100.017793,37.752213],[-100.011731,37.751887]],"type":"LineString"},"properties":{"anomaly_count":0,"asset_id":"RAIL-008","asset_type":"rail","category":"Transportation","centroid":[-100.014762,37.75205],"health_score":null,"is_simulated":false,"monitored":false,"name":null,"sensor_count":0,"sensor_types":[],"source_id":"osm","status":"not_monitored"},"type":"Feature"},{"geometry":{"coordinates":[[-100.010586,37.75195],[-100.009883,37.752029]],"type":"LineString"},"properties":{"anomaly_count":0,"asset_id":"RAIL-009","asset_type":"rail","category":"Transportation","centroid":[-100.010234,37.75199],"health_score":null,"is_simulated":false,"monitored":false,"name":null,"sensor_count":0,"sensor_types":[],"source_id":"osm","status":"not_monitored"},"type":"Feature"},{"geometry":{"coordinates":[[-100.011731,37.751887],[-100.012071,37.751882],[-100.012183,37.75188],[-100.012311,37.751882],[-100.012397,37.751887],[-100.012793,37.75191],[-100.012979,37.751915],[-100.013108,37.751913],[-100.013226,37.751908],[-100.013352,37.751907],[-100.01791,37.752146]],"type":"LineString"},"properties":{"anomaly_count":0,"asset_id":"RAIL-010","asset_type":"rail","category":"Transportation","centroid":[-100.014822,37.751984],"health_score":null,"is_simulated":false,"monitored":false,"name":null,"sensor_count":0,"sensor_types":[],"source_id":"osm","status":"not_monitored"},"type":"Feature"},{"geometry":{"coordinates":[[-100.017611,37.75196],[-100.015236,37.75183],[-100.014976,37.751825],[-100.014732,37.751829],[-100.013772,37.751834],[-100.013597,37.751837],[-100.012959,37.75187],[-100.012643,37.751886],[-100.012397,37.751887]],"type":"LineString"},"properties":{"anomaly_count":0,"asset_id":"RAIL-011","asset_type":"rail","category":"Transportation","centroid":[-100.015006,37.751826],"health_score":null,"is_simulated":false,"monitored":false,"name":null,"sensor_count":0,"sensor_types":[],"source_id":"osm","status":"not_monitored"},"type":"Feature"},{"geometry":{"coordinates":[[-100.012959,37.75187],[-100.012754,37.751871],[-100.012552,37.751863],[-100.012332,37.751848]],"type":"LineString"},"properties":{"anomaly_count":0,"asset_id":"RAIL-012","asset_type":"rail","category":"Transportation","centroid":[-100.012645,37.751866],"health_score":null,"is_simulated":false,"monitored":false,"name":null,"sensor_count":0,"sensor_types":[],"source_id":"osm","status":"not_monitored"},"type":"Feature"},{"geometry":{"coordinates":[[-100.011699,37.751776],[-100.011452,37.751719],[-100.010921,37.751569],[-100.010772,37.751519],[-100.010657,37.751472],[-100.010549,37.751414],[-100.010414,37.751327],[-100.010293,37.751232],[-100.010214,37.751149],[-100.010147,37.75105],[-100.010061,37.750893],[-100.009975,37.750744],[-100.009887,37.750622],[-100.009794,37.750513],[-100.009669,37.750405],[-100.009566,37.750322],[-100.009483,37.75026],[-100.009275,37.750115],[-100.008237,37.749404],[-100.008102,37.749316],[-100.007981,37.749266],[-100.007816,37.74922],[-100.007425,37.74913],[-100.006334,37.748873]],"type":"LineString"},"properties":{"anomaly_count":0,"asset_id":"RAIL-013","asset_type":"rail","category":"Transportation","centroid":[-100.009255,37.750101],"health_score":null,"is_simulated":false,"monitored":false,"name":null,"sensor_count":0,"sensor_types":[],"source_id":"osm","status":"not_monitored"},"type":"Feature"},{"geometry":{"coordinates":[[-100.010484,37.749179],[-100.010123,37.75009],[-100.010032,37.750324],[-100.010012,37.750409],[-100.010004,37.750456],[-100.010002,37.75057],[-100.010007,37.750665],[-100.010027,37.75078],[-100.010061,37.750893]],"type":"LineString"},"properties":{"anomaly_count":0,"asset_id":"RAIL-014","asset_type":"rail","category":"Transportation","centroid":[-100.010148,37.750026],"health_score":null,"is_simulated":false,"monitored":false,"name":null,"sensor_count":0,"sensor_types":[],"source_id":"osm","status":"not_monitored"},"type":"Feature"},{"geometry":{"coordinates":[[-100.012332,37.751848],[-100.012519,37.751849],[-100.012712,37.751842],[-100.013069,37.751821],[-100.013878,37.75178],[-100.014415,37.751754],[-100.01477,37.751758],[-100.014976,37.751761],[-100.015152,37.751754],[-100.015421,37.751742],[-100.015632,37.751729],[-100.015852,37.751722],[-100.016067,37.751729],[-100.016436,37.751748]],"type":"LineString"},"properties":{"anomaly_count":0,"asset_id":"RAIL-015","asset_type":"rail","category":"Transportation","centroid":[-100.014384,37.751755],"health_score":null,"is_simulated":false,"monitored":false,"name":null,"sensor_count":0,"sensor_types":[],"source_id":"osm","status":"not_monitored"},"type":"Feature"},{"geometry":{"coordinates":[[-100.01477,37.751758],[-100.014513,37.751736],[-100.014322,37.751695],[-100.014142,37.751645],[-100.014005,37.751589],[-100.013816,37.751513],[-100.013669,37.751462],[-100.013452,37.751419],[-100.012621,37.751308]],"type":"LineString"},"properties":{"anomaly_count":0,"asset_id":"RAIL-016","asset_type":"rail","category":"Transportation","centroid":[-100.013718,37.751479],"health_score":null,"is_simulated":false,"monitored":false,"name":"Ruffin Inc 0208","sensor_count":0,"sensor_types":[],"source_id":"osm","status":"not_monitored"},"type":"Feature"},{"geometry":{"coordinates":[[-100.010238,37.751808],[-100.01012,37.751801],[-100.009555,37.751773],[-100.007024,37.751639],[-100.006876,37.75163],[-100.006807,37.751626],[-100.005,37.751531]],"type":"LineString"},"properties":{"anomaly_count":0,"asset_id":"RAIL-017","asset_type":"rail","category":"Transportation","centroid":[-100.007619,37.75167],"health_score":null,"is_simulated":false,"monitored":false,"name":null,"sensor_count":0,"sensor_types":[],"source_id":"osm","status":"not_monitored"},"type":"Feature"},{"geometry":{"coordinates":[[-100.012332,37.751848],[-100.01216,37.751835],[-100.012023,37.751822],[-100.011894,37.751807],[-100.011699,37.751776],[-100.011406,37.751728],[-100.011251,37.751706],[-100.011107,37.75169],[-100.01089,37.75167],[-100.010655,37.751658],[-100.009153,37.751578],[-100.009051,37.75157],[-100.008928,37.751552]],"type":"LineString"},"properties":{"anomaly_count":0,"asset_id":"RAIL-018","asset_type":"rail","category":"Transportation","centroid":[-100.010637,37.751657],"health_score":null,"is_simulated":false,"monitored":false,"name":null,"sensor_count":0,"sensor_types":[],"source_id":"osm","status":"not_monitored"},"type":"Feature"},{"geometry":{"coordinates":[[-100.011488,37.751873],[-100.010925,37.751887]],"type":"LineString"},"properties":{"anomaly_count":0,"asset_id":"RAIL-019","asset_type":"rail","category":"Transportation","centroid":[-100.011207,37.75188],"health_score":null,"is_simulated":false,"monitored":false,"name":null,"sensor_count":0,"sensor_types":[],"source_id":"osm","status":"not_monitored"},"type":"Feature"},{"geometry":{"coordinates":[[-100.011577,37.751923],[-100.010925,37.751887],[-100.010871,37.751883],[-100.010522,37.751868],[-100.009188,37.751795],[-100.007865,37.751725],[-100.007592,37.751709],[-100.005,37.751571]],"type":"LineString"},"properties":{"anomaly_count":0,"asset_id":"RAIL-020","asset_type":"rail","category":"Transportation","centroid":[-100.008289,37.751747],"health_score":null,"is_simulated":false,"monitored":false,"name":null,"sensor_count":0,"sensor_types":[],"source_id":"osm","status":"not_monitored"},"type":"Feature"},{"geometry":{"coordinates":[[-100.010871,37.751883],[-100.010238,37.751808]],"type":"LineString"},"properties":{"anomaly_count":0,"asset_id":"RAIL-021","asset_type":"rail","category":"Transportation","centroid":[-100.010554,37.751846],"health_score":null,"is_simulated":false,"monitored":false,"name":null,"sensor_count":0,"sensor_types":[],"source_id":"osm","status":"not_monitored"},"type":"Feature"},{"geometry":{"coordinates":[[-100.01012,37.751801],[-100.009802,37.751766],[-100.009696,37.751742],[-100.008928,37.751552],[-100.007748,37.751254],[-100.007287,37.751144],[-100.005479,37.750692],[-100.005141,37.75061]],"type":"LineString"},"properties":{"anomaly_count":0,"asset_id":"RAIL-022","asset_type":"rail","category":"Transportation","centroid":[-100.007625,37.751225],"health_score":null,"is_simulated":false,"monitored":false,"name":null,"sensor_count":0,"sensor_types":[],"source_id":"osm","status":"not_monitored"},"type":"Feature"},{"geometry":{"coordinates":[[-100.005137,37.750619],[-100.005339,37.750689],[-100.005459,37.750729],[-100.005628,37.750778],[-100.007325,37.751202],[-100.009099,37.751643],[-100.009276,37.751682],[-100.009389,37.751699],[-100.009696,37.751742]],"type":"LineString"},"properties":{"anomaly_count":0,"asset_id":"RAIL-023","asset_type":"rail","category":"Transportation","centroid":[-100.007401,37.751221],"health_score":null,"is_simulated":false,"monitored":false,"name":null,"sensor_count":0,"sensor_types":[],"source_id":"osm","status":"not_monitored"},"type":"Feature"},{"geometry":{"coordinates":[[-100.009555,37.751773],[-100.009345,37.751748],[-100.009212,37.75172],[-100.007256,37.751228]],"type":"LineString"},"properties":{"anomaly_count":0,"asset_id":"RAIL-024","asset_type":"rail","category":"Transportation","centroid":[-100.008401,37.751516],"health_score":null,"is_simulated":false,"monitored":false,"name":null,"sensor_count":0,"sensor_types":[],"source_id":"osm","status":"not_monitored"},"type":"Feature"},{"geometry":{"coordinates":[[-100.007325,37.751202],[-100.007056,37.751158],[-100.006803,37.751115],[-100.00651,37.751051],[-100.005588,37.750818],[-100.005481,37.750782],[-100.00534,37.750732],[-100.005125,37.750637]],"type":"LineString"},"properties":{"anomaly_count":0,"asset_id":"RAIL-025","asset_type":"rail","category":"Transportation","centroid":[-100.006202,37.750973],"health_score":null,"is_simulated":false,"monitored":false,"name":null,"sensor_count":0,"sensor_types":[],"source_id":"osm","status":"not_monitored"},"type":"Feature"},{"geometry":{"coordinates":[[-100.005304,37.750787],[-100.00541,37.750826],[-100.005521,37.750859],[-100.005622,37.750887],[-100.005817,37.750935],[-100.005976,37.750974],[-100.006199,37.751047],[-100.006347,37.75109],[-100.006532,37.751136],[-100.006774,37.75119],[-100.007278,37.751296],[-100.007504,37.751344],[-100.007909,37.751444],[-100.008464,37.751582],[-100.008595,37.751611],[-100.008779,37.751653],[-100.008965,37.751683],[-100.009212,37.75172]],"type":"LineString"},"properties":{"anomaly_count":0,"asset_id":"RAIL-026","asset_type":"rail","category":"Transportation","centroid":[-100.007244,37.751289],"health_score":null,"is_simulated":false,"monitored":false,"name":null,"sensor_count":0,"sensor_types":[],"source_id":"osm","status":"not_monitored"},"type":"Feature"},{"geometry":{"coordinates":[[-100.008464,37.751582],[-100.008239,37.751539],[-100.008062,37.751523],[-100.007213,37.751477],[-100.007012,37.75147],[-100.006809,37.751467],[-100.006174,37.751472],[-100.006046,37.751473],[-100.005944,37.751472],[-100.005675,37.751457]],"type":"LineString"},"properties":{"anomaly_count":0,"asset_id":"RAIL-027","asset_type":"rail","category":"Transportation","centroid":[-100.007074,37.751472],"health_score":null,"is_simulated":false,"monitored":false,"name":null,"sensor_count":0,"sensor_types":[],"source_id":"osm","status":"not_monitored"},"type":"Feature"},{"geometry":{"coordinates":[[-100.006807,37.751626],[-100.00655,37.751592],[-100.006439,37.751574],[-100.006126,37.751525]],"type":"LineString"},"properties":{"anomaly_count":0,"asset_id":"RAIL-028","asset_type":"rail","category":"Transportation","centroid":[-100.006466,37.751578],"health_score":null,"is_simulated":false,"monitored":false,"name":null,"sensor_count":0,"sensor_types":[],"source_id":"osm","status":"not_monitored"},"type":"Feature"},{"geometry":{"coordinates":[[-100.005173,37.75141],[-100.005,37.751384]],"type":"LineString"},"properties":{"anomaly_count":0,"asset_id":"RAIL-029","asset_type":"rail","category":"Transportation","centroid":[-100.005087,37.751397],"health_score":null,"is_simulated":false,"monitored":false,"name":null,"sensor_count":0,"sensor_types":[],"source_id":"osm","status":"not_monitored"},"type":"Feature"},{"geometry":{"coordinates":[[-100.005957,37.751375],[-100.005,37.751325]],"type":"LineString"},"properties":{"anomaly_count":0,"asset_id":"RAIL-030","asset_type":"rail","category":"Transportation","centroid":[-100.005478,37.75135],"health_score":null,"is_simulated":false,"monitored":false,"name":null,"sensor_count":0,"sensor_types":[],"source_id":"osm","status":"not_monitored"},"type":"Feature"},{"geometry":{"coordinates":[[-100.005,37.751392],[-100.005173,37.75141],[-100.005461,37.751447]],"type":"LineString"},"properties":{"anomaly_count":0,"asset_id":"RAIL-031","asset_type":"rail","category":"Transportation","centroid":[-100.005231,37.751417],"health_score":null,"is_simulated":false,"monitored":false,"name":null,"sensor_count":0,"sensor_types":[],"source_id":"osm","status":"not_monitored"},"type":"Feature"},{"geometry":{"coordinates":[[-100.006126,37.751525],[-100.005894,37.751487],[-100.005675,37.751457],[-100.005461,37.751447],[-100.005,37.751422]],"type":"LineString"},"properties":{"anomaly_count":0,"asset_id":"RAIL-032","asset_type":"rail","category":"Transportation","centroid":[-100.005567,37.751452],"health_score":null,"is_simulated":false,"monitored":false,"name":null,"sensor_count":0,"sensor_types":[],"source_id":"osm","status":"not_monitored"},"type":"Feature"},{"geometry":{"coordinates":[[-100.006126,37.751525],[-100.005919,37.751503],[-100.005797,37.751498],[-100.005,37.751456]],"type":"LineString"},"properties":{"anomaly_count":0,"asset_id":"RAIL-033","asset_type":"rail","category":"Transportation","centroid":[-100.005564,37.751485],"health_score":null,"is_simulated":false,"monitored":false,"name":null,"sensor_count":0,"sensor_types":[],"source_id":"osm","status":"not_monitored"},"type":"Feature"},{"geometry":{"coordinates":[[-100.005,37.751496],[-100.006239,37.751561],[-100.00655,37.751592]],"type":"LineString"},"properties":{"anomaly_count":0,"asset_id":"RAIL-034","asset_type":"rail","category":"Transportation","centroid":[-100.005776,37.751537],"health_score":null,"is_simulated":false,"monitored":false,"name":null,"sensor_count":0,"sensor_types":[],"source_id":"osm","status":"not_monitored"},"type":"Feature"},{"geometry":{"coordinates":[[-100.007024,37.751639],[-100.007592,37.751709]],"type":"LineString"},"properties":{"anomaly_count":0,"asset_id":"RAIL-035","asset_type":"rail","category":"Transportation","centroid":[-100.007308,37.751674],"health_score":null,"is_simulated":false,"monitored":false,"name":null,"sensor_count":0,"sensor_types":[],"source_id":"osm","status":"not_monitored"},"type":"Feature"},{"geometry":{"coordinates":[[-100.005,37.751614],[-100.009906,37.751873],[-100.010168,37.75188],[-100.010351,37.751872],[-100.010522,37.751868]],"type":"LineString"},"properties":{"anomaly_count":0,"asset_id":"RAIL-036","asset_type":"rail","category":"Transportation","centroid":[-100.00776,37.75176],"health_score":null,"is_simulated":false,"monitored":false,"name":null,"sensor_count":0,"sensor_types":[],"source_id":"osm","status":"not_monitored"},"type":"Feature"},{"geometry":{"coordinates":[[-100.010168,37.75188],[-100.009805,37.751899],[-100.009506,37.751889],[-100.005,37.751652]],"type":"LineString"},"properties":{"anomaly_count":0,"asset_id":"RAIL-037","asset_type":"rail","category":"Transportation","centroid":[-100.007584,37.751788],"health_score":null,"is_simulated":false,"monitored":false,"name":null,"sensor_count":0,"sensor_types":[],"source_id":"osm","status":"not_monitored"},"type":"Feature"},{"geometry":{"coordinates":[[-100.005,37.751687],[-100.009206,37.751909],[-100.009504,37.751918],[-100.009805,37.751899]],"type":"LineString"},"properties":{"anomaly_count":0,"asset_id":"RAIL-038","asset_type":"rail","category":"Transportation","centroid":[-100.007403,37.751814],"health_score":null,"is_simulated":false,"monitored":false,"name":null,"sensor_count":0,"sensor_types":[],"source_id":"osm","status":"not_monitored"},"type":"Feature"},{"geometry":{"coordinates":[[-100.005,37.751722],[-100.008953,37.75193],[-100.009196,37.751935],[-100.009504,37.751918]],"type":"LineString"},"properties":{"anomaly_count":0,"asset_id":"RAIL-039","asset_type":"rail","category":"Transportation","centroid":[-100.007252,37.75184],"health_score":null,"is_simulated":false,"monitored":false,"name":null,"sensor_count":0,"sensor_types":[],"source_id":"osm","status":"not_monitored"},"type":"Feature"},{"geometry":{"coordinates":[[-100.009196,37.751935],[-100.008896,37.751949],[-100.008776,37.751952],[-100.008624,37.751947],[-100.005,37.751756]],"type":"LineString"},"properties":{"anomaly_count":0,"asset_id":"RAIL-040","asset_type":"rail","category":"Transportation","centroid":[-100.007098,37.751866],"health_score":null,"is_simulated":false,"monitored":false,"name":null,"sensor_count":0,"sensor_types":[],"source_id":"osm","status":"not_monitored"},"type":"Feature"},{"geometry":{"coordinates":[[-100.005801,37.751022],[-100.007318,37.75135],[-100.007443,37.751375],[-100.007909,37.751444]],"type":"LineString"},"properties":{"anomaly_count":0,"asset_id":"RAIL-041","asset_type":"rail","category":"Transportation","centroid":[-100.00685,37.751249],"health_score":null,"is_simulated":false,"monitored":false,"name":null,"sensor_count":0,"sensor_types":[],"source_id":"osm","status":"not_monitored"},"type":"Feature"},{"geometry":{"coordinates":[[-100.011731,37.751887],[-100.011488,37.751873],[-100.010238,37.751808]],"type":"LineString"},"properties":{"anomaly_count":0,"asset_id":"RAIL-042","asset_type":"rail","category":"Transportation","centroid":[-100.010985,37.751847],"health_score":null,"is_simulated":false,"monitored":false,"name":null,"sensor_count":0,"sensor_types":[],"source_id":"osm","status":"not_monitored"},"type":"Feature"},{"geometry":{"coordinates":[[-100.012416,37.752023],[-100.012267,37.752014],[-100.011641,37.751978],[-100.011271,37.751971],[-100.010874,37.751978],[-100.009883,37.752029]],"type":"LineString"},"properties":{"anomaly_count":0,"asset_id":"RAIL-043","asset_type":"rail","category":"Transportation","centroid":[-100.01115,37.751973],"health_score":null,"is_simulated":false,"monitored":false,"name":"BNSF La Junta Subdivision","sensor_count":0,"sensor_types":[],"source_id":"osm","status":"not_monitored"},"type":"Feature"},{"geometry":{"coordinates":[[-100.011637,37.751924],[-100.011577,37.751923],[-100.01131,37.75192],[-100.011051,37.751928],[-100.010586,37.75195]],"type":"LineString"},"properties":{"anomaly_count":0,"asset_id":"RAIL-044","asset_type":"rail","category":"Transportation","centroid":[-100.011111,37.751926],"health_score":null,"is_simulated":false,"monitored":false,"name":"BNSF La Junta Subdivision","sensor_count":0,"sensor_types":[],"source_id":"osm","status":"not_monitored"},"type":"Feature"},{"geometry":{"coordinates":[[-100.007571,37.751968],[-100.005668,37.75187],[-100.005,37.75184]],"type":"LineString"},"properties":{"anomaly_count":0,"asset_id":"RAIL-045","asset_type":"rail","category":"Transportation","centroid":[-100.006286,37.751902],"health_score":null,"is_simulated":false,"monitored":false,"name":"BNSF La Junta Subdivision","sensor_count":0,"sensor_types":[],"source_id":"osm","status":"not_monitored"},"type":"Feature"},{"geometry":{"coordinates":[[-100.007576,37.751932],[-100.005,37.751806]],"type":"LineString"},"properties":{"anomaly_count":0,"asset_id":"RAIL-046","asset_type":"rail","category":"Transportation","centroid":[-100.006288,37.751869],"health_score":null,"is_simulated":false,"monitored":false,"name":"BNSF La Junta Subdivision","sensor_count":0,"sensor_types":[],"source_id":"osm","status":"not_monitored"},"type":"Feature"},{"geometry":{"coordinates":[[-100.010586,37.75195],[-100.009449,37.752002],[-100.009162,37.752008],[-100.008822,37.751994],[-100.007576,37.751932]],"type":"LineString"},"properties":{"anomaly_count":0,"asset_id":"RAIL-047","asset_type":"rail","category":"Transportation","centroid":[-100.009081,37.752004],"health_score":null,"is_simulated":false,"monitored":false,"name":"BNSF La Junta Subdivision","sensor_count":0,"sensor_types":[],"source_id":"osm","status":"not_monitored"},"type":"Feature"},{"geometry":{"coordinates":[[-100.012923,37.751992],[-100.011637,37.751924]],"type":"LineString"},"properties":{"anomaly_count":0,"asset_id":"RAIL-048","asset_type":"rail","category":"Transportation","centroid":[-100.01228,37.751958],"health_score":null,"is_simulated":false,"monitored":false,"name":"BNSF La Junta Subdivision","sensor_count":0,"sensor_types":[],"source_id":"osm","status":"not_monitored"},"type":"Feature"},{"geometry":{"coordinates":[[-100.012917,37.752049],[-100.012416,37.752023]],"type":"LineString"},"properties":{"anomaly_count":0,"asset_id":"RAIL-049","asset_type":"rail","category":"Transportation","centroid":[-100.012667,37.752036],"health_score":null,"is_simulated":false,"monitored":false,"name":"BNSF La Junta Subdivision","sensor_count":0,"sensor_types":[],"source_id":"osm","status":"not_monitored"},"type":"Feature"},{"geometry":{"coordinates":[[-100.009883,37.752029],[-100.009456,37.752046],[-100.009106,37.752046],[-100.008743,37.75203],[-100.007571,37.751968]],"type":"LineString"},"properties":{"anomaly_count":0,"asset_id":"RAIL-050","asset_type":"rail","category":"Transportation","centroid":[-100.008726,37.752029],"health_score":null,"is_simulated":false,"monitored":false,"name":"BNSF La Junta Subdivision","sensor_count":0,"sensor_types":[],"source_id":"osm","status":"not_monitored"},"type":"Feature"},{"geometry":{"coordinates":[[-100.022517,37.753748],[-100.024238,37.753841]],"type":"LineString"},"properties":{"anomaly_count":0,"asset_id":"RD-0001","asset_type":"road","category":"Transportation","centroid":[-100.023377,37.753794],"health_score":null,"highway_class":"residential","is_simulated":false,"lanes":null,"length_m":151.7,"monitored":false,"name":"Walnut Street","sensor_count":0,"sensor_types":[],"source_id":"osm","status":"not_monitored","surface":null},"type":"Feature"},{"geometry":{"coordinates":[[-100.013028,37.745937],[-100.012408,37.745916],[-100.012257,37.745889],[-100.011959,37.745825]],"type":"LineString"},"properties":{"anomaly_count":0,"asset_id":"RD-0002","asset_type":"road","category":"Transportation","centroid":[-100.012487,37.745919],"health_score":100,"highway_class":"residential","is_simulated":false,"lanes":null,"length_m":95.4,"monitored":true,"name":null,"sensor_count":1,"sensor_types":["temperature"],"source_id":"osm","status":"normal","surface":null},"type":"Feature"},{"geometry":{"coordinates":[[-100.021492,37.752799],[-100.021872,37.752819],[-100.022157,37.752844],[-100.022357,37.752872],[-100.022619,37.752928]],"type":"LineString"},"properties":{"anomaly_count":0,"asset_id":"RD-0003","asset_type":"road","category":"Transportation","centroid":[-100.022061,37.752836],"health_score":null,"highway_class":"primary","is_simulated":false,"lanes":2,"length_m":100.4,"monitored":false,"name":"West Wyatt Earp Boulevard","sensor_count":0,"sensor_types":[],"source_id":"osm","status":"not_monitored","surface":"asphalt"},"type":"Feature"},{"geometry":{"coordinates":[[-100.028387,37.76004],[-100.028404,37.759779],[-100.028429,37.75971],[-100.028504,37.759663],[-100.02858,37.759663],[-100.028646,37.759694],[-100.028677,37.759869]],"type":"LineString"},"properties":{"anomaly_count":0,"asset_id":"RD-0004","asset_type":"road","category":"Transportation","centroid":[-100.028449,37.759698],"health_score":null,"highway_class":"residential","is_simulated":false,"lanes":null,"length_m":78.5,"monitored":false,"name":null,"sensor_count":0,"sensor_types":[],"source_id":"osm","status":"not_monitored","surface":null},"type":"Feature"},{"geometry":{"coordinates":[[-100.012943,37.745423],[-100.012874,37.745494],[-100.012751,37.74552],[-100.012656,37.745546],[-100.012522,37.745556],[-100.012403,37.745545],[-100.012271,37.745502],[-100.012156,37.745474],[-100.012034,37.745468]],"type":"LineString"},"properties":{"anomaly_count":0,"asset_id":"RD-0005","asset_type":"road","category":"Transportation","centroid":[-100.012507,37.745555],"health_score":null,"highway_class":"residential","is_simulated":false,"lanes":null,"length_m":86.2,"monitored":false,"name":null,"sensor_count":0,"sensor_types":[],"source_id":"osm","status":"not_monitored","surface":null},"type":"Feature"},{"geometry":{"coordinates":[[-100.015909,37.745],[-100.015914,37.746702],[-100.015868,37.746762],[-100.015791,37.746784],[-100.014869,37.746788],[-100.014795,37.746755],[-100.01476,37.746687],[-100.014755,37.746259]],"type":"LineString"},"properties":{"anomaly_count":0,"asset_id":"RD-0006","asset_type":"road","category":"Transportation","centroid":[-100.015914,37.746567],"health_score":null,"highway_class":"residential","is_simulated":false,"lanes":null,"length_m":348.5,"monitored":false,"name":null,"sensor_count":0,"sensor_types":[],"source_id":"osm","status":"not_monitored","surface":null},"type":"Feature"},{"geometry":{"coordinates":[[-100.005327,37.759923],[-100.005,37.75993]],"type":"LineString"},"properties":{"anomaly_count":0,"asset_id":"RD-0007","asset_type":"road","category":"Transportation","centroid":[-100.005164,37.759926],"health_score":null,"highway_class":"residential","is_simulated":false,"lanes":null,"length_m":28.8,"monitored":false,"name":null,"sensor_count":0,"sensor_types":[],"source_id":"osm","status":"not_monitored","surface":null},"type":"Feature"},{"geometry":{"coordinates":[[-100.02714,37.760236],[-100.027591,37.760218],[-100.027808,37.760216],[-100.027845,37.760216],[-100.028015,37.760183],[-100.028174,37.760141],[-100.028321,37.760077],[-100.028387,37.76004],[-100.028512,37.759966],[-100.028677,37.759869],[-100.028829,37.759813],[-100.029061,37.759785],[-100.029333,37.759815],[-100.029668,37.759907],[-100.029858,37.759982],[-100.03,37.760049]],"type":"LineString"},"properties":{"anomaly_count":0,"asset_id":"RD-0008","asset_type":"road","category":"Transportation","centroid":[-100.028577,37.759928],"health_score":null,"highway_class":"tertiary","is_simulated":false,"lanes":null,"length_m":269.7,"monitored":false,"name":"West Ash Street","sensor_count":0,"sensor_types":[],"source_id":"osm","status":"not_monitored","surface":"asphalt"},"type":"Feature"},{"geometry":{"coordinates":[[-100.015182,37.753818],[-100.015172,37.754326],[-100.015188,37.75475],[-100.015224,37.755314],[-100.015215,37.756298],[-100.015208,37.757316],[-100.015201,37.758212],[-100.015197,37.759168],[-100.015195,37.759694],[-100.015176,37.760152],[-100.015178,37.76114],[-100.015152,37.762]],"type":"LineString"},"properties":{"anomaly_count":0,"asset_id":"RD-0009","asset_type":"road","category":"Transportation","centroid":[-100.015203,37.757908],"health_score":100,"highway_class":"residential","is_simulated":false,"lanes":null,"length_m":910,"monitored":true,"name":"Avenue A","sensor_count":1,"sensor_types":["temperature"],"source_id":"osm","status":"normal","surface":null},"type":"Feature"},{"geometry":{"coordinates":[[-100.013775,37.753093],[-100.013765,37.753816],[-100.013759,37.754324],[-100.013747,37.755312],[-100.013735,37.756296],[-100.013723,37.757312],[-100.013712,37.7582],[-100.0137,37.759164],[-100.013689,37.760144],[-100.013677,37.761134],[-100.013666,37.762]],"type":"LineString"},"properties":{"anomaly_count":2,"asset_id":"RD-0010","asset_type":"road","category":"Transportation","centroid":[-100.01372,37.757546],"health_score":77,"highway_class":"residential","is_simulated":false,"lanes":null,"length_m":990.5,"monitored":true,"name":"Avenue B","sensor_count":1,"sensor_types":["moisture"],"source_id":"osm","status":"watch","surface":null},"type":"Feature"},{"geometry":{"coordinates":[[-100.012354,37.753014],[-100.012346,37.753812],[-100.012341,37.754322],[-100.012332,37.755311],[-100.012322,37.756294],[-100.012313,37.757308],[-100.012304,37.758188],[-100.012295,37.75916],[-100.012286,37.760138],[-100.012277,37.761128],[-100.012268,37.762]],"type":"LineString"},"properties":{"anomaly_count":0,"asset_id":"RD-0011","asset_type":"road","category":"Transportation","centroid":[-100.012311,37.757507],"health_score":null,"highway_class":"residential","is_simulated":false,"lanes":null,"length_m":999.2,"monitored":false,"name":"Avenue C","sensor_count":0,"sensor_types":[],"source_id":"osm","status":"not_monitored","surface":null},"type":"Feature"},{"geometry":{"coordinates":[[-100.01096,37.752937],[-100.010953,37.753698],[-100.010952,37.753807],[-100.010948,37.754321],[-100.010938,37.75531],[-100.010929,37.756293],[-100.01092,37.757304],[-100.010911,37.758176],[-100.010902,37.759156],[-100.010899,37.759502],[-100.010893,37.760131],[-100.010884,37.761122],[-100.010876,37.762]],"type":"LineString"},"properties":{"anomaly_count":0,"asset_id":"RD-0012","asset_type":"road","category":"Transportation","centroid":[-100.010918,37.757468],"health_score":null,"highway_class":"residential","is_simulated":false,"lanes":null,"length_m":1007.8,"monitored":false,"name":"Avenue D","sensor_count":0,"sensor_types":[],"source_id":"osm","status":"not_monitored","surface":null},"type":"Feature"},{"geometry":{"coordinates":[[-100.009544,37.752858],[-100.009564,37.753803],[-100.009565,37.754328],[-100.009525,37.755309],[-100.009517,37.756291],[-100.009509,37.7573],[-100.009502,37.758165],[-100.009496,37.75882],[-100.009494,37.759153],[-100.009486,37.760124],[-100.009478,37.761116],[-100.009471,37.762]],"type":"LineString"},"properties":{"anomaly_count":0,"asset_id":"RD-0013","asset_type":"road","category":"Transportation","centroid":[-100.009508,37.757429],"health_score":100,"highway_class":"residential","is_simulated":false,"lanes":null,"length_m":1016.6,"monitored":true,"name":"Avenue E","sensor_count":1,"sensor_types":["moisture"],"source_id":"osm","status":"normal","surface":null},"type":"Feature"},{"geometry":{"coordinates":[[-100.008144,37.75278],[-100.008154,37.753809],[-100.008155,37.754316],[-100.008127,37.755308],[-100.00812,37.75629],[-100.008113,37.757296],[-100.008107,37.758153],[-100.0081,37.759149],[-100.008093,37.760117],[-100.008086,37.76111],[-100.00808,37.762]],"type":"LineString"},"properties":{"anomaly_count":0,"asset_id":"RD-0014","asset_type":"road","category":"Transportation","centroid":[-100.008112,37.75739],"health_score":null,"highway_class":"residential","is_simulated":false,"lanes":null,"length_m":1025.2,"monitored":false,"name":"Avenue F","sensor_count":0,"sensor_types":[],"source_id":"osm","status":"not_monitored","surface":null},"type":"Feature"},{"geometry":{"coordinates":[[-100.006745,37.752703],[-100.006776,37.753805],[-100.006757,37.754327],[-100.006729,37.755073],[-100.006727,37.755306],[-100.00672,37.756288],[-100.006714,37.757292],[-100.006708,37.758142],[-100.006701,37.759145],[-100.006694,37.76011],[-100.006688,37.761104],[-100.006685,37.761564],[-100.006682,37.762]],"type":"LineString"},"properties":{"anomaly_count":0,"asset_id":"RD-0015","asset_type":"road","category":"Transportation","centroid":[-100.006713,37.757351],"health_score":100,"highway_class":"residential","is_simulated":false,"lanes":null,"length_m":1033.9,"monitored":true,"name":"Avenue G","sensor_count":1,"sensor_types":["temperature"],"source_id":"osm","status":"normal","surface":null},"type":"Feature"},{"geometry":{"coordinates":[[-100.005349,37.752625],[-100.005345,37.753803],[-100.005344,37.754314],[-100.005342,37.754802],[-100.005341,37.75509],[-100.005341,37.755305],[-100.005338,37.756286],[-100.005335,37.757289],[-100.005332,37.758128],[-100.00533,37.759142],[-100.005328,37.75961],[-100.005327,37.759923],[-100.005327,37.760103],[-100.005324,37.761098],[-100.005321,37.762]],"type":"LineString"},"properties":{"anomaly_count":0,"asset_id":"RD-0016","asset_type":"road","category":"Transportation","centroid":[-100.005335,37.757312],"health_score":100,"highway_class":"tertiary","is_simulated":false,"lanes":null,"length_m":1042.4,"monitored":true,"name":"Avenue H","sensor_count":1,"sensor_types":["moisture"],"source_id":"osm","status":"normal","surface":null},"type":"Feature"},{"geometry":{"coordinates":[[-100.015158,37.749919],[-100.015131,37.750231],[-100.015051,37.75114]],"type":"LineString"},"properties":{"anomaly_count":0,"asset_id":"RD-0017","asset_type":"road","category":"Transportation","centroid":[-100.015105,37.750529],"health_score":100,"highway_class":"residential","is_simulated":false,"lanes":null,"length_m":136.1,"monitored":true,"name":"Juneau Avenue","sensor_count":1,"sensor_types":["temperature"],"source_id":"osm","status":"normal","surface":null},"type":"Feature"},{"geometry":{"coordinates":[[-100.024207,37.756998],[-100.024734,37.757009],[-100.025307,37.757021],[-100.025943,37.757035]],"type":"LineString"},"properties":{"anomaly_count":0,"asset_id":"RD-0018","asset_type":"road","category":"Transportation","centroid":[-100.025075,37.757016],"health_score":null,"highway_class":"residential","is_simulated":false,"lanes":null,"length_m":152.7,"monitored":false,"name":"North Avenue","sensor_count":0,"sensor_types":[],"source_id":"osm","status":"not_monitored","surface":null},"type":"Feature"},{"geometry":{"coordinates":[[-100.005,37.757288],[-100.005335,37.757289],[-100.006038,37.75729],[-100.006714,37.757292],[-100.007429,37.757294],[-100.008113,37.757296],[-100.008827,37.757298],[-100.009509,37.7573],[-100.010228,37.757302],[-100.01092,37.757304],[-100.011612,37.757306],[-100.012313,37.757308],[-100.013,37.75731],[-100.013723,37.757312],[-100.014514,37.757314],[-100.015208,37.757316],[-100.01594,37.757318],[-100.016599,37.75732]],"type":"LineString"},"properties":{"anomaly_count":0,"asset_id":"RD-0019","asset_type":"road","category":"Transportation","centroid":[-100.0108,37.757304],"health_score":null,"highway_class":"residential","is_simulated":false,"lanes":null,"length_m":1019.7,"monitored":false,"name":"East Elm Street","sensor_count":0,"sensor_types":[],"source_id":"osm","status":"not_monitored","surface":null},"type":"Feature"},{"geometry":{"coordinates":[[-100.016503,37.759171],[-100.015826,37.759169],[-100.015197,37.759168],[-100.014561,37.759166],[-100.0137,37.759164],[-100.012982,37.759162],[-100.012295,37.75916],[-100.011583,37.759158],[-100.010902,37.759156],[-100.010217,37.759155],[-100.009494,37.759153],[-100.008817,37.759151],[-100.0081,37.759149],[-100.007403,37.759147],[-100.006701,37.759145],[-100.006465,37.759145],[-100.00533,37.759142],[-100.005,37.759141]],"type":"LineString"},"properties":{"anomaly_count":0,"asset_id":"RD-0020","asset_type":"road","category":"Transportation","centroid":[-100.010751,37.759156],"health_score":null,"highway_class":"residential","is_simulated":false,"lanes":null,"length_m":1011.2,"monitored":false,"name":"East Oak Street","sensor_count":0,"sensor_types":[],"source_id":"osm","status":"not_monitored","surface":"asphalt"},"type":"Feature"},{"geometry":{"coordinates":[[-100.020982,37.745],[-100.02072,37.745482],[-100.020407,37.746057]],"type":"LineString"},"properties":{"anomaly_count":0,"asset_id":"RD-0021","asset_type":"road","category":"Transportation","centroid":[-100.020695,37.745528],"health_score":100,"highway_class":"residential","is_simulated":false,"lanes":null,"length_m":128,"monitored":true,"name":"Smith Street","sensor_count":1,"sensor_types":["moisture"],"source_id":"osm","status":"normal","surface":null},"type":"Feature"},{"geometry":{"coordinates":[[-100.016841,37.754327],[-100.016997,37.754328],[-100.017636,37.754359],[-100.017943,37.754381],[-100.019081,37.754448],[-100.019609,37.754474],[-100.020214,37.754503],[-100.020463,37.754516],[-100.020624,37.754525],[-100.020771,37.754533],[-100.021345,37.754566],[-100.021889,37.754595],[-100.022477,37.754631],[-100.023494,37.754687],[-100.023859,37.754701],[-100.024231,37.754708],[-100.024756,37.754713],[-100.025362,37.754715],[-100.025997,37.754718],[-100.026691,37.754723],[-100.027231,37.754725],[-100.027349,37.754726],[-100.028013,37.754722],[-100.028501,37.754718],[-100.029271,37.754718],[-100.03,37.75472]],"type":"LineString"},"properties":{"anomaly_count":0,"asset_id":"RD-0022","asset_type":"road","category":"Transportation","centroid":[-100.023413,37.754683],"health_score":null,"highway_class":"residential","is_simulated":false,"lanes":null,"length_m":1158.3,"monitored":false,"name":"West Spruce Street","sensor_count":0,"sensor_types":[],"source_id":"osm","status":"not_monitored","surface":null},"type":"Feature"},{"geometry":{"coordinates":[[-100.016357,37.748729],[-100.016257,37.749955],[-100.016128,37.751285]],"type":"LineString"},"properties":{"anomaly_count":0,"asset_id":"RD-0023","asset_type":"road","category":"Transportation","centroid":[-100.016252,37.750008],"health_score":null,"highway_class":"residential","is_simulated":false,"lanes":null,"length_m":284.9,"monitored":false,"name":"Woodland Avenue","sensor_count":0,"sensor_types":[],"source_id":"osm","status":"not_monitored","surface":null},"type":"Feature"},{"geometry":{"coordinates":[[-100.024771,37.753285],[-100.024883,37.753283],[-100.024949,37.753282],[-100.025377,37.753286],[-100.026058,37.753291],[-100.026752,37.753323],[-100.027391,37.753349],[-100.027656,37.753362],[-100.028048,37.753384],[-100.028528,37.753413],[-100.028774,37.753428],[-100.029263,37.753457],[-100.03,37.753498]],"type":"LineString"},"properties":{"anomaly_count":0,"asset_id":"RD-0024","asset_type":"road","category":"Transportation","centroid":[-100.027388,37.753349],"health_score":100,"highway_class":"primary","is_simulated":false,"lanes":4,"length_m":460.5,"monitored":true,"name":"West Wyatt Earp Boulevard","sensor_count":1,"sensor_types":["vibration"],"source_id":"osm","status":"normal","surface":"asphalt"},"type":"Feature"},{"geometry":{"coordinates":[[-100.029316,37.75204],[-100.029294,37.752783],[-100.029292,37.75282],[-100.029291,37.752893],[-100.029263,37.753457],[-100.029258,37.753695],[-100.029254,37.754257],[-100.02925,37.754637],[-100.029271,37.754718],[-100.029277,37.754743],[-100.029287,37.75495],[-100.029279,37.755206],[-100.029279,37.75572],[-100.029279,37.75622],[-100.029257,37.756711],[-100.029241,37.757208],[-100.02922,37.757686],[-100.029184,37.758171]],"type":"LineString"},"properties":{"anomaly_count":0,"asset_id":"RD-0025","asset_type":"road","category":"Transportation","centroid":[-100.029282,37.755105],"health_score":100,"highway_class":"residential","is_simulated":false,"lanes":null,"length_m":682.3,"monitored":true,"name":"11th Avenue","sensor_count":1,"sensor_types":["moisture"],"source_id":"osm","status":"normal","surface":null},"type":"Feature"},{"geometry":{"coordinates":[[-100.03,37.758296],[-100.029976,37.758297],[-100.029922,37.758348],[-100.029858,37.759982],[-100.029582,37.760273],[-100.029419,37.760482],[-100.029367,37.760634],[-100.029357,37.760729],[-100.029336,37.762]],"type":"LineString"},"properties":{"anomaly_count":0,"asset_id":"RD-0026","asset_type":"road","category":"Transportation","centroid":[-100.029701,37.760147],"health_score":100,"highway_class":"residential","is_simulated":false,"lanes":null,"length_m":428.5,"monitored":true,"name":"11th Avenue","sensor_count":1,"sensor_types":["moisture"],"source_id":"osm","status":"normal","surface":null},"type":"Feature"},{"geometry":{"coordinates":[[-100.01475,37.745],[-100.014745,37.745308],[-100.014748,37.745421],[-100.014755,37.746259]],"type":"LineString"},"properties":{"anomaly_count":0,"asset_id":"RD-0027","asset_type":"road","category":"Transportation","centroid":[-100.01475,37.74563],"health_score":null,"highway_class":"residential","is_simulated":false,"lanes":null,"length_m":140,"monitored":false,"name":"Clayton Street","sensor_count":0,"sensor_types":[],"source_id":"osm","status":"not_monitored","surface":null},"type":"Feature"},{"geometry":{"coordinates":[[-100.014755,37.746259],[-100.013028,37.745937]],"type":"LineString"},"properties":{"anomaly_count":0,"asset_id":"RD-0028","asset_type":"road","category":"Transportation","centroid":[-100.013892,37.746098],"health_score":100,"highway_class":"residential","is_simulated":false,"lanes":null,"length_m":156,"monitored":true,"name":"Clayton Street","sensor_count":1,"sensor_types":["moisture"],"source_id":"osm","status":"normal","surface":null},"type":"Feature"},{"geometry":{"coordinates":[[-100.016536,37.758223],[-100.017089,37.758228],[-100.01764,37.758243],[-100.018208,37.758246],[-100.01876,37.758249],[-100.019325,37.758251],[-100.019909,37.758247],[-100.020445,37.758243],[-100.021018,37.758241],[-100.021572,37.758244],[-100.022144,37.758244],[-100.022722,37.758241],[-100.023033,37.758266],[-100.02349,37.758273],[-100.02419,37.758247],[-100.024366,37.758229],[-100.024757,37.758212],[-100.025279,37.758189],[-100.025395,37.758197],[-100.025921,37.7582],[-100.026601,37.758204],[-100.027179,37.758207],[-100.027167,37.758368]],"type":"LineString"},"properties":{"anomaly_count":0,"asset_id":"RD-0029","asset_type":"road","category":"Transportation","centroid":[-100.021962,37.758244],"health_score":null,"highway_class":"residential","is_simulated":false,"lanes":null,"length_m":954.1,"monitored":false,"name":"West Division Street","sensor_count":0,"sensor_types":[],"source_id":"osm","status":"not_monitored","surface":null},"type":"Feature"},{"geometry":{"coordinates":[[-100.024228,37.756152],[-100.024742,37.756156],[-100.025323,37.75616],[-100.025962,37.756165]],"type":"LineString"},"properties":{"anomaly_count":0,"asset_id":"RD-0030","asset_type":"road","category":"Transportation","centroid":[-100.025095,37.756158],"health_score":null,"highway_class":"residential","is_simulated":false,"lanes":null,"length_m":152.4,"monitored":false,"name":"Ark Valley Avenue","sensor_count":0,"sensor_types":[],"source_id":"osm","status":"not_monitored","surface":null},"type":"Feature"},{"geometry":{"coordinates":[[-100.02163,37.74908],[-100.021708,37.749196],[-100.021726,37.749311],[-100.021722,37.749708],[-100.021709,37.749974],[-100.021694,37.750292],[-100.02169,37.75033],[-100.02166,37.750775]],"type":"LineString"},"properties":{"anomaly_count":0,"asset_id":"RD-0031","asset_type":"road","category":"Transportation","centroid":[-100.021711,37.74992],"health_score":null,"highway_class":"residential","is_simulated":false,"lanes":null,"length_m":190.4,"monitored":false,"name":"4th Avenue","sensor_count":0,"sensor_types":[],"source_id":"osm","status":"not_monitored","surface":null},"type":"Feature"},{"geometry":{"coordinates":[[-100.021384,37.754133],[-100.021374,37.754243],[-100.021358,37.75443],[-100.021345,37.754566],[-100.021233,37.755545],[-100.02116,37.756537],[-100.021144,37.756752],[-100.021093,37.757534],[-100.021044,37.757816],[-100.021018,37.758241],[-100.021,37.758515],[-100.020994,37.759203],[-100.020987,37.760192],[-100.020978,37.76118],[-100.020986,37.762]],"type":"LineString"},"properties":{"anomaly_count":0,"asset_id":"RD-0032","asset_type":"road","category":"Transportation","centroid":[-100.021029,37.758061],"health_score":null,"highway_class":"residential","is_simulated":false,"lanes":null,"length_m":876.1,"monitored":false,"name":"4th Avenue","sensor_count":0,"sensor_types":[],"source_id":"osm","status":"not_monitored","surface":null},"type":"Feature"},{"geometry":{"coordinates":[[-100.005324,37.761098],[-100.00595,37.761101],[-100.006688,37.761104],[-100.007393,37.761107],[-100.008086,37.76111],[-100.008785,37.761113],[-100.009478,37.761116],[-100.010195,37.761119],[-100.010884,37.761122],[-100.011321,37.761124],[-100.011564,37.761125],[-100.012277,37.761128],[-100.012997,37.761131],[-100.013677,37.761134],[-100.01459,37.761138],[-100.014686,37.761138],[-100.015178,37.76114],[-100.015784,37.761143],[-100.016455,37.761146]],"type":"LineString"},"properties":{"anomaly_count":0,"asset_id":"RD-0033","asset_type":"road","category":"Transportation","centroid":[-100.010889,37.761122],"health_score":100,"highway_class":"residential","is_simulated":false,"lanes":null,"length_m":978.5,"monitored":true,"name":"East Hickory Street","sensor_count":1,"sensor_types":["moisture"],"source_id":"osm","status":"normal","surface":null},"type":"Feature"},{"geometry":{"coordinates":[[-100.005327,37.760103],[-100.005981,37.760106],[-100.006694,37.76011],[-100.007401,37.760113],[-100.008093,37.760117],[-100.008811,37.76012],[-100.009486,37.760124],[-100.010214,37.760127],[-100.010893,37.760131],[-100.011567,37.760134],[-100.012286,37.760138],[-100.012548,37.760139],[-100.013001,37.760141],[-100.013689,37.760144],[-100.014544,37.760149],[-100.015176,37.760152],[-100.015788,37.760155],[-100.016457,37.760158]],"type":"LineString"},"properties":{"anomaly_count":0,"asset_id":"RD-0034","asset_type":"road","category":"Transportation","centroid":[-100.010892,37.760131],"health_score":100,"highway_class":"tertiary","is_simulated":false,"lanes":null,"length_m":978.5,"monitored":true,"name":"East Ash Street","sensor_count":1,"sensor_types":["temperature"],"source_id":"osm","status":"normal","surface":null},"type":"Feature"},{"geometry":{"coordinates":[[-100.024231,37.754708],[-100.024242,37.755317],[-100.024235,37.755741],[-100.024228,37.756152],[-100.024215,37.756677],[-100.024207,37.756998],[-100.024186,37.757665],[-100.024176,37.757994],[-100.02419,37.758247]],"type":"LineString"},"properties":{"anomaly_count":0,"asset_id":"RD-0035","asset_type":"road","category":"Transportation","centroid":[-100.02422,37.756478],"health_score":null,"highway_class":"residential","is_simulated":false,"lanes":null,"length_m":393.6,"monitored":false,"name":"7th Avenue","sensor_count":0,"sensor_types":[],"source_id":"osm","status":"not_monitored","surface":null},"type":"Feature"},{"geometry":{"coordinates":[[-100.024757,37.758212],[-100.024751,37.758437],[-100.024747,37.758599],[-100.024729,37.759232],[-100.024716,37.759705],[-100.024717,37.760219],[-100.024719,37.761207],[-100.02472,37.76157],[-100.024714,37.762]],"type":"LineString"},"properties":{"anomaly_count":0,"asset_id":"RD-0036","asset_type":"road","category":"Transportation","centroid":[-100.024717,37.760106],"health_score":100,"highway_class":"residential","is_simulated":false,"lanes":null,"length_m":421.2,"monitored":true,"name":"7th Avenue","sensor_count":1,"sensor_types":["moisture"],"source_id":"osm","status":"normal","surface":null},"type":"Feature"},{"geometry":{"coordinates":[[-100.013775,37.753093],[-100.012354,37.753014],[-100.011785,37.752982],[-100.011662,37.752976],[-100.01096,37.752937],[-100.010724,37.752924],[-100.010245,37.752897],[-100.009544,37.752858],[-100.008798,37.752817],[-100.008144,37.75278],[-100.007448,37.752742],[-100.006745,37.752703],[-100.006037,37.752663],[-100.005349,37.752625],[-100.005,37.752606]],"type":"LineString"},"properties":{"anomaly_count":1,"asset_id":"RD-0037","asset_type":"road","category":"Transportation","centroid":[-100.009388,37.752849],"health_score":92,"highway_class":"primary","is_simulated":false,"lanes":5,"length_m":773.4,"monitored":true,"name":"East Wyatt Earp Boulevard","sensor_count":1,"sensor_types":["vibration"],"source_id":"osm","status":"normal","surface":null},"type":"Feature"},{"geometry":{"coordinates":[[-100.005,37.756286],[-100.005338,37.756286],[-100.006047,37.756287],[-100.00672,37.756288],[-100.007444,37.756289],[-100.00812,37.75629],[-100.008838,37.75629],[-100.009517,37.756291],[-100.010215,37.756292],[-100.010929,37.756293],[-100.011616,37.756294],[-100.012322,37.756294],[-100.01302,37.756295],[-100.013735,37.756296],[-100.014535,37.756297],[-100.015215,37.756298],[-100.016682,37.756299]],"type":"LineString"},"properties":{"anomaly_count":0,"asset_id":"RD-0038","asset_type":"road","category":"Transportation","centroid":[-100.010841,37.756293],"health_score":null,"highway_class":"residential","is_simulated":false,"lanes":null,"length_m":1027,"monitored":false,"name":"East Cedar Street","sensor_count":0,"sensor_types":[],"source_id":"osm","status":"not_monitored","surface":null},"type":"Feature"},{"geometry":{"coordinates":[[-100.018279,37.745],[-100.01828,37.745247],[-100.018284,37.745811],[-100.018285,37.745884]],"type":"LineString"},"properties":{"anomaly_count":1,"asset_id":"RD-0039","asset_type":"road","category":"Transportation","centroid":[-100.018282,37.745442],"health_score":90,"highway_class":"residential","is_simulated":false,"lanes":null,"length_m":98.3,"monitored":true,"name":"Sunflower Avenue","sensor_count":1,"sensor_types":["temperature"],"source_id":"osm","status":"normal","surface":null},"type":"Feature"},{"geometry":{"coordinates":[[-100.028048,37.753384],[-100.028041,37.753662],[-100.028013,37.754722],[-100.027997,37.755218],[-100.027991,37.755714],[-100.02797,37.75621],[-100.027959,37.756702],[-100.027948,37.757203],[-100.027927,37.757682]],"type":"LineString"},"properties":{"anomaly_count":0,"asset_id":"RD-0040","asset_type":"road","category":"Transportation","centroid":[-100.027993,37.755533],"health_score":null,"highway_class":"residential","is_simulated":false,"lanes":null,"length_m":478,"monitored":false,"name":"10th Avenue","sensor_count":0,"sensor_types":[],"source_id":"osm","status":"not_monitored","surface":null},"type":"Feature"},{"geometry":{"coordinates":[[-100.028387,37.76004],[-100.028362,37.760381],[-100.028355,37.760805],[-100.028358,37.762]],"type":"LineString"},"properties":{"anomaly_count":0,"asset_id":"RD-0041","asset_type":"road","category":"Transportation","centroid":[-100.028356,37.76102],"health_score":100,"highway_class":"residential","is_simulated":false,"lanes":null,"length_m":218,"monitored":true,"name":"10th Avenue","sensor_count":1,"sensor_types":["temperature"],"source_id":"osm","status":"normal","surface":null},"type":"Feature"},{"geometry":{"coordinates":[[-100.019604,37.745],[-100.019437,37.745289]],"type":"LineString"},"properties":{"anomaly_count":0,"asset_id":"RD-0042","asset_type":"road","category":"Transportation","centroid":[-100.019521,37.745145],"health_score":null,"highway_class":"residential","is_simulated":false,"lanes":null,"length_m":35.4,"monitored":false,"name":"Sunnyside Avenue","sensor_count":0,"sensor_types":[],"source_id":"osm","status":"not_monitored","surface":null},"type":"Feature"},{"geometry":{"coordinates":[[-100.024242,37.755317],[-100.024755,37.755313],[-100.025338,37.755309],[-100.025985,37.755304]],"type":"LineString"},"properties":{"anomaly_count":0,"asset_id":"RD-0043","asset_type":"road","category":"Transportation","centroid":[-100.025114,37.755311],"health_score":null,"highway_class":"residential","is_simulated":false,"lanes":null,"length_m":153.2,"monitored":false,"name":"Ford County Avenue","sensor_count":0,"sensor_types":[],"source_id":"osm","status":"not_monitored","surface":null},"type":"Feature"},{"geometry":{"coordinates":[[-100.016941,37.75344],[-100.018035,37.7535],[-100.019159,37.75357],[-100.020024,37.753613],[-100.02015,37.753619],[-100.020288,37.753626]],"type":"LineString"},"properties":{"anomaly_count":0,"asset_id":"RD-0044","asset_type":"road","category":"Transportation","centroid":[-100.018614,37.753537],"health_score":null,"highway_class":"residential","is_simulated":false,"lanes":null,"length_m":295,"monitored":false,"name":"Gunsmoke Street","sensor_count":0,"sensor_types":[],"source_id":"osm","status":"not_monitored","surface":null},"type":"Feature"},{"geometry":{"coordinates":[[-100.028647,37.750912],[-100.028556,37.752006]],"type":"LineString"},"properties":{"anomaly_count":0,"asset_id":"RD-0045","asset_type":"road","category":"Transportation","centroid":[-100.028602,37.751459],"health_score":80,"highway_class":"residential","is_simulated":false,"lanes":null,"length_m":121.9,"monitored":true,"name":"Short Street","sensor_count":1,"sensor_types":["moisture"],"source_id":"osm","status":"watch","surface":null},"type":"Feature"},{"geometry":{"coordinates":[[-100.026058,37.753291],[-100.025997,37.754718],[-100.025985,37.755304],[-100.025962,37.756165],[-100.025949,37.756689],[-100.025943,37.757035],[-100.02593,37.757688],[-100.025921,37.7582]],"type":"LineString"},"properties":{"anomaly_count":0,"asset_id":"RD-0046","asset_type":"road","category":"Transportation","centroid":[-100.025973,37.755745],"health_score":100,"highway_class":"residential","is_simulated":false,"lanes":null,"length_m":546,"monitored":true,"name":"Hardesty Avenue","sensor_count":1,"sensor_types":["moisture"],"source_id":"osm","status":"normal","surface":null},"type":"Feature"},{"geometry":{"coordinates":[[-100.018419,37.748729],[-100.018442,37.748562],[-100.018424,37.748477],[-100.018321,37.748438],[-100.017361,37.748601],[-100.016357,37.748729],[-100.015295,37.748784]],"type":"LineString"},"properties":{"anomaly_count":0,"asset_id":"RD-0047","asset_type":"road","category":"Transportation","centroid":[-100.017033,37.748643],"health_score":null,"highway_class":"residential","is_simulated":false,"lanes":null,"length_m":307.7,"monitored":false,"name":"River Road","sensor_count":0,"sensor_types":[],"source_id":"osm","status":"not_monitored","surface":null},"type":"Feature"},{"geometry":{"coordinates":[[-100.019555,37.748694],[-100.018419,37.748729]],"type":"LineString"},"properties":{"anomaly_count":0,"asset_id":"RD-0048","asset_type":"road","category":"Transportation","centroid":[-100.018987,37.748711],"health_score":100,"highway_class":"residential","is_simulated":false,"lanes":null,"length_m":99.9,"monitored":true,"name":"River Road","sensor_count":1,"sensor_types":["moisture"],"source_id":"osm","status":"normal","surface":null},"type":"Feature"},{"geometry":{"coordinates":[[-100.029184,37.758171],[-100.02918,37.758437]],"type":"LineString"},"properties":{"anomaly_count":0,"asset_id":"RD-0049","asset_type":"road","category":"Transportation","centroid":[-100.029182,37.758304],"health_score":null,"highway_class":"residential","is_simulated":false,"lanes":null,"length_m":29.6,"monitored":false,"name":"Algrim Court","sensor_count":0,"sensor_types":[],"source_id":"osm","status":"not_monitored","surface":null},"type":"Feature"},{"geometry":{"coordinates":[[-100.020426,37.751072],[-100.020412,37.751431],[-100.020469,37.751582],[-100.020429,37.752012]],"type":"LineString"},"properties":{"anomaly_count":0,"asset_id":"RD-0050","asset_type":"road","category":"Transportation","centroid":[-100.020453,37.751541],"health_score":null,"highway_class":"residential","is_simulated":false,"lanes":null,"length_m":105.3,"monitored":false,"name":"3rd Avenue","sensor_count":0,"sensor_types":[],"source_id":"osm","status":"not_monitored","surface":null},"type":"Feature"},{"geometry":{"coordinates":[[-100.020328,37.753146],[-100.020288,37.753626],[-100.020264,37.753931],[-100.020256,37.754023],[-100.020252,37.754076],[-100.020214,37.754503],[-100.020126,37.75549],[-100.020035,37.756482],[-100.019956,37.757349],[-100.01995,37.757462],[-100.019909,37.758247],[-100.019888,37.758657],[-100.019878,37.759194],[-100.019859,37.760184],[-100.01985,37.761171],[-100.019857,37.762]],"type":"LineString"},"properties":{"anomaly_count":1,"asset_id":"RD-0051","asset_type":"road","category":"Transportation","centroid":[-100.019944,37.757568],"health_score":100,"highway_class":"tertiary","is_simulated":false,"lanes":null,"length_m":985.8,"monitored":true,"name":"3rd Avenue","sensor_count":1,"sensor_types":["moisture"],"source_id":"osm","status":"normal","surface":null},"type":"Feature"},{"geometry":{"coordinates":[[-100.020333,37.753084],[-100.02036,37.752739],[-100.020378,37.752597]],"type":"LineString"},"properties":{"anomaly_count":0,"asset_id":"RD-0052","asset_type":"road","category":"Transportation","centroid":[-100.020352,37.75284],"health_score":null,"highway_class":"residential","is_simulated":false,"lanes":3,"length_m":54.3,"monitored":false,"name":"3rd Avenue","sensor_count":0,"sensor_types":[],"source_id":"osm","status":"not_monitored","surface":"asphalt"},"type":"Feature"},{"geometry":{"coordinates":[[-100.016682,37.756299],[-100.017766,37.756372],[-100.018342,37.756401],[-100.018906,37.756429],[-100.019454,37.756454],[-100.020035,37.756482],[-100.020597,37.756511],[-100.02116,37.756537],[-100.021709,37.75656],[-100.021831,37.756565],[-100.022267,37.756595],[-100.022657,37.756623],[-100.022826,37.75663],[-100.023508,37.75666],[-100.024215,37.756677]],"type":"LineString"},"properties":{"anomaly_count":0,"asset_id":"RD-0053","asset_type":"road","category":"Transportation","centroid":[-100.020448,37.756503],"health_score":null,"highway_class":"residential","is_simulated":false,"lanes":null,"length_m":663.7,"monitored":false,"name":"West Cedar Street","sensor_count":0,"sensor_types":[],"source_id":"osm","status":"not_monitored","surface":null},"type":"Feature"},{"geometry":{"coordinates":[[-100.027959,37.756702],[-100.029257,37.756711],[-100.03,37.756719]],"type":"LineString"},"properties":{"anomaly_count":0,"asset_id":"RD-0054","asset_type":"road","category":"Transportation","centroid":[-100.02898,37.756709],"health_score":null,"highway_class":"residential","is_simulated":false,"lanes":null,"length_m":179.4,"monitored":false,"name":"West Cedar Street","sensor_count":0,"sensor_types":[],"source_id":"osm","status":"not_monitored","surface":null},"type":"Feature"},{"geometry":{"coordinates":[[-100.025949,37.756689],[-100.026663,37.756696]],"type":"LineString"},"properties":{"anomaly_count":0,"asset_id":"RD-0055","asset_type":"road","category":"Transportation","centroid":[-100.026306,37.756693],"health_score":null,"highway_class":"residential","is_simulated":false,"lanes":null,"length_m":62.8,"monitored":false,"name":"West Cedar Street","sensor_count":0,"sensor_types":[],"source_id":"osm","status":"not_monitored","surface":null},"type":"Feature"},{"geometry":{"coordinates":[[-100.027167,37.758368],[-100.027148,37.759251],[-100.02714,37.760236],[-100.027131,37.761226],[-100.027147,37.762]],"type":"LineString"},"properties":{"anomaly_count":0,"asset_id":"RD-0056","asset_type":"road","category":"Transportation","centroid":[-100.02714,37.760184],"health_score":null,"highway_class":"residential","is_simulated":false,"lanes":null,"length_m":403.9,"monitored":false,"name":"9th Avenue","sensor_count":0,"sensor_types":[],"source_id":"osm","status":"not_monitored","surface":null},"type":"Feature"},{"geometry":{"coordinates":[[-100.026752,37.753323],[-100.026725,37.753988],[-100.026691,37.754723],[-100.026663,37.756696],[-100.026638,37.757689],[-100.026601,37.758204]],"type":"LineString"},"properties":{"anomaly_count":0,"asset_id":"RD-0057","asset_type":"road","category":"Transportation","centroid":[-100.026676,37.755764],"health_score":null,"highway_class":"residential","is_simulated":false,"lanes":null,"length_m":542.9,"monitored":false,"name":"9th Avenue","sensor_count":0,"sensor_types":[],"source_id":"osm","status":"not_monitored","surface":null},"type":"Feature"},{"geometry":{"coordinates":[[-100.023508,37.75666],[-100.023498,37.757676],[-100.02349,37.758273],[-100.023485,37.759223],[-100.023474,37.76021],[-100.023459,37.761198],[-100.023454,37.762]],"type":"LineString"},"properties":{"anomaly_count":0,"asset_id":"RD-0058","asset_type":"road","category":"Transportation","centroid":[-100.023484,37.75933],"health_score":null,"highway_class":"residential","is_simulated":false,"lanes":null,"length_m":593.9,"monitored":false,"name":"6th Avenue","sensor_count":0,"sensor_types":[],"source_id":"osm","status":"not_monitored","surface":"paved"},"type":"Feature"},{"geometry":{"coordinates":[[-100.020328,37.753146],[-100.020571,37.75316],[-100.020778,37.753171],[-100.02096,37.753182],[-100.021468,37.75321],[-100.021504,37.753212],[-100.022356,37.753261],[-100.022577,37.753273]],"type":"LineString"},"properties":{"anomaly_count":0,"asset_id":"RD-0059","asset_type":"road","category":"Transportation","centroid":[-100.021453,37.75321],"health_score":null,"highway_class":"residential","is_simulated":false,"lanes":null,"length_m":198.3,"monitored":false,"name":"Front Street","sensor_count":0,"sensor_types":[],"source_id":"osm","status":"not_monitored","surface":null},"type":"Feature"},{"geometry":{"coordinates":[[-100.016503,37.759171],[-100.017064,37.759172],[-100.017605,37.759177],[-100.018176,37.759181],[-100.018748,37.759186],[-100.019331,37.75919],[-100.019878,37.759194],[-100.020432,37.759199],[-100.020994,37.759203],[-100.02156,37.759208],[-100.022118,37.759212],[-100.022766,37.759217],[-100.023485,37.759223],[-100.024104,37.759228],[-100.024729,37.759232],[-100.025304,37.759237],[-100.02593,37.759242],[-100.02655,37.759247],[-100.027148,37.759251]],"type":"LineString"},"properties":{"anomaly_count":0,"asset_id":"RD-0060","asset_type":"road","category":"Transportation","centroid":[-100.021826,37.75921],"health_score":null,"highway_class":"residential","is_simulated":false,"lanes":null,"length_m":935.8,"monitored":false,"name":"West Oak Street","sensor_count":0,"sensor_types":[],"source_id":"osm","status":"not_monitored","surface":null},"type":"Feature"},{"geometry":{"coordinates":[[-100.017072,37.751398],[-100.017117,37.751402],[-100.018206,37.751467],[-100.019342,37.751515]],"type":"LineString"},"properties":{"anomaly_count":0,"asset_id":"RD-0061","asset_type":"road","category":"Transportation","centroid":[-100.018206,37.751467],"health_score":100,"highway_class":"primary","is_simulated":false,"lanes":null,"length_m":200.1,"monitored":true,"name":"West Trail Street","sensor_count":1,"sensor_types":["moisture"],"source_id":"osm","status":"normal","surface":null},"type":"Feature"},{"geometry":{"coordinates":[[-100.018285,37.745884],[-100.018832,37.745885],[-100.019457,37.745886]],"type":"LineString"},"properties":{"anomaly_count":0,"asset_id":"RD-0062","asset_type":"road","category":"Transportation","centroid":[-100.018871,37.745885],"health_score":null,"highway_class":"residential","is_simulated":false,"lanes":null,"length_m":103.1,"monitored":false,"name":"Beech Street","sensor_count":0,"sensor_types":[],"source_id":"osm","status":"not_monitored","surface":null},"type":"Feature"},{"geometry":{"coordinates":[[-100.019457,37.750126],[-100.018316,37.750068],[-100.01725,37.750014],[-100.016756,37.749987],[-100.016257,37.749955],[-100.015688,37.749926],[-100.015158,37.749919]],"type":"LineString"},"properties":{"anomaly_count":0,"asset_id":"RD-0063","asset_type":"road","category":"Transportation","centroid":[-100.017308,37.750017],"health_score":null,"highway_class":"residential","is_simulated":false,"lanes":null,"length_m":378.7,"monitored":false,"name":"Water Street","sensor_count":0,"sensor_types":[],"source_id":"osm","status":"not_monitored","surface":null},"type":"Feature"},{"geometry":{"coordinates":[[-100.017188,37.750897],[-100.018236,37.750964],[-100.019379,37.751018],[-100.020426,37.751072]],"type":"LineString"},"properties":{"anomaly_count":0,"asset_id":"RD-0064","asset_type":"road","category":"Transportation","centroid":[-100.018807,37.750991],"health_score":null,"highway_class":"residential","is_simulated":false,"lanes":null,"length_m":285.4,"monitored":false,"name":"Maple Street","sensor_count":0,"sensor_types":[],"source_id":"osm","status":"not_monitored","surface":null},"type":"Feature"},{"geometry":{"coordinates":[[-100.005,37.755305],[-100.005135,37.755305],[-100.005341,37.755305],[-100.006076,37.755306],[-100.006727,37.755306],[-100.00745,37.755307],[-100.008127,37.755308],[-100.008819,37.755308],[-100.009525,37.755309],[-100.010236,37.755309],[-100.010938,37.75531],[-100.011625,37.75531],[-100.012332,37.755311],[-100.013021,37.755312],[-100.013747,37.755312],[-100.014518,37.755313],[-100.015224,37.755314],[-100.016763,37.755315]],"type":"LineString"},"properties":{"anomaly_count":0,"asset_id":"RD-0065","asset_type":"road","category":"Transportation","centroid":[-100.010881,37.75531],"health_score":null,"highway_class":"residential","is_simulated":false,"lanes":null,"length_m":1034.1,"monitored":false,"name":"East Vine Street","sensor_count":0,"sensor_types":[],"source_id":"osm","status":"not_monitored","surface":null},"type":"Feature"},{"geometry":{"coordinates":[[-100.03,37.757695],[-100.02922,37.757686],[-100.027927,37.757682],[-100.026638,37.757689],[-100.02593,37.757688]],"type":"LineString"},"properties":{"anomaly_count":0,"asset_id":"RD-0066","asset_type":"road","category":"Transportation","centroid":[-100.027965,37.757682],"health_score":100,"highway_class":"residential","is_simulated":false,"lanes":null,"length_m":357.8,"monitored":true,"name":"West Elm Street","sensor_count":1,"sensor_types":["moisture"],"source_id":"osm","status":"normal","surface":null},"type":"Feature"},{"geometry":{"coordinates":[[-100.018819,37.757408],[-100.01941,37.757436],[-100.01995,37.757462],[-100.020494,37.7575],[-100.021093,37.757534],[-100.021633,37.757565],[-100.022204,37.757597],[-100.022765,37.75763],[-100.023498,37.757676],[-100.024186,37.757665]],"type":"LineString"},"properties":{"anomaly_count":0,"asset_id":"RD-0067","asset_type":"road","category":"Transportation","centroid":[-100.021502,37.757557],"health_score":null,"highway_class":"residential","is_simulated":false,"lanes":null,"length_m":472.9,"monitored":false,"name":"West Elm Street","sensor_count":0,"sensor_types":[],"source_id":"osm","status":"not_monitored","surface":null},"type":"Feature"},{"geometry":{"coordinates":[[-100.022253,37.745],[-100.021998,37.745471]],"type":"LineString"},"properties":{"anomaly_count":0,"asset_id":"RD-0068","asset_type":"road","category":"Transportation","centroid":[-100.022126,37.745235],"health_score":null,"highway_class":"residential","is_simulated":false,"lanes":null,"length_m":56.9,"monitored":false,"name":"Kirk Street","sensor_count":0,"sensor_types":[],"source_id":"osm","status":"not_monitored","surface":null},"type":"Feature"},{"geometry":{"coordinates":[[-100.017361,37.748601],[-100.01725,37.750014],[-100.017188,37.750897]],"type":"LineString"},"properties":{"anomaly_count":0,"asset_id":"RD-0069","asset_type":"road","category":"Transportation","centroid":[-100.01727,37.749749],"health_score":null,"highway_class":"residential","is_simulated":false,"lanes":null,"length_m":255.8,"monitored":false,"name":"Forest Avenue","sensor_count":0,"sensor_types":[],"source_id":"osm","status":"not_monitored","surface":null},"type":"Feature"},{"geometry":{"coordinates":[[-100.023354,37.745],[-100.021998,37.745471],[-100.021341,37.745705],[-100.020407,37.746057],[-100.020282,37.746088],[-100.019459,37.746074]],"type":"LineString"},"properties":{"anomaly_count":0,"asset_id":"RD-0070","asset_type":"road","category":"Transportation","centroid":[-100.021438,37.74567],"health_score":null,"highway_class":"residential","is_simulated":false,"lanes":null,"length_m":368.5,"monitored":false,"name":"Willow Street","sensor_count":0,"sensor_types":[],"source_id":"osm","status":"not_monitored","surface":null},"type":"Feature"},{"geometry":{"coordinates":[[-100.027991,37.755714],[-100.029279,37.75572],[-100.03,37.755723]],"type":"LineString"},"properties":{"anomaly_count":1,"asset_id":"RD-0071","asset_type":"road","category":"Transportation","centroid":[-100.028996,37.755718],"health_score":100,"highway_class":"residential","is_simulated":false,"lanes":null,"length_m":176.6,"monitored":true,"name":"West Vine Street","sensor_count":1,"sensor_types":["temperature"],"source_id":"osm","status":"normal","surface":null},"type":"Feature"},{"geometry":{"coordinates":[[-100.016763,37.755315],[-100.017843,37.755371],[-100.018418,37.7554],[-100.018994,37.75543],[-100.019533,37.755459],[-100.020126,37.75549],[-100.020674,37.755518],[-100.021233,37.755545],[-100.021795,37.755573],[-100.022379,37.755611],[-100.022911,37.755642],[-100.023463,37.755691]],"type":"LineString"},"properties":{"anomaly_count":0,"asset_id":"RD-0072","asset_type":"road","category":"Transportation","centroid":[-100.020114,37.755489],"health_score":null,"highway_class":"residential","is_simulated":false,"lanes":null,"length_m":590.5,"monitored":false,"name":"West Vine Street","sensor_count":0,"sensor_types":[],"source_id":"osm","status":"not_monitored","surface":null},"type":"Feature"},{"geometry":{"coordinates":[[-100.005,37.754314],[-100.005344,37.754314],[-100.006757,37.754327],[-100.007453,37.754319],[-100.008155,37.754316],[-100.008847,37.754318],[-100.009565,37.754328],[-100.010231,37.75432],[-100.010948,37.754321],[-100.011641,37.754322],[-100.012341,37.754322],[-100.013044,37.754323],[-100.013759,37.754324],[-100.014459,37.754325],[-100.015172,37.754326],[-100.016841,37.754327]],"type":"LineString"},"properties":{"anomaly_count":0,"asset_id":"RD-0073","asset_type":"road","category":"Transportation","centroid":[-100.01092,37.754321],"health_score":100,"highway_class":"residential","is_simulated":false,"lanes":null,"length_m":1041,"monitored":true,"name":"East Spruce Street","sensor_count":1,"sensor_types":["temperature"],"source_id":"osm","status":"normal","surface":null},"type":"Feature"},{"geometry":{"coordinates":[[-100.025921,37.7582],[-100.02593,37.759242],[-100.025935,37.759738],[-100.025932,37.760227],[-100.025927,37.761216],[-100.02593,37.762]],"type":"LineString"},"properties":{"anomaly_count":0,"asset_id":"RD-0074","asset_type":"road","category":"Transportation","centroid":[-100.025933,37.7601],"health_score":null,"highway_class":"residential","is_simulated":false,"lanes":null,"length_m":422.5,"monitored":false,"name":"8th Avenue","sensor_count":0,"sensor_types":[],"source_id":"osm","status":"not_monitored","surface":null},"type":"Feature"},{"geometry":{"coordinates":[[-100.025378,37.753596],[-100.025378,37.753982],[-100.025362,37.754715],[-100.025338,37.755309],[-100.025323,37.75616],[-100.025307,37.757021],[-100.025279,37.758189]],"type":"LineString"},"properties":{"anomaly_count":0,"asset_id":"RD-0075","asset_type":"road","category":"Transportation","centroid":[-100.025328,37.755893],"health_score":null,"highway_class":"residential","is_simulated":false,"lanes":null,"length_m":510.8,"monitored":false,"name":"8th Avenue","sensor_count":0,"sensor_types":[],"source_id":"osm","status":"not_monitored","surface":"paving_stones"},"type":"Feature"},{"geometry":{"coordinates":[[-100.027131,37.761226],[-100.026532,37.761221],[-100.025927,37.761216],[-100.025325,37.761212],[-100.024719,37.761207],[-100.024089,37.761203],[-100.023459,37.761198],[-100.022744,37.761193],[-100.022097,37.761188],[-100.021525,37.761184],[-100.020978,37.76118],[-100.020421,37.761175],[-100.01985,37.761171],[-100.019287,37.761167],[-100.01873,37.761163],[-100.01814,37.761158],[-100.017577,37.761154],[-100.01705,37.76115],[-100.016455,37.761146]],"type":"LineString"},"properties":{"anomaly_count":0,"asset_id":"RD-0076","asset_type":"road","category":"Transportation","centroid":[-100.021793,37.761186],"health_score":100,"highway_class":"residential","is_simulated":false,"lanes":null,"length_m":938.5,"monitored":true,"name":"West Hickory Street","sensor_count":1,"sensor_types":["moisture"],"source_id":"osm","status":"normal","surface":null},"type":"Feature"},{"geometry":{"coordinates":[[-100.005,37.75813],[-100.005332,37.758128]],"type":"LineString"},"properties":{"anomaly_count":0,"asset_id":"RD-0077","asset_type":"road","category":"Transportation","centroid":[-100.005166,37.758129],"health_score":null,"highway_class":"residential","is_simulated":false,"lanes":null,"length_m":29.2,"monitored":false,"name":"East Division Street","sensor_count":0,"sensor_types":[],"source_id":"osm","status":"not_monitored","surface":null},"type":"Feature"},{"geometry":{"coordinates":[[-100.006708,37.758142],[-100.007408,37.758148],[-100.008107,37.758153],[-100.008837,37.758159],[-100.009502,37.758165],[-100.010213,37.758171],[-100.010911,37.758176],[-100.011592,37.758182],[-100.012304,37.758188],[-100.012994,37.758194],[-100.013712,37.7582],[-100.014501,37.758206],[-100.014565,37.758206],[-100.015201,37.758212]],"type":"LineString"},"properties":{"anomaly_count":0,"asset_id":"RD-0078","asset_type":"road","category":"Transportation","centroid":[-100.010954,37.758177],"health_score":null,"highway_class":"residential","is_simulated":false,"lanes":null,"length_m":746.7,"monitored":false,"name":"East Division Street","sensor_count":0,"sensor_types":[],"source_id":"osm","status":"not_monitored","surface":null},"type":"Feature"},{"geometry":{"coordinates":[[-100.005,37.753801],[-100.005345,37.753803],[-100.006017,37.753792],[-100.006776,37.753805],[-100.007488,37.75381],[-100.007656,37.753809],[-100.008154,37.753809],[-100.008837,37.753804],[-100.009564,37.753803],[-100.010269,37.753808],[-100.010952,37.753807],[-100.01162,37.753807],[-100.012346,37.753812],[-100.013765,37.753816],[-100.01486,37.753815],[-100.015182,37.753818],[-100.015452,37.753811],[-100.01602,37.753797],[-100.016878,37.753804]],"type":"LineString"},"properties":{"anomaly_count":1,"asset_id":"RD-0079","asset_type":"road","category":"Transportation","centroid":[-100.010939,37.753807],"health_score":60,"highway_class":"residential","is_simulated":false,"lanes":null,"length_m":1044.4,"monitored":true,"name":"Military Avenue","sensor_count":1,"sensor_types":["moisture"],"source_id":"osm","status":"at_risk","surface":null},"type":"Feature"},{"geometry":{"coordinates":[[-100.022826,37.750906],[-100.022783,37.750953],[-100.02277,37.751081],[-100.022728,37.751705],[-100.02265,37.75225]],"type":"LineString"},"properties":{"anomaly_count":0,"asset_id":"RD-0080","asset_type":"road","category":"Transportation","centroid":[-100.022737,37.751574],"health_score":null,"highway_class":"residential","is_simulated":false,"lanes":null,"length_m":151.2,"monitored":false,"name":"5th Avenue","sensor_count":0,"sensor_types":[],"source_id":"osm","status":"not_monitored","surface":null},"type":"Feature"},{"geometry":{"coordinates":[[-100.022577,37.753273],[-100.022517,37.753748],[-100.022501,37.754112],[-100.022477,37.754631],[-100.022456,37.754867],[-100.022379,37.755611],[-100.022267,37.756595],[-100.022204,37.757597],[-100.022144,37.758244],[-100.022118,37.759212],[-100.022106,37.7602],[-100.022097,37.761188],[-100.022113,37.762]],"type":"LineString"},"properties":{"anomaly_count":0,"asset_id":"RD-0081","asset_type":"road","category":"Transportation","centroid":[-100.022201,37.757632],"health_score":null,"highway_class":"residential","is_simulated":false,"lanes":null,"length_m":971.9,"monitored":false,"name":"5th Avenue","sensor_count":0,"sensor_types":[],"source_id":"osm","status":"not_monitored","surface":null},"type":"Feature"},{"geometry":{"coordinates":[[-100.019342,37.751515],[-100.020469,37.751582],[-100.021576,37.751641],[-100.022064,37.75167],[-100.022728,37.751705],[-100.025017,37.751834],[-100.025845,37.75186],[-100.026871,37.751914],[-100.027274,37.751939],[-100.027525,37.751946],[-100.027711,37.751955],[-100.028556,37.752006],[-100.029316,37.75204],[-100.03,37.752079]],"type":"LineString"},"properties":{"anomaly_count":0,"asset_id":"RD-0082","asset_type":"road","category":"Transportation","centroid":[-100.02467,37.751815],"health_score":null,"highway_class":"secondary","is_simulated":false,"lanes":null,"length_m":939.1,"monitored":false,"name":"West Trail Street","sensor_count":0,"sensor_types":[],"source_id":"osm","status":"not_monitored","surface":null},"type":"Feature"},{"geometry":{"coordinates":[[-100.018819,37.757408],[-100.018802,37.757606],[-100.01876,37.758249],[-100.018752,37.758372],[-100.018748,37.759186],[-100.018741,37.760176],[-100.01873,37.761163],[-100.018754,37.762]],"type":"LineString"},"properties":{"anomaly_count":0,"asset_id":"RD-0083","asset_type":"road","category":"Transportation","centroid":[-100.018744,37.759703],"health_score":null,"highway_class":"residential","is_simulated":false,"lanes":null,"length_m":510.8,"monitored":false,"name":"North 2nd Avenue","sensor_count":0,"sensor_types":[],"source_id":"osm","status":"not_monitored","surface":null},"type":"Feature"},{"geometry":{"coordinates":[[-100.01953,37.748121],[-100.019555,37.748694],[-100.019558,37.749055],[-100.019514,37.749464],[-100.019457,37.750126],[-100.019379,37.751018],[-100.019342,37.751515],[-100.019311,37.751835],[-100.019291,37.752042],[-100.019283,37.752147]],"type":"LineString"},"properties":{"anomaly_count":0,"asset_id":"RD-0084","asset_type":"road","category":"Transportation","centroid":[-100.019456,37.750135],"health_score":100,"highway_class":"primary","is_simulated":false,"lanes":null,"length_m":448.6,"monitored":true,"name":"North 2nd Avenue","sensor_count":1,"sensor_types":["vibration"],"source_id":"osm","status":"normal","surface":null},"type":"Feature"},{"geometry":{"coordinates":[[-100.025935,37.750912],[-100.025897,37.751417],[-100.025876,37.751592],[-100.025845,37.75186]],"type":"LineString"},"properties":{"anomaly_count":0,"asset_id":"RD-0085","asset_type":"road","category":"Transportation","centroid":[-100.0259,37.751387],"health_score":null,"highway_class":"residential","is_simulated":false,"lanes":null,"length_m":105.7,"monitored":false,"name":"Santa Fe Avenue","sensor_count":0,"sensor_types":[],"source_id":"osm","status":"not_monitored","surface":null},"type":"Feature"},{"geometry":{"coordinates":[[-100.021625,37.751152],[-100.021576,37.751641],[-100.021541,37.75219],[-100.021529,37.752457],[-100.021531,37.752493],[-100.02151,37.752653],[-100.021492,37.752799]],"type":"LineString"},"properties":{"anomaly_count":0,"asset_id":"RD-0086","asset_type":"road","category":"Transportation","centroid":[-100.021555,37.751975],"health_score":null,"highway_class":"residential","is_simulated":false,"lanes":null,"length_m":183.6,"monitored":false,"name":"4th Avenue","sensor_count":0,"sensor_types":[],"source_id":"osm","status":"not_monitored","surface":null},"type":"Feature"},{"geometry":{"coordinates":[[-100.022826,37.750906],[-100.022898,37.75089],[-100.023699,37.750891],[-100.02513,37.750892],[-100.025935,37.750912],[-100.026327,37.750909],[-100.026602,37.750909],[-100.026879,37.750913],[-100.02794,37.7509],[-100.028647,37.750912],[-100.029412,37.750919],[-100.03,37.750914]],"type":"LineString"},"properties":{"anomaly_count":0,"asset_id":"RD-0087","asset_type":"road","category":"Transportation","centroid":[-100.026411,37.750909],"health_score":100,"highway_class":"residential","is_simulated":false,"lanes":null,"length_m":631.1,"monitored":true,"name":"Park Street","sensor_count":1,"sensor_types":["temperature"],"source_id":"osm","status":"normal","surface":null},"type":"Feature"},{"geometry":{"coordinates":[[-100.018097,37.752496],[-100.017848,37.752501],[-100.017581,37.752512],[-100.017324,37.752537],[-100.017069,37.752566],[-100.016962,37.752586]],"type":"LineString"},"properties":{"anomaly_count":0,"asset_id":"RD-0088","asset_type":"road","category":"Transportation","centroid":[-100.017527,37.752518],"health_score":null,"highway_class":"primary","is_simulated":false,"lanes":2,"length_m":100.5,"monitored":false,"name":"West Wyatt Earp Boulevard","sensor_count":0,"sensor_types":[],"source_id":"osm","status":"not_monitored","surface":null},"type":"Feature"},{"geometry":{"coordinates":[[-100.022635,37.752771],[-100.022338,37.752717],[-100.022054,37.752679],[-100.02151,37.752653]],"type":"LineString"},"properties":{"anomaly_count":0,"asset_id":"RD-0089","asset_type":"road","category":"Transportation","centroid":[-100.022077,37.752682],"health_score":null,"highway_class":"primary","is_simulated":false,"lanes":3,"length_m":100,"monitored":false,"name":"West Wyatt Earp Boulevard","sensor_count":0,"sensor_types":[],"source_id":"osm","status":"not_monitored","surface":"asphalt"},"type":"Feature"},{"geometry":{"coordinates":[[-100.005,37.749684],[-100.005037,37.749689],[-100.00625,37.749877],[-100.007669,37.750097],[-100.009446,37.75037]],"type":"LineString"},"properties":{"anomaly_count":1,"asset_id":"RD-0090","asset_type":"road","category":"Transportation","centroid":[-100.007223,37.750028],"health_score":100,"highway_class":"primary","is_simulated":false,"lanes":null,"length_m":398.3,"monitored":true,"name":"East Trail Street","sensor_count":1,"sensor_types":["vibration"],"source_id":"osm","status":"normal","surface":null},"type":"Feature"},{"geometry":{"coordinates":[[-100.009446,37.75037],[-100.009498,37.750379],[-100.009669,37.750405],[-100.010004,37.750456],[-100.011581,37.750696],[-100.011844,37.750732],[-100.012436,37.750803],[-100.012939,37.750867],[-100.014181,37.751031],[-100.014581,37.751083],[-100.015051,37.75114],[-100.015623,37.751217],[-100.016128,37.751285],[-100.016703,37.75136],[-100.017072,37.751398]],"type":"LineString"},"properties":{"anomaly_count":0,"asset_id":"RD-0091","asset_type":"road","category":"Transportation","centroid":[-100.013254,37.750909],"health_score":100,"highway_class":"primary","is_simulated":false,"lanes":null,"length_m":680.2,"monitored":true,"name":"East Trail Street","sensor_count":1,"sensor_types":["vibration"],"source_id":"osm","status":"normal","surface":null},"type":"Feature"},{"geometry":{"coordinates":[[-100.024245,37.75321],[-100.024235,37.75333],[-100.024239,37.753485],[-100.024238,37.753841],[-100.024231,37.754708]],"type":"LineString"},"properties":{"anomaly_count":0,"asset_id":"RD-0092","asset_type":"road","category":"Transportation","centroid":[-100.024237,37.753959],"health_score":null,"highway_class":"residential","is_simulated":false,"lanes":null,"length_m":166.6,"monitored":false,"name":"7th Avenue","sensor_count":0,"sensor_types":[],"source_id":"osm","status":"not_monitored","surface":null},"type":"Feature"},{"geometry":{"coordinates":[[-100.016841,37.754327],[-100.016763,37.755315],[-100.016682,37.756299],[-100.016599,37.75732],[-100.016536,37.758223],[-100.016516,37.758789],[-100.016503,37.759171],[-100.016457,37.759622],[-100.016457,37.760158],[-100.016455,37.761146],[-100.016457,37.762]],"type":"LineString"},"properties":{"anomaly_count":0,"asset_id":"RD-0093","asset_type":"road","category":"Transportation","centroid":[-100.01654,37.758161],"health_score":null,"highway_class":"tertiary","is_simulated":false,"lanes":null,"length_m":854.2,"monitored":false,"name":"Central Avenue","sensor_count":0,"sensor_types":[],"source_id":"osm","status":"not_monitored","surface":"asphalt"},"type":"Feature"},{"geometry":{"coordinates":[[-100.016972,37.752906],[-100.016941,37.75344],[-100.016878,37.753804],[-100.016841,37.754327]],"type":"LineString"},"properties":{"anomaly_count":0,"asset_id":"RD-0094","asset_type":"road","category":"Transportation","centroid":[-100.01691,37.753617],"health_score":null,"highway_class":"tertiary","is_simulated":false,"lanes":null,"length_m":158.6,"monitored":false,"name":"Central Avenue","sensor_count":0,"sensor_types":[],"source_id":"osm","status":"not_monitored","surface":"asphalt"},"type":"Feature"},{"geometry":{"coordinates":[[-100.017594,37.762],[-100.017577,37.761154],[-100.017591,37.760168],[-100.017605,37.759177],[-100.01764,37.758243],[-100.017673,37.75744],[-100.017681,37.75735],[-100.017766,37.756372]],"type":"LineString"},"properties":{"anomaly_count":0,"asset_id":"RD-0095","asset_type":"road","category":"Transportation","centroid":[-100.017605,37.759184],"health_score":null,"highway_class":"residential","is_simulated":false,"lanes":null,"length_m":626.2,"monitored":false,"name":"1st Avenue","sensor_count":0,"sensor_types":[],"source_id":"osm","status":"not_monitored","surface":null},"type":"Feature"},{"geometry":{"coordinates":[[-100.018419,37.748729],[-100.018376,37.749383],[-100.018316,37.750068],[-100.018274,37.750515],[-100.018236,37.750964],[-100.018206,37.751467],[-100.018157,37.751901],[-100.018116,37.752268],[-100.01811,37.752317],[-100.018097,37.752496]],"type":"LineString"},"properties":{"anomaly_count":0,"asset_id":"RD-0096","asset_type":"road","category":"Transportation","centroid":[-100.018266,37.750613],"health_score":null,"highway_class":"residential","is_simulated":false,"lanes":null,"length_m":419.9,"monitored":false,"name":"1st Avenue","sensor_count":0,"sensor_types":[],"source_id":"osm","status":"not_monitored","surface":null},"type":"Feature"},{"geometry":{"coordinates":[[-100.019438,37.745],[-100.019437,37.745289],[-100.019435,37.745391],[-100.019457,37.745886],[-100.019459,37.746074],[-100.01947,37.746754]],"type":"LineString"},"properties":{"anomaly_count":0,"asset_id":"RD-0097","asset_type":"road","category":"Transportation","centroid":[-100.019457,37.745877],"health_score":100,"highway_class":"primary","is_simulated":false,"lanes":null,"length_m":195.1,"monitored":true,"name":"South 2nd Avenue","sensor_count":1,"sensor_types":["vibration"],"source_id":"osm","status":"normal","surface":null},"type":"Feature"},{"geometry":{"coordinates":[[-100.02513,37.750892],[-100.025141,37.75065],[-100.025133,37.75057],[-100.025115,37.750474],[-100.025078,37.750371],[-100.02506,37.750281],[-100.025052,37.750186],[-100.025081,37.749504],[-100.025097,37.749109],[-100.02511,37.748802]],"type":"LineString"},"properties":{"anomaly_count":0,"asset_id":"RD-0098","asset_type":"road","category":"Transportation","centroid":[-100.025066,37.74985],"health_score":100,"highway_class":"residential","is_simulated":false,"lanes":null,"length_m":233.3,"monitored":true,"name":"Fort Dodge Way","sensor_count":1,"sensor_types":["moisture"],"source_id":"osm","status":"normal","surface":null},"type":"Feature"},{"geometry":{"coordinates":[[-100.02166,37.750775],[-100.021625,37.751152]],"type":"LineString"},"properties":{"anomaly_count":0,"asset_id":"RD-0099","asset_type":"road","category":"Transportation","centroid":[-100.021643,37.750963],"health_score":null,"highway_class":"residential","is_simulated":false,"lanes":null,"length_m":42,"monitored":false,"name":"4th Avenue","sensor_count":0,"sensor_types":[],"source_id":"osm","status":"not_monitored","surface":null},"type":"Feature"},{"geometry":{"coordinates":[[-100.019673,37.752573],[-100.019538,37.752518],[-100.019451,37.752459],[-100.019408,37.752413],[-100.01938,37.752382],[-100.019353,37.752333],[-100.019315,37.752242],[-100.019283,37.752147]],"type":"LineString"},"properties":{"anomaly_count":0,"asset_id":"RD-0100","asset_type":"road","category":"Transportation","centroid":[-100.019401,37.752406],"health_score":null,"highway_class":"primary_link","is_simulated":false,"lanes":null,"length_m":61.6,"monitored":false,"name":null,"sensor_count":0,"sensor_types":[],"source_id":"osm","status":"not_monitored","surface":null},"type":"Feature"},{"geometry":{"coordinates":[[-100.025377,37.753286],[-100.025378,37.753596]],"type":"LineString"},"properties":{"anomaly_count":0,"asset_id":"RD-0101","asset_type":"road","category":"Transportation","centroid":[-100.025377,37.753441],"health_score":null,"highway_class":"residential","is_simulated":false,"lanes":null,"length_m":34.5,"monitored":false,"name":"8th Avenue","sensor_count":0,"sensor_types":[],"source_id":"osm","status":"not_monitored","surface":"asphalt"},"type":"Feature"},{"geometry":{"coordinates":[[-100.022635,37.752771],[-100.022619,37.752928]],"type":"LineString"},"properties":{"anomaly_count":0,"asset_id":"RD-0102","asset_type":"road","category":"Transportation","centroid":[-100.022627,37.75285],"health_score":null,"highway_class":"residential","is_simulated":false,"lanes":null,"length_m":17.5,"monitored":false,"name":"5th Avenue","sensor_count":0,"sensor_types":[],"source_id":"osm","status":"not_monitored","surface":null},"type":"Feature"},{"geometry":{"coordinates":[[-100.020328,37.753146],[-100.020333,37.753084]],"type":"LineString"},"properties":{"anomaly_count":0,"asset_id":"RD-0103","asset_type":"road","category":"Transportation","centroid":[-100.020331,37.753115],"health_score":null,"highway_class":"residential","is_simulated":false,"lanes":null,"length_m":6.9,"monitored":false,"name":"3rd Avenue","sensor_count":0,"sensor_types":[],"source_id":"osm","status":"not_monitored","surface":"asphalt"},"type":"Feature"},{"geometry":{"coordinates":[[-100.016962,37.752586],[-100.01697,37.752711],[-100.016972,37.752906]],"type":"LineString"},"properties":{"anomaly_count":0,"asset_id":"RD-0104","asset_type":"road","category":"Transportation","centroid":[-100.01697,37.752746],"health_score":null,"highway_class":"tertiary","is_simulated":false,"lanes":3,"length_m":35.6,"monitored":false,"name":"Central Avenue","sensor_count":0,"sensor_types":[],"source_id":"osm","status":"not_monitored","surface":"asphalt"},"type":"Feature"},{"geometry":{"coordinates":[[-100.019673,37.752573],[-100.019246,37.752554]],"type":"LineString"},"properties":{"anomaly_count":0,"asset_id":"RD-0105","asset_type":"road","category":"Transportation","centroid":[-100.01946,37.752563],"health_score":null,"highway_class":"primary","is_simulated":false,"lanes":2,"length_m":37.6,"monitored":false,"name":"West Wyatt Earp Boulevard","sensor_count":0,"sensor_types":[],"source_id":"osm","status":"not_monitored","surface":"asphalt"},"type":"Feature"},{"geometry":{"coordinates":[[-100.021244,37.752639],[-100.020378,37.752597]],"type":"LineString"},"properties":{"anomaly_count":0,"asset_id":"RD-0106","asset_type":"road","category":"Transportation","centroid":[-100.020811,37.752618],"health_score":null,"highway_class":"primary","is_simulated":false,"lanes":4,"length_m":76.3,"monitored":false,"name":"West Wyatt Earp Boulevard","sensor_count":0,"sensor_types":[],"source_id":"osm","status":"not_monitored","surface":"asphalt"},"type":"Feature"},{"geometry":{"coordinates":[[-100.02151,37.752653],[-100.021244,37.752639]],"type":"LineString"},"properties":{"anomaly_count":0,"asset_id":"RD-0107","asset_type":"road","category":"Transportation","centroid":[-100.021377,37.752646],"health_score":null,"highway_class":"primary","is_simulated":false,"lanes":2,"length_m":23.4,"monitored":false,"name":"West Wyatt Earp Boulevard","sensor_count":0,"sensor_types":[],"source_id":"osm","status":"not_monitored","surface":"asphalt"},"type":"Feature"},{"geometry":{"coordinates":[[-100.020378,37.752597],[-100.019673,37.752573]],"type":"LineString"},"properties":{"anomaly_count":0,"asset_id":"RD-0108","asset_type":"road","category":"Transportation","centroid":[-100.020026,37.752585],"health_score":null,"highway_class":"primary","is_simulated":false,"lanes":3,"length_m":62.1,"monitored":false,"name":"West Wyatt Earp Boulevard","sensor_count":0,"sensor_types":[],"source_id":"osm","status":"not_monitored","surface":"asphalt"},"type":"Feature"},{"geometry":{"coordinates":[[-100.0233,37.753008],[-100.023076,37.752932],[-100.022879,37.75286]],"type":"LineString"},"properties":{"anomaly_count":0,"asset_id":"RD-0109","asset_type":"road","category":"Transportation","centroid":[-100.023088,37.752936],"health_score":100,"highway_class":"primary","is_simulated":false,"lanes":3,"length_m":40.5,"monitored":true,"name":"East Wyatt Earp Boulevard","sensor_count":1,"sensor_types":["moisture"],"source_id":"osm","status":"normal","surface":"asphalt"},"type":"Feature"},{"geometry":{"coordinates":[[-100.024245,37.75321],[-100.024118,37.753197],[-100.023924,37.753172],[-100.023756,37.75314],[-100.023555,37.753096]],"type":"LineString"},"properties":{"anomaly_count":0,"asset_id":"RD-0110","asset_type":"road","category":"Transportation","centroid":[-100.023896,37.753167],"health_score":null,"highway_class":"primary","is_simulated":false,"lanes":2,"length_m":62.1,"monitored":false,"name":"West Wyatt Earp Boulevard","sensor_count":0,"sensor_types":[],"source_id":"osm","status":"not_monitored","surface":"asphalt"},"type":"Feature"},{"geometry":{"coordinates":[[-100.024771,37.753285],[-100.024657,37.753243],[-100.024574,37.753217],[-100.024245,37.75321]],"type":"LineString"},"properties":{"anomaly_count":0,"asset_id":"RD-0111","asset_type":"road","category":"Transportation","centroid":[-100.024517,37.753216],"health_score":null,"highway_class":"primary","is_simulated":false,"lanes":3,"length_m":47.9,"monitored":false,"name":"West Wyatt Earp Boulevard","sensor_count":0,"sensor_types":[],"source_id":"osm","status":"not_monitored","surface":"asphalt"},"type":"Feature"},{"geometry":{"coordinates":[[-100.024235,37.75333],[-100.024601,37.753331],[-100.024771,37.753285]],"type":"LineString"},"properties":{"anomaly_count":0,"asset_id":"RD-0112","asset_type":"road","category":"Transportation","centroid":[-100.024508,37.753331],"health_score":null,"highway_class":"primary","is_simulated":false,"lanes":2,"length_m":47.9,"monitored":false,"name":"West Wyatt Earp Boulevard","sensor_count":0,"sensor_types":[],"source_id":"osm","status":"not_monitored","surface":"asphalt"},"type":"Feature"},{"geometry":{"coordinates":[[-100.023284,37.753151],[-100.023442,37.753196],[-100.023594,37.753235],[-100.023816,37.753275],[-100.024036,37.753307],[-100.024235,37.75333]],"type":"LineString"},"properties":{"anomaly_count":0,"asset_id":"RD-0113","asset_type":"road","category":"Transportation","centroid":[-100.023752,37.753264],"health_score":null,"highway_class":"primary","is_simulated":false,"lanes":3,"length_m":86.2,"monitored":false,"name":"West Wyatt Earp Boulevard","sensor_count":0,"sensor_types":[],"source_id":"osm","status":"not_monitored","surface":"asphalt"},"type":"Feature"},{"geometry":{"coordinates":[[-100.020807,37.752762],[-100.021492,37.752799]],"type":"LineString"},"properties":{"anomaly_count":0,"asset_id":"RD-0114","asset_type":"road","category":"Transportation","centroid":[-100.021149,37.752781],"health_score":null,"highway_class":"primary","is_simulated":false,"lanes":3,"length_m":60.4,"monitored":false,"name":"West Wyatt Earp Boulevard","sensor_count":0,"sensor_types":[],"source_id":"osm","status":"not_monitored","surface":"asphalt"},"type":"Feature"},{"geometry":{"coordinates":[[-100.019238,37.752679],[-100.02036,37.752739],[-100.020807,37.752762]],"type":"LineString"},"properties":{"anomaly_count":0,"asset_id":"RD-0115","asset_type":"road","category":"Transportation","centroid":[-100.020022,37.752721],"health_score":null,"highway_class":"primary","is_simulated":false,"lanes":2,"length_m":138.2,"monitored":false,"name":"West Wyatt Earp Boulevard","sensor_count":0,"sensor_types":[],"source_id":"osm","status":"not_monitored","surface":"asphalt"},"type":"Feature"},{"geometry":{"coordinates":[[-100.018554,37.752645],[-100.019238,37.752679]],"type":"LineString"},"properties":{"anomaly_count":0,"asset_id":"RD-0116","asset_type":"road","category":"Transportation","centroid":[-100.018896,37.752662],"health_score":null,"highway_class":"primary","is_simulated":false,"lanes":3,"length_m":60.3,"monitored":false,"name":"West Wyatt Earp Boulevard","sensor_count":0,"sensor_types":[],"source_id":"osm","status":"not_monitored","surface":"asphalt"},"type":"Feature"},{"geometry":{"coordinates":[[-100.018089,37.752622],[-100.018554,37.752645]],"type":"LineString"},"properties":{"anomaly_count":0,"asset_id":"RD-0117","asset_type":"road","category":"Transportation","centroid":[-100.018321,37.752633],"health_score":null,"highway_class":"primary","is_simulated":false,"lanes":2,"length_m":40.9,"monitored":false,"name":"East Wyatt Earp Boulevard","sensor_count":0,"sensor_types":[],"source_id":"osm","status":"not_monitored","surface":"asphalt"},"type":"Feature"},{"geometry":{"coordinates":[[-100.018097,37.752496],[-100.018089,37.752622],[-100.018069,37.752946]],"type":"LineString"},"properties":{"anomaly_count":0,"asset_id":"RD-0118","asset_type":"road","category":"Transportation","centroid":[-100.018083,37.752721],"health_score":null,"highway_class":"residential","is_simulated":false,"lanes":3,"length_m":50.1,"monitored":false,"name":"1st Avenue","sensor_count":0,"sensor_types":[],"source_id":"osm","status":"not_monitored","surface":null},"type":"Feature"},{"geometry":{"coordinates":[[-100.018069,37.752946],[-100.018035,37.7535],[-100.017943,37.754381],[-100.017874,37.755],[-100.017858,37.755188],[-100.017843,37.755371],[-100.017766,37.756372]],"type":"LineString"},"properties":{"anomaly_count":1,"asset_id":"RD-0119","asset_type":"road","category":"Transportation","centroid":[-100.017912,37.754658],"health_score":60,"highway_class":"residential","is_simulated":false,"lanes":null,"length_m":382,"monitored":true,"name":"1st Avenue","sensor_count":1,"sensor_types":["moisture"],"source_id":"osm","status":"at_risk","surface":null},"type":"Feature"},{"geometry":{"coordinates":[[-100.01697,37.752711],[-100.017242,37.75267],[-100.017519,37.752642],[-100.017677,37.752633]],"type":"LineString"},"properties":{"anomaly_count":0,"asset_id":"RD-0120","asset_type":"road","category":"Transportation","centroid":[-100.017322,37.752662],"health_score":null,"highway_class":"primary","is_simulated":false,"lanes":2,"length_m":62.8,"monitored":false,"name":"West Wyatt Earp Boulevard","sensor_count":0,"sensor_types":[],"source_id":"osm","status":"not_monitored","surface":"asphalt"},"type":"Feature"},{"geometry":{"coordinates":[[-100.016416,37.75269],[-100.015979,37.752783],[-100.015714,37.75284]],"type":"LineString"},"properties":{"anomaly_count":0,"asset_id":"RD-0121","asset_type":"road","category":"Transportation","centroid":[-100.016065,37.752765],"health_score":null,"highway_class":"primary","is_simulated":false,"lanes":3,"length_m":63.9,"monitored":false,"name":"East Wyatt Earp Boulevard","sensor_count":0,"sensor_types":[],"source_id":"osm","status":"not_monitored","surface":"asphalt"},"type":"Feature"},{"geometry":{"coordinates":[[-100.015714,37.75284],[-100.015534,37.752879],[-100.015257,37.75294],[-100.015026,37.752985],[-100.014718,37.753027],[-100.014421,37.753058],[-100.013997,37.753063],[-100.013775,37.753093]],"type":"LineString"},"properties":{"anomaly_count":0,"asset_id":"RD-0122","asset_type":"road","category":"Transportation","centroid":[-100.014756,37.753022],"health_score":100,"highway_class":"primary","is_simulated":false,"lanes":2,"length_m":173.5,"monitored":true,"name":"East Wyatt Earp Boulevard","sensor_count":1,"sensor_types":["moisture"],"source_id":"osm","status":"normal","surface":null},"type":"Feature"},{"geometry":{"coordinates":[[-100.016447,37.75282],[-100.01697,37.752711]],"type":"LineString"},"properties":{"anomaly_count":0,"asset_id":"RD-0123","asset_type":"road","category":"Transportation","centroid":[-100.016708,37.752766],"health_score":100,"highway_class":"primary","is_simulated":false,"lanes":3,"length_m":47.6,"monitored":true,"name":"East Wyatt Earp Boulevard","sensor_count":1,"sensor_types":["vibration"],"source_id":"osm","status":"normal","surface":"asphalt"},"type":"Feature"},{"geometry":{"coordinates":[[-100.013775,37.753093],[-100.014008,37.753171],[-100.014285,37.753167],[-100.01453,37.753159],[-100.014783,37.753133],[-100.014995,37.753112],[-100.015222,37.753074],[-100.015393,37.753044],[-100.015747,37.752965],[-100.016078,37.752894],[-100.016121,37.752884],[-100.016447,37.75282]],"type":"LineString"},"properties":{"anomaly_count":0,"asset_id":"RD-0124","asset_type":"road","category":"Transportation","centroid":[-100.015119,37.753091],"health_score":null,"highway_class":"primary","is_simulated":false,"lanes":2,"length_m":241.1,"monitored":false,"name":"East Wyatt Earp Boulevard","sensor_count":0,"sensor_types":[],"source_id":"osm","status":"not_monitored","surface":"asphalt"},"type":"Feature"},{"geometry":{"coordinates":[[-100.016457,37.760158],[-100.017035,37.760164],[-100.017591,37.760168],[-100.018144,37.760172],[-100.018741,37.760176],[-100.019305,37.76018],[-100.019859,37.760184],[-100.020429,37.760188],[-100.020987,37.760192],[-100.02154,37.760196],[-100.022106,37.7602],[-100.022757,37.760204],[-100.023474,37.76021],[-100.024089,37.760214],[-100.024717,37.760219],[-100.025322,37.760223],[-100.025932,37.760227],[-100.026541,37.760232],[-100.026997,37.760235],[-100.02714,37.760236]],"type":"LineString"},"properties":{"anomaly_count":1,"asset_id":"RD-0125","asset_type":"road","category":"Transportation","centroid":[-100.021799,37.760198],"health_score":98,"highway_class":"tertiary","is_simulated":false,"lanes":null,"length_m":939.2,"monitored":true,"name":"West Ash Street","sensor_count":1,"sensor_types":["temperature"],"source_id":"osm","status":"normal","surface":"asphalt"},"type":"Feature"},{"geometry":{"coordinates":[[-100.015295,37.748784],[-100.015158,37.749919]],"type":"LineString"},"properties":{"anomaly_count":0,"asset_id":"RD-0126","asset_type":"road","category":"Transportation","centroid":[-100.015226,37.749351],"health_score":100,"highway_class":"residential","is_simulated":false,"lanes":null,"length_m":126.8,"monitored":true,"name":"Juneau Avenue","sensor_count":1,"sensor_types":["moisture"],"source_id":"osm","status":"normal","surface":null},"type":"Feature"},{"geometry":{"coordinates":[[-100.019208,37.75301],[-100.019159,37.75357],[-100.019081,37.754448],[-100.018994,37.75543],[-100.018906,37.756429],[-100.018819,37.757408]],"type":"LineString"},"properties":{"anomaly_count":0,"asset_id":"RD-0127","asset_type":"road","category":"Transportation","centroid":[-100.019014,37.755209],"health_score":100,"highway_class":"residential","is_simulated":false,"lanes":null,"length_m":490.2,"monitored":true,"name":"North 2nd Avenue","sensor_count":1,"sensor_types":["temperature"],"source_id":"osm","status":"normal","surface":null},"type":"Feature"},{"geometry":{"coordinates":[[-100.016599,37.75732],[-100.017119,37.757336],[-100.017317,37.757341],[-100.017681,37.75735],[-100.018242,37.757378],[-100.018819,37.757408]],"type":"LineString"},"properties":{"anomaly_count":0,"asset_id":"RD-0128","asset_type":"road","category":"Transportation","centroid":[-100.01771,37.757351],"health_score":null,"highway_class":"residential","is_simulated":false,"lanes":null,"length_m":195.4,"monitored":false,"name":"West Elm Street","sensor_count":0,"sensor_types":[],"source_id":"osm","status":"not_monitored","surface":null},"type":"Feature"},{"geometry":{"coordinates":[[-100.022619,37.752928],[-100.022885,37.753016],[-100.023171,37.753116],[-100.023284,37.753151]],"type":"LineString"},"properties":{"anomaly_count":0,"asset_id":"RD-0129","asset_type":"road","category":"Transportation","centroid":[-100.022952,37.753039],"health_score":100,"highway_class":"primary","is_simulated":false,"lanes":2,"length_m":63.5,"monitored":true,"name":"West Wyatt Earp Boulevard","sensor_count":1,"sensor_types":["vibration"],"source_id":"osm","status":"normal","surface":"asphalt"},"type":"Feature"},{"geometry":{"coordinates":[[-100.022619,37.752928],[-100.022577,37.753273]],"type":"LineString"},"properties":{"anomaly_count":0,"asset_id":"RD-0130","asset_type":"road","category":"Transportation","centroid":[-100.022598,37.753101],"health_score":null,"highway_class":"residential","is_simulated":false,"lanes":3,"length_m":38.5,"monitored":false,"name":"5th Avenue","sensor_count":0,"sensor_types":[],"source_id":"osm","status":"not_monitored","surface":null},"type":"Feature"},{"geometry":{"coordinates":[[-100.022879,37.75286],[-100.022635,37.752771]],"type":"LineString"},"properties":{"anomaly_count":0,"asset_id":"RD-0131","asset_type":"road","category":"Transportation","centroid":[-100.022757,37.752815],"health_score":null,"highway_class":"primary","is_simulated":false,"lanes":4,"length_m":23.6,"monitored":false,"name":"East Wyatt Earp Boulevard","sensor_count":0,"sensor_types":[],"source_id":"osm","status":"not_monitored","surface":"asphalt"},"type":"Feature"},{"geometry":{"coordinates":[[-100.023555,37.753096],[-100.0233,37.753008]],"type":"LineString"},"properties":{"anomaly_count":0,"asset_id":"RD-0132","asset_type":"road","category":"Transportation","centroid":[-100.023427,37.753052],"health_score":null,"highway_class":"primary","is_simulated":false,"lanes":3,"length_m":24.4,"monitored":false,"name":"East Wyatt Earp Boulevard","sensor_count":0,"sensor_types":[],"source_id":"osm","status":"not_monitored","surface":"asphalt"},"type":"Feature"},{"geometry":{"coordinates":[[-100.019246,37.752554],[-100.018489,37.752516]],"type":"LineString"},"properties":{"anomaly_count":0,"asset_id":"RD-0133","asset_type":"road","category":"Transportation","centroid":[-100.018867,37.752535],"health_score":null,"highway_class":"primary","is_simulated":false,"lanes":2,"length_m":66.7,"monitored":false,"name":"West Wyatt Earp Boulevard","sensor_count":0,"sensor_types":[],"source_id":"osm","status":"not_monitored","surface":null},"type":"Feature"},{"geometry":{"coordinates":[[-100.018489,37.752516],[-100.018097,37.752496]],"type":"LineString"},"properties":{"anomaly_count":0,"asset_id":"RD-0134","asset_type":"road","category":"Transportation","centroid":[-100.018293,37.752506],"health_score":null,"highway_class":"primary","is_simulated":false,"lanes":3,"length_m":34.5,"monitored":false,"name":"West Wyatt Earp Boulevard","sensor_count":0,"sensor_types":[],"source_id":"osm","status":"not_monitored","surface":null},"type":"Feature"},{"geometry":{"coordinates":[[-100.017677,37.752633],[-100.017742,37.752629],[-100.018089,37.752622]],"type":"LineString"},"properties":{"anomaly_count":0,"asset_id":"RD-0135","asset_type":"road","category":"Transportation","centroid":[-100.017883,37.752626],"health_score":null,"highway_class":"primary","is_simulated":false,"lanes":3,"length_m":36.2,"monitored":false,"name":"West Wyatt Earp Boulevard","sensor_count":0,"sensor_types":[],"source_id":"osm","status":"not_monitored","surface":"asphalt"},"type":"Feature"},{"geometry":{"coordinates":[[-100.019283,37.752147],[-100.019281,37.752178],[-100.01927,37.752328],[-100.019265,37.752376],[-100.019246,37.752554],[-100.019238,37.752679]],"type":"LineString"},"properties":{"anomaly_count":0,"asset_id":"RD-0136","asset_type":"road","category":"Transportation","centroid":[-100.019261,37.752413],"health_score":null,"highway_class":"primary","is_simulated":false,"lanes":null,"length_m":59.2,"monitored":false,"name":"North 2nd Avenue","sensor_count":0,"sensor_types":[],"source_id":"osm","status":"not_monitored","surface":null},"type":"Feature"},{"geometry":{"coordinates":[[-100.016962,37.752586],[-100.016834,37.752608],[-100.016416,37.75269]],"type":"LineString"},"properties":{"anomaly_count":0,"asset_id":"RD-0137","asset_type":"road","category":"Transportation","centroid":[-100.016689,37.752636],"health_score":null,"highway_class":"primary","is_simulated":false,"lanes":2,"length_m":49.4,"monitored":false,"name":"East Wyatt Earp Boulevard","sensor_count":0,"sensor_types":[],"source_id":"osm","status":"not_monitored","surface":null},"type":"Feature"},{"geometry":{"coordinates":[-100.022132,37.750312],"type":"Point"},"properties":{"anomaly_count":0,"asset_id":"SL-001","asset_type":"street_light","category":"Utilities","centroid":[-100.022132,37.750312],"health_score":null,"is_simulated":false,"monitored":false,"name":null,"sensor_count":0,"sensor_types":[],"source_id":"osm","status":"not_monitored"},"type":"Feature"},{"geometry":{"coordinates":[-100.021903,37.750152],"type":"Point"},"properties":{"anomaly_count":0,"asset_id":"SL-002","asset_type":"street_light","category":"Utilities","centroid":[-100.021903,37.750152],"health_score":null,"is_simulated":false,"monitored":false,"name":null,"sensor_count":0,"sensor_types":[],"source_id":"osm","status":"not_monitored"},"type":"Feature"},{"geometry":{"coordinates":[-100.022101,37.749992],"type":"Point"},"properties":{"anomaly_count":0,"asset_id":"SL-003","asset_type":"street_light","category":"Utilities","centroid":[-100.022101,37.749992],"health_score":null,"is_simulated":false,"monitored":false,"name":null,"sensor_count":0,"sensor_types":[],"source_id":"osm","status":"not_monitored"},"type":"Feature"},{"geometry":{"coordinates":[-100.021918,37.750522],"type":"Point"},"properties":{"anomaly_count":0,"asset_id":"SL-004","asset_type":"street_light","category":"Utilities","centroid":[-100.021918,37.750522],"health_score":null,"is_simulated":false,"monitored":false,"name":null,"sensor_count":0,"sensor_types":[],"source_id":"osm","status":"not_monitored"},"type":"Feature"},{"geometry":{"coordinates":[-100.022126,37.750738],"type":"Point"},"properties":{"anomaly_count":0,"asset_id":"SL-005","asset_type":"street_light","category":"Utilities","centroid":[-100.022126,37.750738],"health_score":null,"is_simulated":false,"monitored":false,"name":null,"sensor_count":0,"sensor_types":[],"source_id":"osm","status":"not_monitored"},"type":"Feature"},{"geometry":{"coordinates":[-100.022271,37.74984],"type":"Point"},"properties":{"anomaly_count":0,"asset_id":"SL-006","asset_type":"street_light","category":"Utilities","centroid":[-100.022271,37.74984],"health_score":null,"is_simulated":false,"monitored":false,"name":null,"sensor_count":0,"sensor_types":[],"source_id":"osm","status":"not_monitored"},"type":"Feature"},{"geometry":{"coordinates":[-100.022444,37.749952],"type":"Point"},"properties":{"anomaly_count":0,"asset_id":"SL-007","asset_type":"street_light","category":"Utilities","centroid":[-100.022444,37.749952],"health_score":null,"is_simulated":false,"monitored":false,"name":null,"sensor_count":0,"sensor_types":[],"source_id":"osm","status":"not_monitored"},"type":"Feature"},{"geometry":{"coordinates":[-100.022366,37.750191],"type":"Point"},"properties":{"anomaly_count":0,"asset_id":"SL-008","asset_type":"street_light","category":"Utilities","centroid":[-100.022366,37.750191],"health_score":null,"is_simulated":false,"monitored":false,"name":null,"sensor_count":0,"sensor_types":[],"source_id":"osm","status":"not_monitored"},"type":"Feature"},{"geometry":{"coordinates":[-100.022393,37.750514],"type":"Point"},"properties":{"anomaly_count":0,"asset_id":"SL-009","asset_type":"street_light","category":"Utilities","centroid":[-100.022393,37.750513],"health_score":null,"is_simulated":false,"monitored":false,"name":null,"sensor_count":0,"sensor_types":[],"source_id":"osm","status":"not_monitored"},"type":"Feature"},{"geometry":{"coordinates":[-100.021866,37.751027],"type":"Point"},"properties":{"anomaly_count":0,"asset_id":"SL-010","asset_type":"street_light","category":"Utilities","centroid":[-100.021866,37.751027],"health_score":null,"is_simulated":false,"monitored":false,"name":null,"sensor_count":0,"sensor_types":[],"source_id":"osm","status":"not_monitored"},"type":"Feature"},{"geometry":{"coordinates":[-100.02205,37.751232],"type":"Point"},"properties":{"anomaly_count":0,"asset_id":"SL-011","asset_type":"street_light","category":"Utilities","centroid":[-100.02205,37.751232],"health_score":null,"is_simulated":false,"monitored":false,"name":null,"sensor_count":0,"sensor_types":[],"source_id":"osm","status":"not_monitored"},"type":"Feature"},{"geometry":{"coordinates":[-100.02178,37.751386],"type":"Point"},"properties":{"anomaly_count":0,"asset_id":"SL-012","asset_type":"street_light","category":"Utilities","centroid":[-100.02178,37.751386],"health_score":null,"is_simulated":false,"monitored":false,"name":null,"sensor_count":0,"sensor_types":[],"source_id":"osm","status":"not_monitored"},"type":"Feature"},{"geometry":{"coordinates":[-100.022158,37.751455],"type":"Point"},"properties":{"anomaly_count":0,"asset_id":"SL-013","asset_type":"street_light","category":"Utilities","centroid":[-100.022158,37.751455],"health_score":null,"is_simulated":false,"monitored":false,"name":null,"sensor_count":0,"sensor_types":[],"source_id":"osm","status":"not_monitored"},"type":"Feature"},{"geometry":{"coordinates":[-100.022407,37.751613],"type":"Point"},"properties":{"anomaly_count":0,"asset_id":"SL-014","asset_type":"street_light","category":"Utilities","centroid":[-100.022407,37.751613],"health_score":null,"is_simulated":false,"monitored":false,"name":null,"sensor_count":0,"sensor_types":[],"source_id":"osm","status":"not_monitored"},"type":"Feature"},{"geometry":{"coordinates":[-100.025924,37.748218],"type":"Point"},"properties":{"anomaly_count":0,"asset_id":"SL-015","asset_type":"street_light","category":"Utilities","centroid":[-100.025924,37.748218],"health_score":null,"is_simulated":false,"monitored":false,"name":null,"sensor_count":0,"sensor_types":[],"source_id":"osm","status":"not_monitored"},"type":"Feature"},{"geometry":{"coordinates":[-100.025898,37.747784],"type":"Point"},"properties":{"anomaly_count":0,"asset_id":"SL-016","asset_type":"street_light","category":"Utilities","centroid":[-100.025898,37.747784],"health_score":null,"is_simulated":false,"monitored":false,"name":null,"sensor_count":0,"sensor_types":[],"source_id":"osm","status":"not_monitored"},"type":"Feature"},{"geometry":{"coordinates":[-100.025874,37.747343],"type":"Point"},"properties":{"anomaly_count":0,"asset_id":"SL-017","asset_type":"street_light","category":"Utilities","centroid":[-100.025874,37.747343],"health_score":null,"is_simulated":false,"monitored":false,"name":null,"sensor_count":0,"sensor_types":[],"source_id":"osm","status":"not_monitored"},"type":"Feature"},{"geometry":{"coordinates":[-100.025843,37.746901],"type":"Point"},"properties":{"anomaly_count":0,"asset_id":"SL-018","asset_type":"street_light","category":"Utilities","centroid":[-100.025843,37.746901],"health_score":null,"is_simulated":false,"monitored":false,"name":null,"sensor_count":0,"sensor_types":[],"source_id":"osm","status":"not_monitored"},"type":"Feature"},{"geometry":{"coordinates":[-100.025521,37.746749],"type":"Point"},"properties":{"anomaly_count":0,"asset_id":"SL-019","asset_type":"street_light","category":"Utilities","centroid":[-100.025521,37.746749],"health_score":null,"is_simulated":false,"monitored":false,"name":null,"sensor_count":0,"sensor_types":[],"source_id":"osm","status":"not_monitored"},"type":"Feature"},{"geometry":{"coordinates":[-100.02499,37.746906],"type":"Point"},"properties":{"anomaly_count":0,"asset_id":"SL-020","asset_type":"street_light","category":"Utilities","centroid":[-100.02499,37.746906],"health_score":null,"is_simulated":false,"monitored":false,"name":null,"sensor_count":0,"sensor_types":[],"source_id":"osm","status":"not_monitored"},"type":"Feature"},{"geometry":{"coordinates":[-100.024652,37.747155],"type":"Point"},"properties":{"anomaly_count":0,"asset_id":"SL-021","asset_type":"street_light","category":"Utilities","centroid":[-100.024652,37.747155],"health_score":null,"is_simulated":false,"monitored":false,"name":null,"sensor_count":0,"sensor_types":[],"source_id":"osm","status":"not_monitored"},"type":"Feature"},{"geometry":{"coordinates":[-100.02466,37.747546],"type":"Point"},"properties":{"anomaly_count":0,"asset_id":"SL-022","asset_type":"street_light","category":"Utilities","centroid":[-100.02466,37.747546],"health_score":null,"is_simulated":false,"monitored":false,"name":null,"sensor_count":0,"sensor_types":[],"source_id":"osm","status":"not_monitored"},"type":"Feature"},{"geometry":{"coordinates":[-100.024958,37.747835],"type":"Point"},"properties":{"anomaly_count":0,"asset_id":"SL-023","asset_type":"street_light","category":"Utilities","centroid":[-100.024958,37.747835],"health_score":null,"is_simulated":false,"monitored":false,"name":null,"sensor_count":0,"sensor_types":[],"source_id":"osm","status":"not_monitored"},"type":"Feature"},{"geometry":{"coordinates":[-100.025232,37.74793],"type":"Point"},"properties":{"anomaly_count":0,"asset_id":"SL-024","asset_type":"street_light","category":"Utilities","centroid":[-100.025232,37.74793],"health_score":null,"is_simulated":false,"monitored":false,"name":null,"sensor_count":0,"sensor_types":[],"source_id":"osm","status":"not_monitored"},"type":"Feature"},{"geometry":{"coordinates":[-100.025222,37.748337],"type":"Point"},"properties":{"anomaly_count":0,"asset_id":"SL-025","asset_type":"street_light","category":"Utilities","centroid":[-100.025222,37.748337],"health_score":null,"is_simulated":false,"monitored":false,"name":null,"sensor_count":0,"sensor_types":[],"source_id":"osm","status":"not_monitored"},"type":"Feature"},{"geometry":{"coordinates":[-100.025643,37.748392],"type":"Point"},"properties":{"anomaly_count":0,"asset_id":"SL-026","asset_type":"street_light","category":"Utilities","centroid":[-100.025643,37.748392],"health_score":null,"is_simulated":false,"monitored":false,"name":null,"sensor_count":0,"sensor_types":[],"source_id":"osm","status":"not_monitored"},"type":"Feature"},{"geometry":{"coordinates":[[-100.012983,37.745448],[-100.012901,37.745528],[-100.012766,37.745559],[-100.012666,37.745586],[-100.012522,37.745597],[-100.01239,37.745584],[-100.012254,37.74554],[-100.012147,37.745514],[-100.012031,37.745509]],"type":"LineString"},"properties":{"anomaly_count":0,"asset_id":"WM-001","asset_type":"water_main","category":"Simulated network","centroid":[-100.012529,37.745596],"health_score":100,"host_road_id":"RD-0005","is_simulated":true,"monitored":true,"name":"Simulated water main along RD-0005","sensor_count":1,"sensor_types":["pressure"],"source_id":"simulator","status":"normal"},"type":"Feature"},{"geometry":{"coordinates":[[-100.015233,37.753818],[-100.015223,37.754325],[-100.015239,37.754748],[-100.015275,37.755313],[-100.015266,37.756298],[-100.015259,37.757316],[-100.015252,37.758212],[-100.015248,37.759168],[-100.015246,37.759695],[-100.015227,37.760152],[-100.015229,37.76114],[-100.015203,37.762]],"type":"LineString"},"properties":{"anomaly_count":1,"asset_id":"WM-002","asset_type":"water_main","category":"Simulated network","centroid":[-100.015254,37.757909],"health_score":95,"host_road_id":"RD-0009","is_simulated":true,"monitored":true,"name":"Simulated water main along Avenue A","sensor_count":1,"sensor_types":["pressure"],"source_id":"simulator","status":"normal"},"type":"Feature"},{"geometry":{"coordinates":[[-100.008195,37.75278],[-100.008205,37.753809],[-100.008206,37.754316],[-100.008178,37.755308],[-100.008171,37.75629],[-100.008164,37.757296],[-100.008158,37.758154],[-100.008151,37.759149],[-100.008144,37.760117],[-100.008137,37.76111],[-100.008131,37.762]],"type":"LineString"},"properties":{"anomaly_count":0,"asset_id":"WM-003","asset_type":"water_main","category":"Simulated network","centroid":[-100.008163,37.75739],"health_score":100,"host_road_id":"RD-0014","is_simulated":true,"monitored":true,"name":"Simulated water main along Avenue F","sensor_count":1,"sensor_types":["pressure"],"source_id":"simulator","status":"normal"},"type":"Feature"},{"geometry":{"coordinates":[[-100.0054,37.752625],[-100.005396,37.753804],[-100.005395,37.754314],[-100.005393,37.754802],[-100.005392,37.75509],[-100.005392,37.755305],[-100.005389,37.756287],[-100.005386,37.757289],[-100.005384,37.758128],[-100.005381,37.759142],[-100.005379,37.75961],[-100.005378,37.759923],[-100.005378,37.760103],[-100.005375,37.761098],[-100.005372,37.762]],"type":"LineString"},"properties":{"anomaly_count":0,"asset_id":"WM-004","asset_type":"water_main","category":"Simulated network","centroid":[-100.005386,37.757313],"health_score":100,"host_road_id":"RD-0016","is_simulated":true,"monitored":true,"name":"Simulated water main along Avenue H","sensor_count":1,"sensor_types":["pressure"],"source_id":"simulator","status":"normal"},"type":"Feature"},{"geometry":{"coordinates":[[-100.016408,37.748732],[-100.016308,37.749958],[-100.016179,37.751288]],"type":"LineString"},"properties":{"anomaly_count":0,"asset_id":"WM-005","asset_type":"water_main","category":"Simulated network","centroid":[-100.016303,37.750011],"health_score":100,"host_road_id":"RD-0023","is_simulated":true,"monitored":true,"name":"Simulated water main along Woodland Avenue","sensor_count":1,"sensor_types":["pressure"],"source_id":"simulator","status":"normal"},"type":"Feature"},{"geometry":{"coordinates":[[-100.029367,37.752041],[-100.029345,37.752784],[-100.029344,37.752821],[-100.029342,37.752894],[-100.029314,37.753458],[-100.029309,37.753695],[-100.029305,37.754257],[-100.029301,37.754636],[-100.029321,37.75471],[-100.029328,37.754741],[-100.029338,37.75495],[-100.02933,37.755206],[-100.02933,37.75572],[-100.02933,37.75622],[-100.029308,37.756712],[-100.029292,37.757209],[-100.029271,37.757688],[-100.029235,37.758173]],"type":"LineString"},"properties":{"anomaly_count":1,"asset_id":"WM-006","asset_type":"water_main","category":"Simulated network","centroid":[-100.029333,37.755106],"health_score":42,"host_road_id":"RD-0025","is_simulated":true,"monitored":true,"name":"Simulated water main along 11th Avenue","sensor_count":1,"sensor_types":["pressure"],"source_id":"simulator","status":"critical"},"type":"Feature"},{"geometry":{"coordinates":[[-100.03,37.758334],[-100.029973,37.758351],[-100.029909,37.759988],[-100.029624,37.760296],[-100.029465,37.760499],[-100.029417,37.760642],[-100.029408,37.760729],[-100.029387,37.762]],"type":"LineString"},"properties":{"anomaly_count":0,"asset_id":"WM-007","asset_type":"water_main","category":"Simulated network","centroid":[-100.029737,37.760174],"health_score":100,"host_road_id":"RD-0026","is_simulated":true,"monitored":true,"name":"Simulated water main along 11th Avenue","sensor_count":1,"sensor_types":["pressure"],"source_id":"simulator","status":"normal"},"type":"Feature"},{"geometry":{"coordinates":[[-100.021675,37.749061],[-100.021757,37.749184],[-100.021777,37.74931],[-100.021774,37.749709],[-100.02176,37.749975],[-100.021745,37.750294],[-100.021741,37.750333],[-100.021711,37.750778]],"type":"LineString"},"properties":{"anomaly_count":0,"asset_id":"WM-008","asset_type":"water_main","category":"Simulated network","centroid":[-100.021763,37.749911],"health_score":100,"host_road_id":"RD-0031","is_simulated":true,"monitored":true,"name":"Simulated water main along 4th Avenue","sensor_count":1,"sensor_types":["pressure"],"source_id":"simulator","status":"normal"},"type":"Feature"},{"geometry":{"coordinates":[[-100.005324,37.761057],[-100.00595,37.76106],[-100.006688,37.761063],[-100.007393,37.761066],[-100.008086,37.761069],[-100.008786,37.761072],[-100.009478,37.761075],[-100.010195,37.761078],[-100.010884,37.761081],[-100.011321,37.761083],[-100.011564,37.761084],[-100.012277,37.761087],[-100.012997,37.76109],[-100.013677,37.761093],[-100.01459,37.761097],[-100.014687,37.761097],[-100.015178,37.761099],[-100.015785,37.761102],[-100.016455,37.761105]],"type":"LineString"},"properties":{"anomaly_count":0,"asset_id":"WM-009","asset_type":"water_main","category":"Simulated network","centroid":[-100.01089,37.761081],"health_score":100,"host_road_id":"RD-0033","is_simulated":true,"monitored":true,"name":"Simulated water main along East Hickory Street","sensor_count":1,"sensor_types":["pressure"],"source_id":"simulator","status":"normal"},"type":"Feature"},{"geometry":{"coordinates":[[-100.024282,37.754707],[-100.024293,37.755317],[-100.024286,37.755742],[-100.024279,37.756153],[-100.024266,37.756678],[-100.024258,37.756999],[-100.024237,37.757666],[-100.024227,37.757994],[-100.024241,37.758245]],"type":"LineString"},"properties":{"anomaly_count":1,"asset_id":"WM-010","asset_type":"water_main","category":"Simulated network","centroid":[-100.024271,37.756476],"health_score":90,"host_road_id":"RD-0035","is_simulated":true,"monitored":true,"name":"Simulated water main along 7th Avenue","sensor_count":1,"sensor_types":["pressure"],"source_id":"simulator","status":"normal"},"type":"Feature"},{"geometry":{"coordinates":[[-100.024808,37.758213],[-100.024802,37.758438],[-100.024798,37.7586],[-100.02478,37.759233],[-100.024767,37.759705],[-100.024768,37.760218],[-100.02477,37.761207],[-100.024771,37.76157],[-100.024766,37.762]],"type":"LineString"},"properties":{"anomaly_count":1,"asset_id":"WM-011","asset_type":"water_main","category":"Simulated network","centroid":[-100.024768,37.760106],"health_score":100,"host_road_id":"RD-0036","is_simulated":true,"monitored":true,"name":"Simulated water main along 7th Avenue","sensor_count":1,"sensor_types":["pressure"],"source_id":"simulator","status":"normal"},"type":"Feature"},{"geometry":{"coordinates":[[-100.01833,37.745],[-100.018332,37.745247],[-100.018335,37.74581],[-100.018336,37.745884]],"type":"LineString"},"properties":{"anomaly_count":0,"asset_id":"WM-012","asset_type":"water_main","category":"Simulated network","centroid":[-100.018333,37.745442],"health_score":100,"host_road_id":"RD-0039","is_simulated":true,"monitored":true,"name":"Simulated water main along Sunflower Avenue","sensor_count":1,"sensor_types":["pressure"],"source_id":"simulator","status":"normal"},"type":"Feature"},{"geometry":{"coordinates":[[-100.028698,37.750914],[-100.028607,37.752009]],"type":"LineString"},"properties":{"anomaly_count":0,"asset_id":"WM-013","asset_type":"water_main","category":"Simulated network","centroid":[-100.028653,37.751462],"health_score":100,"host_road_id":"RD-0045","is_simulated":true,"monitored":true,"name":"Simulated water main along Short Street","sensor_count":1,"sensor_types":["pressure"],"source_id":"simulator","status":"normal"},"type":"Feature"},{"geometry":{"coordinates":[[-100.019557,37.748735],[-100.018421,37.74877]],"type":"LineString"},"properties":{"anomaly_count":1,"asset_id":"WM-014","asset_type":"water_main","category":"Simulated network","centroid":[-100.018989,37.748752],"health_score":95,"host_road_id":"RD-0048","is_simulated":true,"monitored":true,"name":"Simulated water main along River Road","sensor_count":1,"sensor_types":["pressure"],"source_id":"simulator","status":"normal"},"type":"Feature"},{"geometry":{"coordinates":[[-100.016686,37.756259],[-100.01777,37.756331],[-100.018345,37.75636],[-100.018909,37.756388],[-100.019457,37.756413],[-100.020038,37.756441],[-100.0206,37.75647],[-100.021163,37.756496],[-100.021712,37.756519],[-100.021835,37.756524],[-100.022272,37.756554],[-100.022661,37.756582],[-100.022829,37.756589],[-100.02351,37.756619],[-100.024217,37.756636]],"type":"LineString"},"properties":{"anomaly_count":1,"asset_id":"WM-015","asset_type":"water_main","category":"Simulated network","centroid":[-100.02045,37.756463],"health_score":100,"host_road_id":"RD-0053","is_simulated":true,"monitored":true,"name":"Simulated water main along West Cedar Street","sensor_count":1,"sensor_types":["pressure"],"source_id":"simulator","status":"normal"},"type":"Feature"},{"geometry":{"coordinates":[[-100.029999,37.757736],[-100.02922,37.757727],[-100.027927,37.757723],[-100.026638,37.75773],[-100.02593,37.757729]],"type":"LineString"},"properties":{"anomaly_count":2,"asset_id":"WM-016","asset_type":"water_main","category":"Simulated network","centroid":[-100.027965,37.757723],"health_score":100,"host_road_id":"RD-0066","is_simulated":true,"monitored":true,"name":"Simulated water main along West Elm Street","sensor_count":1,"sensor_types":["pressure"],"source_id":"simulator","status":"normal"},"type":"Feature"},{"geometry":{"coordinates":[[-100.0223,37.745016],[-100.022045,37.745487]],"type":"LineString"},"properties":{"anomaly_count":0,"asset_id":"WM-017","asset_type":"water_main","category":"Simulated network","centroid":[-100.022172,37.745251],"health_score":100,"host_road_id":"RD-0068","is_simulated":true,"monitored":true,"name":"Simulated water main along Kirk Street","sensor_count":1,"sensor_types":["pressure"],"source_id":"simulator","status":"normal"},"type":"Feature"},{"geometry":{"coordinates":[[-100.02713,37.761266],[-100.026532,37.761262],[-100.025926,37.761257],[-100.025324,37.761253],[-100.024718,37.761248],[-100.024088,37.761243],[-100.023459,37.761239],[-100.022743,37.761233],[-100.022096,37.761228],[-100.021524,37.761224],[-100.020978,37.76122],[-100.02042,37.761216],[-100.01985,37.761212],[-100.019287,37.761208],[-100.01873,37.761203],[-100.01814,37.761199],[-100.017576,37.761195],[-100.01705,37.761191],[-100.016454,37.761186]],"type":"LineString"},"properties":{"anomaly_count":0,"asset_id":"WM-018","asset_type":"water_main","category":"Simulated network","centroid":[-100.021792,37.761226],"health_score":100,"host_road_id":"RD-0076","is_simulated":true,"monitored":true,"name":"Simulated water main along West Hickory Street","sensor_count":1,"sensor_types":["pressure"],"source_id":"simulator","status":"normal"},"type":"Feature"},{"geometry":{"coordinates":[[-100.006708,37.758101],[-100.007408,37.758107],[-100.008107,37.758113],[-100.008838,37.758119],[-100.009502,37.758124],[-100.010213,37.75813],[-100.010912,37.758136],[-100.011593,37.758141],[-100.012305,37.758147],[-100.012995,37.758153],[-100.013713,37.758159],[-100.014501,37.758165],[-100.014565,37.758166],[-100.015201,37.758171]],"type":"LineString"},"properties":{"anomaly_count":0,"asset_id":"WM-019","asset_type":"water_main","category":"Simulated network","centroid":[-100.010955,37.758136],"health_score":100,"host_road_id":"RD-0078","is_simulated":true,"monitored":true,"name":"Simulated water main along East Division Street","sensor_count":1,"sensor_types":["pressure"],"source_id":"simulator","status":"normal"},"type":"Feature"},{"geometry":{"coordinates":[[-100.005,37.75376],[-100.005344,37.753763],[-100.006017,37.753751],[-100.006776,37.753764],[-100.007488,37.753769],[-100.007656,37.753768],[-100.008154,37.753768],[-100.008836,37.753763],[-100.009564,37.753762],[-100.010269,37.753767],[-100.010952,37.753766],[-100.01162,37.753766],[-100.012346,37.753771],[-100.013766,37.753775],[-100.01486,37.753774],[-100.015182,37.753777],[-100.01545,37.75377],[-100.01602,37.753756],[-100.016878,37.753763]],"type":"LineString"},"properties":{"anomaly_count":2,"asset_id":"WM-020","asset_type":"water_main","category":"Simulated network","centroid":[-100.01094,37.753766],"health_score":90,"host_road_id":"RD-0079","is_simulated":true,"monitored":true,"name":"Simulated water main along Military Avenue","sensor_count":1,"sensor_types":["pressure"],"source_id":"simulator","status":"normal"},"type":"Feature"},{"geometry":{"coordinates":[[-100.01887,37.757411],[-100.018853,37.757608],[-100.018811,37.758251],[-100.018803,37.758372],[-100.018799,37.759186],[-100.018792,37.760176],[-100.018781,37.761162],[-100.018805,37.761999]],"type":"LineString"},"properties":{"anomaly_count":0,"asset_id":"WM-021","asset_type":"water_main","category":"Simulated network","centroid":[-100.018795,37.759704],"health_score":100,"host_road_id":"RD-0083","is_simulated":true,"monitored":true,"name":"Simulated water main along North 2nd Avenue","sensor_count":1,"sensor_types":["pressure"],"source_id":"simulator","status":"normal"},"type":"Feature"},{"geometry":{"coordinates":[[-100.005009,37.749644],[-100.005047,37.749649],[-100.00626,37.749837],[-100.007679,37.750057],[-100.009456,37.75033]],"type":"LineString"},"properties":{"anomaly_count":0,"asset_id":"WM-022","asset_type":"water_main","category":"Simulated network","centroid":[-100.007232,37.749988],"health_score":100,"host_road_id":"RD-0090","is_simulated":true,"monitored":true,"name":"Simulated water main along East Trail Street","sensor_count":1,"sensor_types":["pressure"],"source_id":"simulator","status":"normal"},"type":"Feature"},{"geometry":{"coordinates":[[-100.009456,37.75033],[-100.009508,37.750339],[-100.009679,37.750365],[-100.010014,37.750416],[-100.01159,37.750656],[-100.011851,37.750692],[-100.012444,37.750763],[-100.012947,37.750827],[-100.014189,37.750991],[-100.014589,37.751043],[-100.015059,37.7511],[-100.015632,37.751177],[-100.016136,37.751245],[-100.016711,37.75132],[-100.017078,37.751358]],"type":"LineString"},"properties":{"anomaly_count":0,"asset_id":"WM-023","asset_type":"water_main","category":"Simulated network","centroid":[-100.013262,37.750868],"health_score":100,"host_road_id":"RD-0091","is_simulated":true,"monitored":true,"name":"Simulated water main along East Trail Street","sensor_count":1,"sensor_types":["pressure"],"source_id":"simulator","status":"normal"},"type":"Feature"},{"geometry":{"coordinates":[[-100.025079,37.750891],[-100.02509,37.75065],[-100.025082,37.750575],[-100.025065,37.750482],[-100.025028,37.75038],[-100.025009,37.750285],[-100.025001,37.750185],[-100.02503,37.749503],[-100.025046,37.749108],[-100.025059,37.748801]],"type":"LineString"},"properties":{"anomaly_count":1,"asset_id":"WM-024","asset_type":"water_main","category":"Simulated network","centroid":[-100.025015,37.749849],"health_score":100,"host_road_id":"RD-0098","is_simulated":true,"monitored":true,"name":"Simulated water main along Fort Dodge Way","sensor_count":1,"sensor_types":["pressure"],"source_id":"simulator","status":"normal"},"type":"Feature"},{"geometry":{"coordinates":[[-100.020376,37.752638],[-100.019671,37.752613]],"type":"LineString"},"properties":{"anomaly_count":1,"asset_id":"WM-025","asset_type":"water_main","category":"Simulated network","centroid":[-100.020024,37.752626],"health_score":100,"host_road_id":"RD-0108","is_simulated":true,"monitored":true,"name":"Simulated water main along West Wyatt Earp Boulevard","sensor_count":1,"sensor_types":["pressure"],"source_id":"simulator","status":"normal"},"type":"Feature"},{"geometry":{"coordinates":[[-100.023301,37.753112],[-100.023458,37.753157],[-100.023607,37.753196],[-100.023826,37.753235],[-100.024044,37.753267],[-100.024243,37.75329]],"type":"LineString"},"properties":{"anomaly_count":0,"asset_id":"WM-026","asset_type":"water_main","category":"Simulated network","centroid":[-100.023765,37.753224],"health_score":100,"host_road_id":"RD-0113","is_simulated":true,"monitored":true,"name":"Simulated water main along West Wyatt Earp Boulevard","sensor_count":1,"sensor_types":["pressure"],"source_id":"simulator","status":"normal"},"type":"Feature"},{"geometry":{"coordinates":[[-100.01812,37.752948],[-100.018086,37.753503],[-100.017994,37.754385],[-100.017925,37.755003],[-100.017909,37.755191],[-100.017894,37.755374],[-100.017817,37.756374]],"type":"LineString"},"properties":{"anomaly_count":1,"asset_id":"WM-027","asset_type":"water_main","category":"Simulated network","centroid":[-100.017963,37.754661],"health_score":60,"host_road_id":"RD-0119","is_simulated":true,"monitored":true,"name":"Simulated water main along 1st Avenue","sensor_count":1,"sensor_types":["pressure"],"source_id":"simulator","status":"at_risk"},"type":"Feature"},{"geometry":{"coordinates":[[-100.015728,37.752879],[-100.015547,37.752918],[-100.01527,37.75298],[-100.015037,37.753024],[-100.014726,37.753067],[-100.014424,37.753099],[-100.014001,37.753104],[-100.013784,37.753133]],"type":"LineString"},"properties":{"anomaly_count":0,"asset_id":"WM-028","asset_type":"water_main","category":"Simulated network","centroid":[-100.014766,37.753062],"health_score":100,"host_road_id":"RD-0122","is_simulated":true,"monitored":true,"name":"Simulated water main along East Wyatt Earp Boulevard","sensor_count":1,"sensor_types":["pressure"],"source_id":"simulator","status":"normal"},"type":"Feature"}],"numberMatched":706,"numberReturned":706,"type":"FeatureCollection"}