{"features":[{"geometry":{"coordinates":[[-100.013009,37.745],[-100.012943,37.745423],[-100.012964,37.745695],[-100.013028,37.745937],[-100.012944,37.746193],[-100.01286,37.746507],[-100.012788,37.746627],[-100.012698,37.746692],[-100.012522,37.746742],[-100.012265,37.746792],[-100.012051,37.746778],[-100.0119,37.746745],[-100.011736,37.746636],[-100.011655,37.746523],[-100.011622,37.746404],[-100.011667,37.746212],[-100.01172,37.746016],[-100.011749,37.745969],[-100.011782,37.745915],[-100.011888,37.745851],[-100.011959,37.745825]],"type":"LineString"},"properties":{"highway_class":"service","is_bridge":false,"lanes":null,"length_m":390.1,"maxspeed":null,"name":"Beta Road","oneway":null,"osm_id":13054448,"road_id":1,"source_id":"osm","surface":null},"type":"Feature"},{"geometry":{"coordinates":[[-100.022517,37.753748],[-100.024238,37.753841]],"type":"LineString"},"properties":{"highway_class":"residential","is_bridge":false,"lanes":null,"length_m":151.7,"maxspeed":null,"name":"Walnut Street","oneway":null,"osm_id":13054465,"road_id":2,"source_id":"osm","surface":null},"type":"Feature"},{"geometry":{"coordinates":[[-100.006076,37.755306],[-100.006047,37.756287],[-100.006038,37.75729],[-100.006043,37.757769],[-100.006224,37.757769],[-100.006427,37.75777],[-100.006431,37.757467],[-100.006227,37.757468],[-100.006224,37.757769]],"type":"LineString"},"properties":{"highway_class":"service","is_bridge":false,"lanes":null,"length_m":392.8,"maxspeed":null,"name":null,"oneway":null,"osm_id":13054520,"road_id":3,"source_id":"osm","surface":null},"type":"Feature"},{"geometry":{"coordinates":[[-100.005117,37.755679],[-100.005135,37.755305]],"type":"LineString"},"properties":{"highway_class":"service","is_bridge":false,"lanes":null,"length_m":41.6,"maxspeed":null,"name":null,"oneway":null,"osm_id":13054525,"road_id":4,"source_id":"osm","surface":null},"type":"Feature"},{"geometry":{"coordinates":[[-100.019325,37.758251],[-100.019331,37.75919],[-100.019305,37.76018],[-100.019287,37.761167],[-100.019289,37.762]],"type":"LineString"},"properties":{"highway_class":"service","is_bridge":false,"lanes":null,"length_m":416.9,"maxspeed":null,"name":null,"oneway":null,"osm_id":13054574,"road_id":5,"source_id":"osm","surface":null},"type":"Feature"},{"geometry":{"coordinates":[[-100.014565,37.758206],[-100.014561,37.759166],[-100.014544,37.760149],[-100.01459,37.761138]],"type":"LineString"},"properties":{"highway_class":"service","is_bridge":false,"lanes":null,"length_m":326,"maxspeed":null,"name":null,"oneway":null,"osm_id":13054578,"road_id":6,"source_id":"osm","surface":null},"type":"Feature"},{"geometry":{"coordinates":[[-100.024751,37.758437],[-100.024368,37.758425],[-100.024364,37.758593],[-100.024747,37.758599]],"type":"LineString"},"properties":{"highway_class":"service","is_bridge":false,"lanes":null,"length_m":86.1,"maxspeed":null,"name":null,"oneway":null,"osm_id":13054614,"road_id":7,"source_id":"osm","surface":null},"type":"Feature"},{"geometry":{"coordinates":[[-100.011544,37.762],[-100.011564,37.761125]],"type":"LineString"},"properties":{"highway_class":"service","is_bridge":false,"lanes":null,"length_m":97.3,"maxspeed":null,"name":null,"oneway":null,"osm_id":13054649,"road_id":8,"source_id":"osm","surface":null},"type":"Feature"},{"geometry":{"coordinates":[[-100.020426,37.751072],[-100.020433,37.750946],[-100.020492,37.750645],[-100.020415,37.750466],[-100.020335,37.750394],[-100.020241,37.75032],[-100.020065,37.75021],[-100.019753,37.750172],[-100.019457,37.750126]],"type":"LineString"},"properties":{"highway_class":"service","is_bridge":false,"lanes":null,"length_m":165.3,"maxspeed":null,"name":null,"oneway":null,"osm_id":13054817,"road_id":9,"source_id":"osm","surface":null},"type":"Feature"},{"geometry":{"coordinates":[[-100.017119,37.757336],[-100.017089,37.758228],[-100.017094,37.758342],[-100.017064,37.759172],[-100.017033,37.760031],[-100.017035,37.760164],[-100.01705,37.76115],[-100.017025,37.762]],"type":"LineString"},"properties":{"highway_class":"service","is_bridge":false,"lanes":null,"length_m":518.8,"maxspeed":null,"name":null,"oneway":null,"osm_id":13054854,"road_id":10,"source_id":"osm","surface":null},"type":"Feature"},{"geometry":{"coordinates":[[-100.03,37.757211],[-100.029241,37.757208],[-100.027948,37.757203]],"type":"LineString"},"properties":{"highway_class":"service","is_bridge":false,"lanes":null,"length_m":180.4,"maxspeed":null,"name":null,"oneway":null,"osm_id":13054857,"road_id":11,"source_id":"osm","surface":null},"type":"Feature"},{"geometry":{"coordinates":[[-100.014459,37.754325],[-100.014518,37.755313],[-100.014535,37.756297],[-100.014514,37.757314],[-100.014501,37.758206]],"type":"LineString"},"properties":{"highway_class":"service","is_bridge":false,"lanes":null,"length_m":431.7,"maxspeed":null,"name":null,"oneway":null,"osm_id":13054861,"road_id":12,"source_id":"osm","surface":null},"type":"Feature"},{"geometry":{"coordinates":[[-100.018418,37.7554],[-100.018342,37.756401],[-100.018242,37.757378],[-100.018208,37.758246],[-100.018176,37.759181],[-100.018144,37.760172],[-100.01814,37.761158],[-100.018155,37.762]],"type":"LineString"},"properties":{"highway_class":"service","is_bridge":false,"lanes":null,"length_m":734.6,"maxspeed":null,"name":null,"oneway":null,"osm_id":13054896,"road_id":13,"source_id":"osm","surface":null},"type":"Feature"},{"geometry":{"coordinates":[[-100.005981,37.760106],[-100.00595,37.761101],[-100.005952,37.762]],"type":"LineString"},"properties":{"highway_class":"service","is_bridge":false,"lanes":null,"length_m":210.6,"maxspeed":null,"name":null,"oneway":null,"osm_id":13055075,"road_id":14,"source_id":"osm","surface":null},"type":"Feature"},{"geometry":{"coordinates":[[-100.011321,37.761124],[-100.011339,37.760613]],"type":"LineString"},"properties":{"highway_class":"service","is_bridge":false,"lanes":null,"length_m":56.8,"maxspeed":null,"name":null,"oneway":null,"osm_id":13055120,"road_id":15,"source_id":"osm","surface":null},"type":"Feature"},{"geometry":{"coordinates":[[-100.015295,37.748784],[-100.014727,37.748771],[-100.014658,37.748783],[-100.014601,37.748821],[-100.014609,37.74891],[-100.014612,37.74905],[-100.014624,37.749189],[-100.014633,37.749506],[-100.014635,37.749861],[-100.014635,37.750484],[-100.014625,37.75094],[-100.014581,37.751083]],"type":"LineString"},"properties":{"highway_class":"service","is_bridge":false,"lanes":null,"length_m":314.8,"maxspeed":null,"name":null,"oneway":null,"osm_id":13055527,"road_id":16,"source_id":"osm","surface":null},"type":"Feature"},{"geometry":{"coordinates":[[-100.013028,37.745937],[-100.012408,37.745916],[-100.012257,37.745889],[-100.011959,37.745825]],"type":"LineString"},"properties":{"highway_class":"residential","is_bridge":false,"lanes":null,"length_m":95.4,"maxspeed":null,"name":null,"oneway":null,"osm_id":13055531,"road_id":17,"source_id":"osm","surface":null},"type":"Feature"},{"geometry":{"coordinates":[[-100.025304,37.759237],[-100.025322,37.760223],[-100.025332,37.760756],[-100.025325,37.761212],[-100.025327,37.762]],"type":"LineString"},"properties":{"highway_class":"service","is_bridge":false,"lanes":null,"length_m":307.3,"maxspeed":null,"name":null,"oneway":null,"osm_id":13055546,"road_id":18,"source_id":"osm","surface":null},"type":"Feature"},{"geometry":{"coordinates":[[-100.024104,37.759228],[-100.024089,37.760214],[-100.024089,37.761203],[-100.024082,37.762]],"type":"LineString"},"properties":{"highway_class":"service","is_bridge":false,"lanes":null,"length_m":308.3,"maxspeed":null,"name":null,"oneway":null,"osm_id":13055560,"road_id":19,"source_id":"osm","surface":null},"type":"Feature"},{"geometry":{"coordinates":[[-100.022582,37.74726],[-100.022708,37.74776],[-100.022763,37.747972],[-100.022847,37.748314],[-100.022846,37.748388],[-100.022808,37.748477],[-100.022736,37.748556],[-100.022645,37.748615],[-100.022241,37.748825],[-100.02212,37.748874],[-100.021796,37.749007],[-100.02163,37.74908],[-100.021446,37.749141],[-100.020687,37.749215],[-100.02039,37.749273],[-100.02023,37.749363],[-100.020078,37.749431],[-100.019961,37.749461],[-100.019827,37.749479],[-100.019667,37.749483],[-100.019514,37.749464],[-100.019372,37.749457],[-100.019308,37.749477],[-100.018991,37.749464],[-100.018983,37.749426],[-100.018376,37.749383]],"type":"LineString"},"properties":{"highway_class":"service","is_bridge":false,"lanes":null,"length_m":561.7,"maxspeed":null,"name":null,"oneway":null,"osm_id":13056620,"road_id":20,"source_id":"osm","surface":"asphalt"},"type":"Feature"},{"geometry":{"coordinates":[[-100.023596,37.749152],[-100.023586,37.74947],[-100.023575,37.749736],[-100.02356,37.749758],[-100.023529,37.749767],[-100.02249,37.749733],[-100.022206,37.749724],[-100.021722,37.749708]],"type":"LineString"},"properties":{"highway_class":"service","is_bridge":false,"lanes":null,"length_m":229.7,"maxspeed":null,"name":null,"oneway":null,"osm_id":13056727,"road_id":21,"source_id":"osm","surface":"asphalt"},"type":"Feature"},{"geometry":{"coordinates":[[-100.011959,37.745825],[-100.011978,37.745762],[-100.012034,37.745468],[-100.012122,37.745003],[-100.012123,37.745]],"type":"LineString"},"properties":{"highway_class":"service","is_bridge":false,"lanes":null,"length_m":92.9,"maxspeed":null,"name":null,"oneway":null,"osm_id":13056789,"road_id":22,"source_id":"osm","surface":null},"type":"Feature"},{"geometry":{"coordinates":[[-100.006945,37.745],[-100.007059,37.745024],[-100.007246,37.745054],[-100.00746,37.745071],[-100.007682,37.745076],[-100.00812,37.745]],"type":"LineString"},"properties":{"highway_class":"service","is_bridge":false,"lanes":null,"length_m":105.1,"maxspeed":null,"name":null,"oneway":null,"osm_id":13056948,"road_id":23,"source_id":"osm","surface":null},"type":"Feature"},{"geometry":{"coordinates":[[-100.005037,37.749689],[-100.00511,37.749433],[-100.00511,37.749391],[-100.005088,37.74934],[-100.005048,37.749312],[-100.005,37.7493]],"type":"LineString"},"properties":{"highway_class":"service","is_bridge":false,"lanes":null,"length_m":49,"maxspeed":null,"name":null,"oneway":null,"osm_id":13058883,"road_id":24,"source_id":"osm","surface":null},"type":"Feature"},{"geometry":{"coordinates":[[-100.027887,37.749569],[-100.027942,37.749446],[-100.027969,37.749373],[-100.028007,37.749339],[-100.02806,37.749313],[-100.028151,37.749304],[-100.028271,37.749298],[-100.028362,37.749288],[-100.028414,37.749266],[-100.028442,37.749207],[-100.028444,37.74912],[-100.028404,37.749012],[-100.028336,37.748965],[-100.028188,37.74893],[-100.027938,37.748898],[-100.027709,37.748886],[-100.02747,37.7489],[-100.027298,37.748946],[-100.027086,37.749062],[-100.02689,37.749176],[-100.026821,37.749288],[-100.026809,37.749405],[-100.026801,37.749577]],"type":"LineString"},"properties":{"highway_class":"service","is_bridge":false,"lanes":null,"length_m":285.7,"maxspeed":null,"name":null,"oneway":null,"osm_id":13058895,"road_id":25,"source_id":"osm","surface":null},"type":"Feature"},{"geometry":{"coordinates":[[-100.006314,37.755064],[-100.006316,37.754713],[-100.006219,37.754633],[-100.006168,37.754628]],"type":"LineString"},"properties":{"highway_class":"footway","is_bridge":false,"lanes":null,"length_m":55.9,"maxspeed":null,"name":null,"oneway":null,"osm_id":13059142,"road_id":26,"source_id":"osm","surface":null},"type":"Feature"},{"geometry":{"coordinates":[[-100.021492,37.752799],[-100.021872,37.752819],[-100.022157,37.752844],[-100.022357,37.752872],[-100.022619,37.752928]],"type":"LineString"},"properties":{"highway_class":"primary","is_bridge":false,"lanes":2,"length_m":100.4,"maxspeed":"30 mph","name":"West Wyatt Earp Boulevard","oneway":true,"osm_id":13059151,"road_id":27,"source_id":"osm","surface":"asphalt"},"type":"Feature"},{"geometry":{"coordinates":[[-100.02072,37.745482],[-100.020314,37.745369],[-100.020188,37.745343],[-100.020124,37.745337],[-100.020037,37.745365],[-100.020003,37.74538],[-100.019435,37.745391]],"type":"LineString"},"properties":{"highway_class":"service","is_bridge":false,"lanes":null,"length_m":116.6,"maxspeed":null,"name":null,"oneway":null,"osm_id":13059298,"road_id":28,"source_id":"osm","surface":null},"type":"Feature"},{"geometry":{"coordinates":[[-100.01828,37.745247],[-100.018049,37.745246],[-100.017955,37.745273],[-100.017861,37.745355],[-100.017723,37.745406],[-100.017581,37.745427]],"type":"LineString"},"properties":{"highway_class":"service","is_bridge":false,"lanes":null,"length_m":67.6,"maxspeed":null,"name":null,"oneway":null,"osm_id":13059311,"road_id":29,"source_id":"osm","surface":null},"type":"Feature"},{"geometry":{"coordinates":[[-100.006211,37.745],[-100.006421,37.74503],[-100.007457,37.745197],[-100.008851,37.745437],[-100.009423,37.745548],[-100.009963,37.745619],[-100.011871,37.745751],[-100.011978,37.745762]],"type":"LineString"},"properties":{"highway_class":"service","is_bridge":false,"lanes":null,"length_m":515,"maxspeed":null,"name":null,"oneway":null,"osm_id":13059349,"road_id":30,"source_id":"osm","surface":null},"type":"Feature"},{"geometry":{"coordinates":[[-100.018832,37.745885],[-100.01883,37.745]],"type":"LineString"},"properties":{"highway_class":"service","is_bridge":false,"lanes":null,"length_m":98.4,"maxspeed":null,"name":null,"oneway":null,"osm_id":13059352,"road_id":31,"source_id":"osm","surface":null},"type":"Feature"},{"geometry":{"coordinates":[[-100.018274,37.750515],[-100.018966,37.750535]],"type":"LineString"},"properties":{"highway_class":"service","is_bridge":false,"lanes":null,"length_m":60.9,"maxspeed":null,"name":null,"oneway":null,"osm_id":13059658,"road_id":32,"source_id":"osm","surface":null},"type":"Feature"},{"geometry":{"coordinates":[[-100.028501,37.754718],[-100.028504,37.755198]],"type":"LineString"},"properties":{"highway_class":"service","is_bridge":false,"lanes":null,"length_m":53.4,"maxspeed":null,"name":null,"oneway":null,"osm_id":13059674,"road_id":33,"source_id":"osm","surface":null},"type":"Feature"},{"geometry":{"coordinates":[[-100.024757,37.758212],[-100.024759,37.75813],[-100.024734,37.757009],[-100.024731,37.75685],[-100.024742,37.756156],[-100.024755,37.755313],[-100.024756,37.754713],[-100.024771,37.753285]],"type":"LineString"},"properties":{"highway_class":"service","is_bridge":false,"lanes":null,"length_m":547.9,"maxspeed":null,"name":null,"oneway":null,"osm_id":13059685,"road_id":34,"source_id":"osm","surface":null},"type":"Feature"},{"geometry":{"coordinates":[[-100.016703,37.75136],[-100.016756,37.749987]],"type":"LineString"},"properties":{"highway_class":"service","is_bridge":false,"lanes":null,"length_m":152.8,"maxspeed":null,"name":null,"oneway":null,"osm_id":13059748,"road_id":35,"source_id":"osm","surface":null},"type":"Feature"},{"geometry":{"coordinates":[[-100.015623,37.751217],[-100.015688,37.749926]],"type":"LineString"},"properties":{"highway_class":"service","is_bridge":false,"lanes":null,"length_m":143.7,"maxspeed":null,"name":null,"oneway":null,"osm_id":13059750,"road_id":36,"source_id":"osm","surface":null},"type":"Feature"},{"geometry":{"coordinates":[[-100.03,37.754276],[-100.029254,37.754257]],"type":"LineString"},"properties":{"highway_class":"service","is_bridge":false,"lanes":null,"length_m":65.6,"maxspeed":null,"name":null,"oneway":null,"osm_id":13059795,"road_id":37,"source_id":"osm","surface":null},"type":"Feature"},{"geometry":{"coordinates":[[-100.011567,37.760134],[-100.011583,37.759158],[-100.011592,37.758182],[-100.011612,37.757306],[-100.011616,37.756294],[-100.011625,37.75531],[-100.011641,37.754322]],"type":"LineString"},"properties":{"highway_class":"service","is_bridge":false,"lanes":null,"length_m":646.4,"maxspeed":null,"name":null,"oneway":null,"osm_id":13059807,"road_id":38,"source_id":"osm","surface":null},"type":"Feature"},{"geometry":{"coordinates":[[-100.009446,37.75037],[-100.009483,37.75026],[-100.009785,37.749436]],"type":"LineString"},"properties":{"highway_class":"service","is_bridge":false,"lanes":null,"length_m":108.1,"maxspeed":null,"name":null,"oneway":null,"osm_id":13059822,"road_id":39,"source_id":"osm","surface":null},"type":"Feature"},{"geometry":{"coordinates":[[-100.024949,37.753282],[-100.024958,37.753431],[-100.024958,37.753924],[-100.024962,37.753983],[-100.025378,37.753982]],"type":"LineString"},"properties":{"highway_class":"service","is_bridge":false,"lanes":null,"length_m":114.6,"maxspeed":null,"name":null,"oneway":null,"osm_id":13059949,"road_id":40,"source_id":"osm","surface":"concrete"},"type":"Feature"},{"geometry":{"coordinates":[[-100.024239,37.753485],[-100.024036,37.753493],[-100.023539,37.753411],[-100.02355,37.753275],[-100.023594,37.753235]],"type":"LineString"},"properties":{"highway_class":"service","is_bridge":false,"lanes":null,"length_m":83.6,"maxspeed":null,"name":null,"oneway":null,"osm_id":13059954,"road_id":41,"source_id":"osm","surface":null},"type":"Feature"},{"geometry":{"coordinates":[[-100.022911,37.755642],[-100.022826,37.75663],[-100.022765,37.75763],[-100.022697,37.757958],[-100.022722,37.758241],[-100.022766,37.759146],[-100.022766,37.759217],[-100.022757,37.760204],[-100.022744,37.761193],[-100.022751,37.762]],"type":"LineString"},"properties":{"highway_class":"service","is_bridge":false,"lanes":null,"length_m":708,"maxspeed":null,"name":null,"oneway":null,"osm_id":13059983,"road_id":42,"source_id":"osm","surface":null},"type":"Feature"},{"geometry":{"coordinates":[[-100.008837,37.753804],[-100.008798,37.752817]],"type":"LineString"},"properties":{"highway_class":"service","is_bridge":false,"lanes":null,"length_m":109.8,"maxspeed":null,"name":null,"oneway":null,"osm_id":13060017,"road_id":43,"source_id":"osm","surface":null},"type":"Feature"},{"geometry":{"coordinates":[[-100.007488,37.75381],[-100.007448,37.752742]],"type":"LineString"},"properties":{"highway_class":"service","is_bridge":false,"lanes":null,"length_m":118.8,"maxspeed":null,"name":null,"oneway":null,"osm_id":13060032,"road_id":44,"source_id":"osm","surface":null},"type":"Feature"},{"geometry":{"coordinates":[[-100.007381,37.762],[-100.007393,37.761107],[-100.007401,37.760113],[-100.007403,37.759147],[-100.007401,37.758414],[-100.007408,37.758148],[-100.007429,37.757294],[-100.007444,37.756289],[-100.00745,37.755307],[-100.007453,37.754319]],"type":"LineString"},"properties":{"highway_class":"service","is_bridge":false,"lanes":null,"length_m":854.2,"maxspeed":null,"name":null,"oneway":null,"osm_id":13060053,"road_id":45,"source_id":"osm","surface":null},"type":"Feature"},{"geometry":{"coordinates":[[-100.015806,37.762],[-100.015779,37.761595],[-100.015784,37.761143],[-100.015788,37.760155],[-100.015826,37.759169]],"type":"LineString"},"properties":{"highway_class":"service","is_bridge":false,"lanes":null,"length_m":314.9,"maxspeed":null,"name":null,"oneway":null,"osm_id":13060172,"road_id":46,"source_id":"osm","surface":null},"type":"Feature"},{"geometry":{"coordinates":[[-100.012998,37.760991],[-100.012738,37.760752],[-100.012603,37.7606],[-100.012589,37.760526],[-100.012548,37.760139]],"type":"LineString"},"properties":{"highway_class":"service","is_bridge":false,"lanes":null,"length_m":107.2,"maxspeed":null,"name":null,"oneway":null,"osm_id":13060178,"road_id":47,"source_id":"osm","surface":null},"type":"Feature"},{"geometry":{"coordinates":[[-100.010231,37.75432],[-100.010236,37.755309],[-100.010215,37.756292],[-100.010228,37.757302],[-100.010231,37.757462],[-100.010213,37.758171],[-100.010201,37.758621],[-100.010217,37.759155],[-100.010214,37.760127],[-100.010195,37.761119],[-100.010194,37.762]],"type":"LineString"},"properties":{"highway_class":"service","is_bridge":false,"lanes":null,"length_m":854.1,"maxspeed":null,"name":null,"oneway":null,"osm_id":13060183,"road_id":48,"source_id":"osm","surface":null},"type":"Feature"},{"geometry":{"coordinates":[[-100.03,37.755206],[-100.029279,37.755206],[-100.028504,37.755198],[-100.027997,37.755218]],"type":"LineString"},"properties":{"highway_class":"service","is_bridge":false,"lanes":null,"length_m":176.2,"maxspeed":null,"name":null,"oneway":null,"osm_id":13060198,"road_id":49,"source_id":"osm","surface":null},"type":"Feature"},{"geometry":{"coordinates":[[-100.028387,37.76004],[-100.028404,37.759779],[-100.028429,37.75971],[-100.028504,37.759663],[-100.02858,37.759663],[-100.028646,37.759694],[-100.028677,37.759869]],"type":"LineString"},"properties":{"highway_class":"residential","is_bridge":false,"lanes":null,"length_m":78.5,"maxspeed":null,"name":null,"oneway":null,"osm_id":13060260,"road_id":50,"source_id":"osm","surface":null},"type":"Feature"},{"geometry":{"coordinates":[[-100.02653,37.762],[-100.026532,37.761221],[-100.026541,37.760232],[-100.02655,37.759247],[-100.02656,37.75829],[-100.026601,37.758204]],"type":"LineString"},"properties":{"highway_class":"service","is_bridge":false,"lanes":null,"length_m":422.8,"maxspeed":null,"name":null,"oneway":null,"osm_id":13060284,"road_id":51,"source_id":"osm","surface":null},"type":"Feature"},{"geometry":{"coordinates":[[-100.022456,37.754867],[-100.023733,37.754941],[-100.023815,37.754968],[-100.023868,37.75504],[-100.023862,37.755404],[-100.023858,37.75566],[-100.023833,37.755706],[-100.023785,37.755728],[-100.023463,37.755691]],"type":"LineString"},"properties":{"highway_class":"service","is_bridge":false,"lanes":null,"length_m":237.7,"maxspeed":null,"name":null,"oneway":null,"osm_id":13060287,"road_id":52,"source_id":"osm","surface":null},"type":"Feature"},{"geometry":{"coordinates":[[-100.017858,37.755188],[-100.017523,37.755152],[-100.017551,37.754965],[-100.017874,37.755]],"type":"LineString"},"properties":{"highway_class":"service","is_bridge":false,"lanes":null,"length_m":79.3,"maxspeed":null,"name":null,"oneway":null,"osm_id":13060303,"road_id":53,"source_id":"osm","surface":null},"type":"Feature"},{"geometry":{"coordinates":[[-100.006729,37.755073],[-100.006314,37.755064],[-100.005341,37.75509]],"type":"LineString"},"properties":{"highway_class":"service","is_bridge":false,"lanes":null,"length_m":122,"maxspeed":null,"name":null,"oneway":null,"osm_id":13060309,"road_id":54,"source_id":"osm","surface":null},"type":"Feature"},{"geometry":{"coordinates":[[-100.006465,37.759145],[-100.006463,37.759012],[-100.005524,37.759007]],"type":"LineString"},"properties":{"highway_class":"service","is_bridge":false,"lanes":null,"length_m":97.3,"maxspeed":null,"name":null,"oneway":null,"osm_id":13060361,"road_id":55,"source_id":"osm","surface":"asphalt"},"type":"Feature"},{"geometry":{"coordinates":[[-100.009496,37.75882],[-100.009089,37.758799]],"type":"LineString"},"properties":{"highway_class":"service","is_bridge":false,"lanes":null,"length_m":35.9,"maxspeed":null,"name":null,"oneway":null,"osm_id":13060370,"road_id":56,"source_id":"osm","surface":null},"type":"Feature"},{"geometry":{"coordinates":[[-100.013044,37.754323],[-100.013021,37.755312],[-100.01302,37.756295],[-100.013016,37.756885],[-100.013,37.75731],[-100.012977,37.757841],[-100.012994,37.758194],[-100.013006,37.75847],[-100.012982,37.759162],[-100.013001,37.760141],[-100.013002,37.760498],[-100.012998,37.760991],[-100.012997,37.761131],[-100.012994,37.761357],[-100.012987,37.761653],[-100.012968,37.762]],"type":"LineString"},"properties":{"highway_class":"service","is_bridge":false,"lanes":null,"length_m":853.8,"maxspeed":null,"name":null,"oneway":null,"osm_id":13060661,"road_id":57,"source_id":"osm","surface":null},"type":"Feature"},{"geometry":{"coordinates":[[-100.013239,37.762],[-100.01321,37.761972],[-100.013114,37.761858],[-100.013055,37.761747],[-100.013032,37.761701],[-100.012987,37.761653]],"type":"LineString"},"properties":{"highway_class":"service","is_bridge":false,"lanes":null,"length_m":44.8,"maxspeed":null,"name":null,"oneway":null,"osm_id":13060667,"road_id":58,"source_id":"osm","surface":null},"type":"Feature"},{"geometry":{"coordinates":[[-100.014686,37.761138],[-100.014693,37.762]],"type":"LineString"},"properties":{"highway_class":"service","is_bridge":false,"lanes":null,"length_m":95.9,"maxspeed":null,"name":null,"oneway":null,"osm_id":13060769,"road_id":59,"source_id":"osm","surface":null},"type":"Feature"},{"geometry":{"coordinates":[[-100.008847,37.754318],[-100.008819,37.755308],[-100.008838,37.75629],[-100.008841,37.756508],[-100.008827,37.757298],[-100.008837,37.758159],[-100.008817,37.759151],[-100.008811,37.76012],[-100.008785,37.761113],[-100.008781,37.762]],"type":"LineString"},"properties":{"highway_class":"service","is_bridge":false,"lanes":null,"length_m":854.3,"maxspeed":null,"name":null,"oneway":null,"osm_id":13060779,"road_id":60,"source_id":"osm","surface":null},"type":"Feature"},{"geometry":{"coordinates":[[-100.02794,37.7509],[-100.027939,37.750547],[-100.02796,37.749974],[-100.027934,37.749613],[-100.027887,37.749569],[-100.027757,37.749551],[-100.027054,37.749562],[-100.026801,37.749577],[-100.026769,37.749579],[-100.026567,37.749619]],"type":"LineString"},"properties":{"highway_class":"service","is_bridge":false,"lanes":null,"length_m":266.5,"maxspeed":null,"name":null,"oneway":null,"osm_id":13063519,"road_id":61,"source_id":"osm","surface":null},"type":"Feature"},{"geometry":{"coordinates":[[-100.022708,37.74776],[-100.021732,37.747781],[-100.021044,37.747792],[-100.020935,37.747802],[-100.020827,37.747823],[-100.020734,37.747853],[-100.020565,37.747916],[-100.020508,37.747948],[-100.020492,37.747979],[-100.020338,37.749136],[-100.02035,37.74919],[-100.02039,37.749273]],"type":"LineString"},"properties":{"highway_class":"service","is_bridge":false,"lanes":null,"length_m":346.3,"maxspeed":null,"name":null,"oneway":null,"osm_id":13063718,"road_id":62,"source_id":"osm","surface":"asphalt"},"type":"Feature"},{"geometry":{"coordinates":[[-100.023414,37.748245],[-100.022885,37.747978],[-100.022763,37.747972]],"type":"LineString"},"properties":{"highway_class":"service","is_bridge":false,"lanes":null,"length_m":65.9,"maxspeed":null,"name":null,"oneway":null,"osm_id":13063735,"road_id":63,"source_id":"osm","surface":"asphalt"},"type":"Feature"},{"geometry":{"coordinates":[[-100.013771,37.752897],[-100.013045,37.752857]],"type":"LineString"},"properties":{"highway_class":"service","is_bridge":false,"lanes":null,"length_m":64,"maxspeed":null,"name":null,"oneway":null,"osm_id":13064866,"road_id":64,"source_id":"osm","surface":null},"type":"Feature"},{"geometry":{"coordinates":[[-100.013781,37.752766],[-100.013771,37.752897],[-100.013775,37.753093]],"type":"LineString"},"properties":{"highway_class":"service","is_bridge":false,"lanes":null,"length_m":36.4,"maxspeed":null,"name":null,"oneway":null,"osm_id":13064871,"road_id":65,"source_id":"osm","surface":null},"type":"Feature"},{"geometry":{"coordinates":[[-100.013507,37.75245],[-100.013504,37.752534],[-100.013474,37.752736],[-100.01369,37.75275],[-100.013781,37.752766],[-100.014196,37.752797],[-100.014491,37.752811],[-100.0145,37.752658],[-100.014514,37.752494],[-100.01503,37.752521],[-100.015296,37.752536],[-100.015281,37.752696],[-100.015257,37.75294]],"type":"LineString"},"properties":{"highway_class":"service","is_bridge":false,"lanes":null,"length_m":271.1,"maxspeed":null,"name":null,"oneway":null,"osm_id":13064874,"road_id":66,"source_id":"osm","surface":null},"type":"Feature"},{"geometry":{"coordinates":[[-100.021541,37.75219],[-100.021983,37.752213],[-100.02265,37.75225],[-100.023558,37.752304],[-100.024383,37.752331]],"type":"LineString"},"properties":{"highway_class":"service","is_bridge":false,"lanes":null,"length_m":250.4,"maxspeed":null,"name":null,"oneway":null,"osm_id":13064881,"road_id":67,"source_id":"osm","surface":null},"type":"Feature"},{"geometry":{"coordinates":[[-100.012943,37.745423],[-100.012874,37.745494],[-100.012751,37.74552],[-100.012656,37.745546],[-100.012522,37.745556],[-100.012403,37.745545],[-100.012271,37.745502],[-100.012156,37.745474],[-100.012034,37.745468]],"type":"LineString"},"properties":{"highway_class":"residential","is_bridge":false,"lanes":null,"length_m":86.2,"maxspeed":null,"name":null,"oneway":null,"osm_id":13064894,"road_id":68,"source_id":"osm","surface":null},"type":"Feature"},{"geometry":{"coordinates":[[-100.019291,37.752042],[-100.01951,37.75205],[-100.02041,37.752087],[-100.020429,37.752012]],"type":"LineString"},"properties":{"highway_class":"service","is_bridge":false,"lanes":null,"length_m":107,"maxspeed":null,"name":null,"oneway":null,"osm_id":13064918,"road_id":69,"source_id":"osm","surface":null},"type":"Feature"},{"geometry":{"coordinates":[[-100.027274,37.751939],[-100.027555,37.752409]],"type":"LineString"},"properties":{"highway_class":"service","is_bridge":false,"lanes":null,"length_m":57.8,"maxspeed":null,"name":null,"oneway":null,"osm_id":13064919,"road_id":70,"source_id":"osm","surface":null},"type":"Feature"},{"geometry":{"coordinates":[[-100.026871,37.751914],[-100.026843,37.752502]],"type":"LineString"},"properties":{"highway_class":"service","is_bridge":false,"lanes":null,"length_m":65.4,"maxspeed":null,"name":null,"oneway":null,"osm_id":13064920,"road_id":71,"source_id":"osm","surface":null},"type":"Feature"},{"geometry":{"coordinates":[[-100.005,37.752373],[-100.005026,37.751989],[-100.005423,37.75202]],"type":"LineString"},"properties":{"highway_class":"service","is_bridge":false,"lanes":null,"length_m":77.8,"maxspeed":null,"name":null,"oneway":null,"osm_id":13064923,"road_id":72,"source_id":"osm","surface":null},"type":"Feature"},{"geometry":{"coordinates":[[-100.015909,37.745],[-100.015914,37.746702],[-100.015868,37.746762],[-100.015791,37.746784],[-100.014869,37.746788],[-100.014795,37.746755],[-100.01476,37.746687],[-100.014755,37.746259]],"type":"LineString"},"properties":{"highway_class":"residential","is_bridge":false,"lanes":null,"length_m":348.5,"maxspeed":null,"name":null,"oneway":null,"osm_id":13064969,"road_id":73,"source_id":"osm","surface":null},"type":"Feature"},{"geometry":{"coordinates":[[-100.014162,37.745],[-100.014179,37.745038],[-100.014247,37.745118],[-100.014343,37.745177],[-100.014364,37.74522],[-100.014379,37.745284],[-100.014447,37.745364],[-100.01457,37.745412],[-100.014652,37.745422],[-100.014748,37.745421]],"type":"LineString"},"properties":{"highway_class":"track","is_bridge":false,"lanes":null,"length_m":76.8,"maxspeed":null,"name":null,"oneway":null,"osm_id":13064978,"road_id":74,"source_id":"osm","surface":null},"type":"Feature"},{"geometry":{"coordinates":[[-100.021341,37.745705],[-100.021298,37.745601],[-100.021298,37.745568],[-100.021346,37.74545],[-100.021596,37.745]],"type":"LineString"},"properties":{"highway_class":"service","is_bridge":false,"lanes":null,"length_m":84.3,"maxspeed":null,"name":null,"oneway":null,"osm_id":13064984,"road_id":75,"source_id":"osm","surface":null},"type":"Feature"},{"geometry":{"coordinates":[[-100.020124,37.745337],[-100.020313,37.745]],"type":"LineString"},"properties":{"highway_class":"service","is_bridge":false,"lanes":null,"length_m":41,"maxspeed":null,"name":null,"oneway":null,"osm_id":13064987,"road_id":76,"source_id":"osm","surface":null},"type":"Feature"},{"geometry":{"coordinates":[[-100.029431,37.751317],[-100.029412,37.750919]],"type":"LineString"},"properties":{"highway_class":"service","is_bridge":false,"lanes":null,"length_m":44.3,"maxspeed":null,"name":null,"oneway":null,"osm_id":13065121,"road_id":77,"source_id":"osm","surface":null},"type":"Feature"},{"geometry":{"coordinates":[[-100.014181,37.751031],[-100.014194,37.750445]],"type":"LineString"},"properties":{"highway_class":"service","is_bridge":false,"lanes":null,"length_m":65.2,"maxspeed":null,"name":null,"oneway":null,"osm_id":13065160,"road_id":78,"source_id":"osm","surface":null},"type":"Feature"},{"geometry":{"coordinates":[[-100.012939,37.750867],[-100.012948,37.750203]],"type":"LineString"},"properties":{"highway_class":"service","is_bridge":false,"lanes":null,"length_m":73.8,"maxspeed":null,"name":null,"oneway":null,"osm_id":13065174,"road_id":79,"source_id":"osm","surface":null},"type":"Feature"},{"geometry":{"coordinates":[[-100.015908,37.75475],[-100.015188,37.75475]],"type":"LineString"},"properties":{"highway_class":"service","is_bridge":false,"lanes":null,"length_m":63.3,"maxspeed":null,"name":null,"oneway":null,"osm_id":13065175,"road_id":80,"source_id":"osm","surface":null},"type":"Feature"},{"geometry":{"coordinates":[[-100.021532,37.762],[-100.021518,37.761848],[-100.021525,37.761184],[-100.02154,37.760196],[-100.02156,37.759208],[-100.021572,37.758244],[-100.02161,37.757914],[-100.021633,37.757565],[-100.021685,37.756833],[-100.021709,37.75656],[-100.021795,37.755573],[-100.021889,37.754595]],"type":"LineString"},"properties":{"highway_class":"service","is_bridge":false,"lanes":null,"length_m":824.5,"maxspeed":null,"name":null,"oneway":null,"osm_id":13065181,"road_id":81,"source_id":"osm","surface":null},"type":"Feature"},{"geometry":{"coordinates":[[-100.020397,37.762],[-100.020421,37.761175],[-100.020429,37.760899],[-100.020429,37.760188],[-100.020432,37.759199],[-100.020438,37.758378],[-100.020445,37.758243],[-100.020478,37.757674],[-100.020494,37.7575],[-100.020597,37.756511],[-100.02061,37.756388],[-100.020674,37.755518],[-100.020716,37.754989],[-100.020771,37.754533]],"type":"LineString"},"properties":{"highway_class":"service","is_bridge":false,"lanes":null,"length_m":831.4,"maxspeed":null,"name":null,"oneway":null,"osm_id":13065188,"road_id":82,"source_id":"osm","surface":null},"type":"Feature"},{"geometry":{"coordinates":[[-100.01941,37.757436],[-100.019454,37.756454],[-100.019533,37.755459],[-100.019609,37.754474]],"type":"LineString"},"properties":{"highway_class":"service","is_bridge":false,"lanes":null,"length_m":329.9,"maxspeed":null,"name":null,"oneway":null,"osm_id":13065199,"road_id":83,"source_id":"osm","surface":null},"type":"Feature"},{"geometry":{"coordinates":[[-100.007653,37.75415],[-100.00766,37.753937],[-100.007659,37.753894],[-100.007656,37.753809]],"type":"LineString"},"properties":{"highway_class":"service","is_bridge":false,"lanes":null,"length_m":38,"maxspeed":null,"name":null,"oneway":null,"osm_id":13065255,"road_id":84,"source_id":"osm","surface":null},"type":"Feature"},{"geometry":{"coordinates":[[-100.029258,37.753695],[-100.03,37.753734]],"type":"LineString"},"properties":{"highway_class":"service","is_bridge":false,"lanes":null,"length_m":65.4,"maxspeed":null,"name":null,"oneway":null,"osm_id":13065262,"road_id":85,"source_id":"osm","surface":null},"type":"Feature"},{"geometry":{"coordinates":[[-100.01486,37.753815],[-100.014837,37.75361],[-100.01482,37.753462],[-100.014805,37.753327],[-100.014783,37.753133]],"type":"LineString"},"properties":{"highway_class":"service","is_bridge":false,"lanes":null,"length_m":76.1,"maxspeed":null,"name":null,"oneway":null,"osm_id":13065291,"road_id":86,"source_id":"osm","surface":null},"type":"Feature"},{"geometry":{"coordinates":[[-100.015452,37.753811],[-100.015408,37.753234],[-100.015393,37.753044]],"type":"LineString"},"properties":{"highway_class":"service","is_bridge":false,"lanes":null,"length_m":85.5,"maxspeed":null,"name":null,"oneway":null,"osm_id":13065298,"road_id":87,"source_id":"osm","surface":null},"type":"Feature"},{"geometry":{"coordinates":[[-100.01162,37.753807],[-100.011662,37.752976]],"type":"LineString"},"properties":{"highway_class":"service","is_bridge":false,"lanes":null,"length_m":92.5,"maxspeed":null,"name":null,"oneway":null,"osm_id":13065309,"road_id":88,"source_id":"osm","surface":null},"type":"Feature"},{"geometry":{"coordinates":[[-100.010724,37.752924],[-100.010733,37.7533],[-100.010783,37.753312],[-100.010792,37.753697],[-100.010953,37.753698]],"type":"LineString"},"properties":{"highway_class":"service","is_bridge":false,"lanes":null,"length_m":103.4,"maxspeed":null,"name":null,"oneway":null,"osm_id":13065316,"road_id":89,"source_id":"osm","surface":null},"type":"Feature"},{"geometry":{"coordinates":[[-100.024574,37.753217],[-100.024578,37.752904],[-100.024596,37.752828],[-100.02468,37.752801],[-100.024835,37.752811],[-100.024872,37.752845],[-100.024883,37.753283]],"type":"LineString"},"properties":{"highway_class":"service","is_bridge":false,"lanes":null,"length_m":118.8,"maxspeed":null,"name":null,"oneway":null,"osm_id":13065320,"road_id":90,"source_id":"osm","surface":null},"type":"Feature"},{"geometry":{"coordinates":[[-100.010245,37.752897],[-100.010269,37.753808]],"type":"LineString"},"properties":{"highway_class":"service","is_bridge":false,"lanes":null,"length_m":101.3,"maxspeed":null,"name":null,"oneway":null,"osm_id":13065322,"road_id":91,"source_id":"osm","surface":null},"type":"Feature"},{"geometry":{"coordinates":[[-100.03,37.756225],[-100.029279,37.75622],[-100.02797,37.75621]],"type":"LineString"},"properties":{"highway_class":"service","is_bridge":false,"lanes":null,"length_m":178.5,"maxspeed":null,"name":null,"oneway":null,"osm_id":13065337,"road_id":92,"source_id":"osm","surface":null},"type":"Feature"},{"geometry":{"coordinates":[[-100.006017,37.753792],[-100.006037,37.752663]],"type":"LineString"},"properties":{"highway_class":"service","is_bridge":false,"lanes":null,"length_m":125.5,"maxspeed":null,"name":null,"oneway":null,"osm_id":13065361,"road_id":93,"source_id":"osm","surface":null},"type":"Feature"},{"geometry":{"coordinates":[[-100.012354,37.753014],[-100.012355,37.752818],[-100.011804,37.75279],[-100.011785,37.752982]],"type":"LineString"},"properties":{"highway_class":"service","is_bridge":false,"lanes":null,"length_m":91.9,"maxspeed":null,"name":null,"oneway":null,"osm_id":13065367,"road_id":94,"source_id":"osm","surface":null},"type":"Feature"},{"geometry":{"coordinates":[[-100.005327,37.759923],[-100.005,37.75993]],"type":"LineString"},"properties":{"highway_class":"residential","is_bridge":false,"lanes":null,"length_m":28.8,"maxspeed":null,"name":null,"oneway":null,"osm_id":13065444,"road_id":95,"source_id":"osm","surface":null},"type":"Feature"},{"geometry":{"coordinates":[[-100.02714,37.760236],[-100.027591,37.760218],[-100.027808,37.760216],[-100.027845,37.760216],[-100.028015,37.760183],[-100.028174,37.760141],[-100.028321,37.760077],[-100.028387,37.76004],[-100.028512,37.759966],[-100.028677,37.759869],[-100.028829,37.759813],[-100.029061,37.759785],[-100.029333,37.759815],[-100.029668,37.759907],[-100.029858,37.759982],[-100.03,37.760049]],"type":"LineString"},"properties":{"highway_class":"tertiary","is_bridge":false,"lanes":null,"length_m":269.7,"maxspeed":null,"name":"West Ash Street","oneway":null,"osm_id":13065456,"road_id":96,"source_id":"osm","surface":"asphalt"},"type":"Feature"},{"geometry":{"coordinates":[[-100.015182,37.753818],[-100.015172,37.754326],[-100.015188,37.75475],[-100.015224,37.755314],[-100.015215,37.756298],[-100.015208,37.757316],[-100.015201,37.758212],[-100.015197,37.759168],[-100.015195,37.759694],[-100.015176,37.760152],[-100.015178,37.76114],[-100.015152,37.762]],"type":"LineString"},"properties":{"highway_class":"residential","is_bridge":false,"lanes":null,"length_m":910,"maxspeed":null,"name":"Avenue A","oneway":null,"osm_id":13065477,"road_id":97,"source_id":"osm","surface":null},"type":"Feature"},{"geometry":{"coordinates":[[-100.013775,37.753093],[-100.013765,37.753816],[-100.013759,37.754324],[-100.013747,37.755312],[-100.013735,37.756296],[-100.013723,37.757312],[-100.013712,37.7582],[-100.0137,37.759164],[-100.013689,37.760144],[-100.013677,37.761134],[-100.013666,37.762]],"type":"LineString"},"properties":{"highway_class":"residential","is_bridge":false,"lanes":null,"length_m":990.5,"maxspeed":null,"name":"Avenue B","oneway":null,"osm_id":13065502,"road_id":98,"source_id":"osm","surface":null},"type":"Feature"},{"geometry":{"coordinates":[[-100.012354,37.753014],[-100.012346,37.753812],[-100.012341,37.754322],[-100.012332,37.755311],[-100.012322,37.756294],[-100.012313,37.757308],[-100.012304,37.758188],[-100.012295,37.75916],[-100.012286,37.760138],[-100.012277,37.761128],[-100.012268,37.762]],"type":"LineString"},"properties":{"highway_class":"residential","is_bridge":false,"lanes":null,"length_m":999.2,"maxspeed":null,"name":"Avenue C","oneway":null,"osm_id":13065516,"road_id":99,"source_id":"osm","surface":null},"type":"Feature"},{"geometry":{"coordinates":[[-100.01096,37.752937],[-100.010953,37.753698],[-100.010952,37.753807],[-100.010948,37.754321],[-100.010938,37.75531],[-100.010929,37.756293],[-100.01092,37.757304],[-100.010911,37.758176],[-100.010902,37.759156],[-100.010899,37.759502],[-100.010893,37.760131],[-100.010884,37.761122],[-100.010876,37.762]],"type":"LineString"},"properties":{"highway_class":"residential","is_bridge":false,"lanes":null,"length_m":1007.8,"maxspeed":null,"name":"Avenue D","oneway":null,"osm_id":13065535,"road_id":100,"source_id":"osm","surface":null},"type":"Feature"},{"geometry":{"coordinates":[[-100.009544,37.752858],[-100.009564,37.753803],[-100.009565,37.754328],[-100.009525,37.755309],[-100.009517,37.756291],[-100.009509,37.7573],[-100.009502,37.758165],[-100.009496,37.75882],[-100.009494,37.759153],[-100.009486,37.760124],[-100.009478,37.761116],[-100.009471,37.762]],"type":"LineString"},"properties":{"highway_class":"residential","is_bridge":false,"lanes":null,"length_m":1016.6,"maxspeed":null,"name":"Avenue E","oneway":null,"osm_id":13065635,"road_id":101,"source_id":"osm","surface":null},"type":"Feature"},{"geometry":{"coordinates":[[-100.008144,37.75278],[-100.008154,37.753809],[-100.008155,37.754316],[-100.008127,37.755308],[-100.00812,37.75629],[-100.008113,37.757296],[-100.008107,37.758153],[-100.0081,37.759149],[-100.008093,37.760117],[-100.008086,37.76111],[-100.00808,37.762]],"type":"LineString"},"properties":{"highway_class":"residential","is_bridge":false,"lanes":null,"length_m":1025.2,"maxspeed":null,"name":"Avenue F","oneway":null,"osm_id":13065645,"road_id":102,"source_id":"osm","surface":null},"type":"Feature"},{"geometry":{"coordinates":[[-100.006745,37.752703],[-100.006776,37.753805],[-100.006757,37.754327],[-100.006729,37.755073],[-100.006727,37.755306],[-100.00672,37.756288],[-100.006714,37.757292],[-100.006708,37.758142],[-100.006701,37.759145],[-100.006694,37.76011],[-100.006688,37.761104],[-100.006685,37.761564],[-100.006682,37.762]],"type":"LineString"},"properties":{"highway_class":"residential","is_bridge":false,"lanes":null,"length_m":1033.9,"maxspeed":null,"name":"Avenue G","oneway":null,"osm_id":13065746,"road_id":103,"source_id":"osm","surface":null},"type":"Feature"},{"geometry":{"coordinates":[[-100.005349,37.752625],[-100.005345,37.753803],[-100.005344,37.754314],[-100.005342,37.754802],[-100.005341,37.75509],[-100.005341,37.755305],[-100.005338,37.756286],[-100.005335,37.757289],[-100.005332,37.758128],[-100.00533,37.759142],[-100.005328,37.75961],[-100.005327,37.759923],[-100.005327,37.760103],[-100.005324,37.761098],[-100.005321,37.762]],"type":"LineString"},"properties":{"highway_class":"tertiary","is_bridge":false,"lanes":null,"length_m":1042.4,"maxspeed":null,"name":"Avenue H","oneway":null,"osm_id":13065836,"road_id":104,"source_id":"osm","surface":null},"type":"Feature"},{"geometry":{"coordinates":[[-100.015158,37.749919],[-100.015131,37.750231],[-100.015051,37.75114]],"type":"LineString"},"properties":{"highway_class":"residential","is_bridge":false,"lanes":null,"length_m":136.1,"maxspeed":null,"name":"Juneau Avenue","oneway":null,"osm_id":13065845,"road_id":105,"source_id":"osm","surface":null},"type":"Feature"},{"geometry":{"coordinates":[[-100.024207,37.756998],[-100.024734,37.757009],[-100.025307,37.757021],[-100.025943,37.757035]],"type":"LineString"},"properties":{"highway_class":"residential","is_bridge":false,"lanes":null,"length_m":152.7,"maxspeed":null,"name":"North Avenue","oneway":null,"osm_id":13065850,"road_id":106,"source_id":"osm","surface":null},"type":"Feature"},{"geometry":{"coordinates":[[-100.005,37.757288],[-100.005335,37.757289],[-100.006038,37.75729],[-100.006714,37.757292],[-100.007429,37.757294],[-100.008113,37.757296],[-100.008827,37.757298],[-100.009509,37.7573],[-100.010228,37.757302],[-100.01092,37.757304],[-100.011612,37.757306],[-100.012313,37.757308],[-100.013,37.75731],[-100.013723,37.757312],[-100.014514,37.757314],[-100.015208,37.757316],[-100.01594,37.757318],[-100.016599,37.75732]],"type":"LineString"},"properties":{"highway_class":"residential","is_bridge":false,"lanes":null,"length_m":1019.7,"maxspeed":null,"name":"East Elm Street","oneway":null,"osm_id":13066064,"road_id":107,"source_id":"osm","surface":null},"type":"Feature"},{"geometry":{"coordinates":[[-100.016503,37.759171],[-100.015826,37.759169],[-100.015197,37.759168],[-100.014561,37.759166],[-100.0137,37.759164],[-100.012982,37.759162],[-100.012295,37.75916],[-100.011583,37.759158],[-100.010902,37.759156],[-100.010217,37.759155],[-100.009494,37.759153],[-100.008817,37.759151],[-100.0081,37.759149],[-100.007403,37.759147],[-100.006701,37.759145],[-100.006465,37.759145],[-100.00533,37.759142],[-100.005,37.759141]],"type":"LineString"},"properties":{"highway_class":"residential","is_bridge":false,"lanes":null,"length_m":1011.2,"maxspeed":null,"name":"East Oak Street","oneway":null,"osm_id":13066071,"road_id":108,"source_id":"osm","surface":"asphalt"},"type":"Feature"},{"geometry":{"coordinates":[[-100.020982,37.745],[-100.02072,37.745482],[-100.020407,37.746057]],"type":"LineString"},"properties":{"highway_class":"residential","is_bridge":false,"lanes":null,"length_m":128,"maxspeed":null,"name":"Smith Street","oneway":null,"osm_id":13066144,"road_id":109,"source_id":"osm","surface":null},"type":"Feature"},{"geometry":{"coordinates":[[-100.016841,37.754327],[-100.016997,37.754328],[-100.017636,37.754359],[-100.017943,37.754381],[-100.019081,37.754448],[-100.019609,37.754474],[-100.020214,37.754503],[-100.020463,37.754516],[-100.020624,37.754525],[-100.020771,37.754533],[-100.021345,37.754566],[-100.021889,37.754595],[-100.022477,37.754631],[-100.023494,37.754687],[-100.023859,37.754701],[-100.024231,37.754708],[-100.024756,37.754713],[-100.025362,37.754715],[-100.025997,37.754718],[-100.026691,37.754723],[-100.027231,37.754725],[-100.027349,37.754726],[-100.028013,37.754722],[-100.028501,37.754718],[-100.029271,37.754718],[-100.03,37.75472]],"type":"LineString"},"properties":{"highway_class":"residential","is_bridge":false,"lanes":null,"length_m":1158.3,"maxspeed":null,"name":"West Spruce Street","oneway":null,"osm_id":13066446,"road_id":110,"source_id":"osm","surface":null},"type":"Feature"},{"geometry":{"coordinates":[[-100.016357,37.748729],[-100.016257,37.749955],[-100.016128,37.751285]],"type":"LineString"},"properties":{"highway_class":"residential","is_bridge":false,"lanes":null,"length_m":284.9,"maxspeed":null,"name":"Woodland Avenue","oneway":null,"osm_id":13066527,"road_id":111,"source_id":"osm","surface":null},"type":"Feature"},{"geometry":{"coordinates":[[-100.024771,37.753285],[-100.024883,37.753283],[-100.024949,37.753282],[-100.025377,37.753286],[-100.026058,37.753291],[-100.026752,37.753323],[-100.027391,37.753349],[-100.027656,37.753362],[-100.028048,37.753384],[-100.028528,37.753413],[-100.028774,37.753428],[-100.029263,37.753457],[-100.03,37.753498]],"type":"LineString"},"properties":{"highway_class":"primary","is_bridge":false,"lanes":4,"length_m":460.5,"maxspeed":"30 mph","name":"West Wyatt Earp Boulevard","oneway":null,"osm_id":13066812,"road_id":112,"source_id":"osm","surface":"asphalt"},"type":"Feature"},{"geometry":{"coordinates":[[-100.029316,37.75204],[-100.029294,37.752783],[-100.029292,37.75282],[-100.029291,37.752893],[-100.029263,37.753457],[-100.029258,37.753695],[-100.029254,37.754257],[-100.02925,37.754637],[-100.029271,37.754718],[-100.029277,37.754743],[-100.029287,37.75495],[-100.029279,37.755206],[-100.029279,37.75572],[-100.029279,37.75622],[-100.029257,37.756711],[-100.029241,37.757208],[-100.02922,37.757686],[-100.029184,37.758171]],"type":"LineString"},"properties":{"highway_class":"residential","is_bridge":false,"lanes":null,"length_m":682.3,"maxspeed":null,"name":"11th Avenue","oneway":null,"osm_id":13066916,"road_id":113,"source_id":"osm","surface":null},"type":"Feature"},{"geometry":{"coordinates":[[-100.03,37.758296],[-100.029976,37.758297],[-100.029922,37.758348],[-100.029858,37.759982],[-100.029582,37.760273],[-100.029419,37.760482],[-100.029367,37.760634],[-100.029357,37.760729],[-100.029336,37.762]],"type":"LineString"},"properties":{"highway_class":"residential","is_bridge":false,"lanes":null,"length_m":428.5,"maxspeed":null,"name":"11th Avenue","oneway":null,"osm_id":13066922,"road_id":114,"source_id":"osm","surface":null},"type":"Feature"},{"geometry":{"coordinates":[[-100.01475,37.745],[-100.014745,37.745308],[-100.014748,37.745421],[-100.014755,37.746259]],"type":"LineString"},"properties":{"highway_class":"residential","is_bridge":false,"lanes":null,"length_m":140,"maxspeed":null,"name":"Clayton Street","oneway":null,"osm_id":13067234,"road_id":115,"source_id":"osm","surface":null},"type":"Feature"},{"geometry":{"coordinates":[[-100.014755,37.746259],[-100.013028,37.745937]],"type":"LineString"},"properties":{"highway_class":"residential","is_bridge":false,"lanes":null,"length_m":156,"maxspeed":null,"name":"Clayton Street","oneway":null,"osm_id":13067236,"road_id":116,"source_id":"osm","surface":null},"type":"Feature"},{"geometry":{"coordinates":[[-100.016536,37.758223],[-100.017089,37.758228],[-100.01764,37.758243],[-100.018208,37.758246],[-100.01876,37.758249],[-100.019325,37.758251],[-100.019909,37.758247],[-100.020445,37.758243],[-100.021018,37.758241],[-100.021572,37.758244],[-100.022144,37.758244],[-100.022722,37.758241],[-100.023033,37.758266],[-100.02349,37.758273],[-100.02419,37.758247],[-100.024366,37.758229],[-100.024757,37.758212],[-100.025279,37.758189],[-100.025395,37.758197],[-100.025921,37.7582],[-100.026601,37.758204],[-100.027179,37.758207],[-100.027167,37.758368]],"type":"LineString"},"properties":{"highway_class":"residential","is_bridge":false,"lanes":null,"length_m":954.1,"maxspeed":null,"name":"West Division Street","oneway":null,"osm_id":13067551,"road_id":117,"source_id":"osm","surface":null},"type":"Feature"},{"geometry":{"coordinates":[[-100.024228,37.756152],[-100.024742,37.756156],[-100.025323,37.75616],[-100.025962,37.756165]],"type":"LineString"},"properties":{"highway_class":"residential","is_bridge":false,"lanes":null,"length_m":152.4,"maxspeed":null,"name":"Ark Valley Avenue","oneway":null,"osm_id":13067805,"road_id":118,"source_id":"osm","surface":null},"type":"Feature"},{"geometry":{"coordinates":[[-100.02163,37.74908],[-100.021708,37.749196],[-100.021726,37.749311],[-100.021722,37.749708],[-100.021709,37.749974],[-100.021694,37.750292],[-100.02169,37.75033],[-100.02166,37.750775]],"type":"LineString"},"properties":{"highway_class":"residential","is_bridge":false,"lanes":null,"length_m":190.4,"maxspeed":null,"name":"4th Avenue","oneway":null,"osm_id":13068088,"road_id":119,"source_id":"osm","surface":null},"type":"Feature"},{"geometry":{"coordinates":[[-100.021384,37.754133],[-100.021374,37.754243],[-100.021358,37.75443],[-100.021345,37.754566],[-100.021233,37.755545],[-100.02116,37.756537],[-100.021144,37.756752],[-100.021093,37.757534],[-100.021044,37.757816],[-100.021018,37.758241],[-100.021,37.758515],[-100.020994,37.759203],[-100.020987,37.760192],[-100.020978,37.76118],[-100.020986,37.762]],"type":"LineString"},"properties":{"highway_class":"residential","is_bridge":false,"lanes":null,"length_m":876.1,"maxspeed":null,"name":"4th Avenue","oneway":null,"osm_id":13068092,"road_id":120,"source_id":"osm","surface":null},"type":"Feature"},{"geometry":{"coordinates":[[-100.005324,37.761098],[-100.00595,37.761101],[-100.006688,37.761104],[-100.007393,37.761107],[-100.008086,37.76111],[-100.008785,37.761113],[-100.009478,37.761116],[-100.010195,37.761119],[-100.010884,37.761122],[-100.011321,37.761124],[-100.011564,37.761125],[-100.012277,37.761128],[-100.012997,37.761131],[-100.013677,37.761134],[-100.01459,37.761138],[-100.014686,37.761138],[-100.015178,37.76114],[-100.015784,37.761143],[-100.016455,37.761146]],"type":"LineString"},"properties":{"highway_class":"residential","is_bridge":false,"lanes":null,"length_m":978.5,"maxspeed":null,"name":"East Hickory Street","oneway":null,"osm_id":13068163,"road_id":121,"source_id":"osm","surface":null},"type":"Feature"},{"geometry":{"coordinates":[[-100.019494,37.747406],[-100.01953,37.748121]],"type":"LineString"},"properties":{"highway_class":"primary","is_bridge":true,"lanes":null,"length_m":79.6,"maxspeed":null,"name":"North 2nd Avenue","oneway":null,"osm_id":13068265,"road_id":122,"source_id":"osm","surface":null},"type":"Feature"},{"geometry":{"coordinates":[[-100.005327,37.760103],[-100.005981,37.760106],[-100.006694,37.76011],[-100.007401,37.760113],[-100.008093,37.760117],[-100.008811,37.76012],[-100.009486,37.760124],[-100.010214,37.760127],[-100.010893,37.760131],[-100.011567,37.760134],[-100.012286,37.760138],[-100.012548,37.760139],[-100.013001,37.760141],[-100.013689,37.760144],[-100.014544,37.760149],[-100.015176,37.760152],[-100.015788,37.760155],[-100.016457,37.760158]],"type":"LineString"},"properties":{"highway_class":"tertiary","is_bridge":false,"lanes":null,"length_m":978.5,"maxspeed":null,"name":"East Ash Street","oneway":null,"osm_id":13068304,"road_id":123,"source_id":"osm","surface":null},"type":"Feature"},{"geometry":{"coordinates":[[-100.024231,37.754708],[-100.024242,37.755317],[-100.024235,37.755741],[-100.024228,37.756152],[-100.024215,37.756677],[-100.024207,37.756998],[-100.024186,37.757665],[-100.024176,37.757994],[-100.02419,37.758247]],"type":"LineString"},"properties":{"highway_class":"residential","is_bridge":false,"lanes":null,"length_m":393.6,"maxspeed":null,"name":"7th Avenue","oneway":true,"osm_id":13068414,"road_id":124,"source_id":"osm","surface":null},"type":"Feature"},{"geometry":{"coordinates":[[-100.024757,37.758212],[-100.024751,37.758437],[-100.024747,37.758599],[-100.024729,37.759232],[-100.024716,37.759705],[-100.024717,37.760219],[-100.024719,37.761207],[-100.02472,37.76157],[-100.024714,37.762]],"type":"LineString"},"properties":{"highway_class":"residential","is_bridge":false,"lanes":null,"length_m":421.2,"maxspeed":null,"name":"7th Avenue","oneway":null,"osm_id":13068417,"road_id":125,"source_id":"osm","surface":null},"type":"Feature"},{"geometry":{"coordinates":[[-100.013775,37.753093],[-100.012354,37.753014],[-100.011785,37.752982],[-100.011662,37.752976],[-100.01096,37.752937],[-100.010724,37.752924],[-100.010245,37.752897],[-100.009544,37.752858],[-100.008798,37.752817],[-100.008144,37.75278],[-100.007448,37.752742],[-100.006745,37.752703],[-100.006037,37.752663],[-100.005349,37.752625],[-100.005,37.752606]],"type":"LineString"},"properties":{"highway_class":"primary","is_bridge":false,"lanes":5,"length_m":773.4,"maxspeed":null,"name":"East Wyatt Earp Boulevard","oneway":null,"osm_id":13068649,"road_id":126,"source_id":"osm","surface":null},"type":"Feature"},{"geometry":{"coordinates":[[-100.005,37.756286],[-100.005338,37.756286],[-100.006047,37.756287],[-100.00672,37.756288],[-100.007444,37.756289],[-100.00812,37.75629],[-100.008838,37.75629],[-100.009517,37.756291],[-100.010215,37.756292],[-100.010929,37.756293],[-100.011616,37.756294],[-100.012322,37.756294],[-100.01302,37.756295],[-100.013735,37.756296],[-100.014535,37.756297],[-100.015215,37.756298],[-100.016682,37.756299]],"type":"LineString"},"properties":{"highway_class":"residential","is_bridge":false,"lanes":null,"length_m":1027,"maxspeed":null,"name":"East Cedar Street","oneway":null,"osm_id":13068730,"road_id":127,"source_id":"osm","surface":null},"type":"Feature"},{"geometry":{"coordinates":[[-100.018279,37.745],[-100.01828,37.745247],[-100.018284,37.745811],[-100.018285,37.745884]],"type":"LineString"},"properties":{"highway_class":"residential","is_bridge":false,"lanes":null,"length_m":98.3,"maxspeed":null,"name":"Sunflower Avenue","oneway":null,"osm_id":13068872,"road_id":128,"source_id":"osm","surface":null},"type":"Feature"},{"geometry":{"coordinates":[[-100.028048,37.753384],[-100.028041,37.753662],[-100.028013,37.754722],[-100.027997,37.755218],[-100.027991,37.755714],[-100.02797,37.75621],[-100.027959,37.756702],[-100.027948,37.757203],[-100.027927,37.757682]],"type":"LineString"},"properties":{"highway_class":"residential","is_bridge":false,"lanes":null,"length_m":478,"maxspeed":null,"name":"10th Avenue","oneway":null,"osm_id":13068934,"road_id":129,"source_id":"osm","surface":null},"type":"Feature"},{"geometry":{"coordinates":[[-100.028387,37.76004],[-100.028362,37.760381],[-100.028355,37.760805],[-100.028358,37.762]],"type":"LineString"},"properties":{"highway_class":"residential","is_bridge":false,"lanes":null,"length_m":218,"maxspeed":null,"name":"10th Avenue","oneway":null,"osm_id":13068935,"road_id":130,"source_id":"osm","surface":null},"type":"Feature"},{"geometry":{"coordinates":[[-100.019604,37.745],[-100.019437,37.745289]],"type":"LineString"},"properties":{"highway_class":"residential","is_bridge":false,"lanes":null,"length_m":35.4,"maxspeed":null,"name":"Sunnyside Avenue","oneway":null,"osm_id":13068969,"road_id":131,"source_id":"osm","surface":null},"type":"Feature"},{"geometry":{"coordinates":[[-100.024242,37.755317],[-100.024755,37.755313],[-100.025338,37.755309],[-100.025985,37.755304]],"type":"LineString"},"properties":{"highway_class":"residential","is_bridge":false,"lanes":null,"length_m":153.2,"maxspeed":null,"name":"Ford County Avenue","oneway":null,"osm_id":13069161,"road_id":132,"source_id":"osm","surface":null},"type":"Feature"},{"geometry":{"coordinates":[[-100.016941,37.75344],[-100.018035,37.7535],[-100.019159,37.75357],[-100.020024,37.753613],[-100.02015,37.753619],[-100.020288,37.753626]],"type":"LineString"},"properties":{"highway_class":"residential","is_bridge":false,"lanes":null,"length_m":295,"maxspeed":null,"name":"Gunsmoke Street","oneway":null,"osm_id":13069175,"road_id":133,"source_id":"osm","surface":null},"type":"Feature"},{"geometry":{"coordinates":[[-100.028647,37.750912],[-100.028556,37.752006]],"type":"LineString"},"properties":{"highway_class":"residential","is_bridge":false,"lanes":null,"length_m":121.9,"maxspeed":null,"name":"Short Street","oneway":null,"osm_id":13069311,"road_id":134,"source_id":"osm","surface":null},"type":"Feature"},{"geometry":{"coordinates":[[-100.026058,37.753291],[-100.025997,37.754718],[-100.025985,37.755304],[-100.025962,37.756165],[-100.025949,37.756689],[-100.025943,37.757035],[-100.02593,37.757688],[-100.025921,37.7582]],"type":"LineString"},"properties":{"highway_class":"residential","is_bridge":false,"lanes":null,"length_m":546,"maxspeed":null,"name":"Hardesty Avenue","oneway":null,"osm_id":13069313,"road_id":135,"source_id":"osm","surface":null},"type":"Feature"},{"geometry":{"coordinates":[[-100.018419,37.748729],[-100.018442,37.748562],[-100.018424,37.748477],[-100.018321,37.748438],[-100.017361,37.748601],[-100.016357,37.748729],[-100.015295,37.748784]],"type":"LineString"},"properties":{"highway_class":"residential","is_bridge":false,"lanes":null,"length_m":307.7,"maxspeed":null,"name":"River Road","oneway":null,"osm_id":13069618,"road_id":136,"source_id":"osm","surface":null},"type":"Feature"},{"geometry":{"coordinates":[[-100.019555,37.748694],[-100.018419,37.748729]],"type":"LineString"},"properties":{"highway_class":"residential","is_bridge":false,"lanes":null,"length_m":99.9,"maxspeed":null,"name":"River Road","oneway":null,"osm_id":13069621,"road_id":137,"source_id":"osm","surface":null},"type":"Feature"},{"geometry":{"coordinates":[[-100.029184,37.758171],[-100.02918,37.758437]],"type":"LineString"},"properties":{"highway_class":"residential","is_bridge":false,"lanes":null,"length_m":29.6,"maxspeed":null,"name":"Algrim Court","oneway":null,"osm_id":13069633,"road_id":138,"source_id":"osm","surface":null},"type":"Feature"},{"geometry":{"coordinates":[[-100.020426,37.751072],[-100.020412,37.751431],[-100.020469,37.751582],[-100.020429,37.752012]],"type":"LineString"},"properties":{"highway_class":"residential","is_bridge":false,"lanes":null,"length_m":105.3,"maxspeed":null,"name":"3rd Avenue","oneway":null,"osm_id":13069641,"road_id":139,"source_id":"osm","surface":null},"type":"Feature"},{"geometry":{"coordinates":[[-100.020328,37.753146],[-100.020288,37.753626],[-100.020264,37.753931],[-100.020256,37.754023],[-100.020252,37.754076],[-100.020214,37.754503],[-100.020126,37.75549],[-100.020035,37.756482],[-100.019956,37.757349],[-100.01995,37.757462],[-100.019909,37.758247],[-100.019888,37.758657],[-100.019878,37.759194],[-100.019859,37.760184],[-100.01985,37.761171],[-100.019857,37.762]],"type":"LineString"},"properties":{"highway_class":"tertiary","is_bridge":false,"lanes":null,"length_m":985.8,"maxspeed":null,"name":"3rd Avenue","oneway":null,"osm_id":13069645,"road_id":140,"source_id":"osm","surface":null},"type":"Feature"},{"geometry":{"coordinates":[[-100.020333,37.753084],[-100.02036,37.752739],[-100.020378,37.752597]],"type":"LineString"},"properties":{"highway_class":"residential","is_bridge":false,"lanes":3,"length_m":54.3,"maxspeed":null,"name":"3rd Avenue","oneway":null,"osm_id":13069650,"road_id":141,"source_id":"osm","surface":"asphalt"},"type":"Feature"},{"geometry":{"coordinates":[[-100.016682,37.756299],[-100.017766,37.756372],[-100.018342,37.756401],[-100.018906,37.756429],[-100.019454,37.756454],[-100.020035,37.756482],[-100.020597,37.756511],[-100.02116,37.756537],[-100.021709,37.75656],[-100.021831,37.756565],[-100.022267,37.756595],[-100.022657,37.756623],[-100.022826,37.75663],[-100.023508,37.75666],[-100.024215,37.756677]],"type":"LineString"},"properties":{"highway_class":"residential","is_bridge":false,"lanes":null,"length_m":663.7,"maxspeed":null,"name":"West Cedar Street","oneway":null,"osm_id":13069956,"road_id":142,"source_id":"osm","surface":null},"type":"Feature"},{"geometry":{"coordinates":[[-100.027959,37.756702],[-100.029257,37.756711],[-100.03,37.756719]],"type":"LineString"},"properties":{"highway_class":"residential","is_bridge":false,"lanes":null,"length_m":179.4,"maxspeed":null,"name":"West Cedar Street","oneway":null,"osm_id":13069961,"road_id":143,"source_id":"osm","surface":null},"type":"Feature"},{"geometry":{"coordinates":[[-100.025949,37.756689],[-100.026663,37.756696]],"type":"LineString"},"properties":{"highway_class":"residential","is_bridge":false,"lanes":null,"length_m":62.8,"maxspeed":null,"name":"West Cedar Street","oneway":null,"osm_id":13069964,"road_id":144,"source_id":"osm","surface":null},"type":"Feature"},{"geometry":{"coordinates":[[-100.027167,37.758368],[-100.027148,37.759251],[-100.02714,37.760236],[-100.027131,37.761226],[-100.027147,37.762]],"type":"LineString"},"properties":{"highway_class":"residential","is_bridge":false,"lanes":null,"length_m":403.9,"maxspeed":null,"name":"9th Avenue","oneway":null,"osm_id":13069980,"road_id":145,"source_id":"osm","surface":null},"type":"Feature"},{"geometry":{"coordinates":[[-100.026752,37.753323],[-100.026725,37.753988],[-100.026691,37.754723],[-100.026663,37.756696],[-100.026638,37.757689],[-100.026601,37.758204]],"type":"LineString"},"properties":{"highway_class":"residential","is_bridge":false,"lanes":null,"length_m":542.9,"maxspeed":null,"name":"9th Avenue","oneway":null,"osm_id":13069983,"road_id":146,"source_id":"osm","surface":null},"type":"Feature"},{"geometry":{"coordinates":[[-100.023508,37.75666],[-100.023498,37.757676],[-100.02349,37.758273],[-100.023485,37.759223],[-100.023474,37.76021],[-100.023459,37.761198],[-100.023454,37.762]],"type":"LineString"},"properties":{"highway_class":"residential","is_bridge":false,"lanes":null,"length_m":593.9,"maxspeed":null,"name":"6th Avenue","oneway":null,"osm_id":13070279,"road_id":147,"source_id":"osm","surface":"paved"},"type":"Feature"},{"geometry":{"coordinates":[[-100.020328,37.753146],[-100.020571,37.75316],[-100.020778,37.753171],[-100.02096,37.753182],[-100.021468,37.75321],[-100.021504,37.753212],[-100.022356,37.753261],[-100.022577,37.753273]],"type":"LineString"},"properties":{"highway_class":"residential","is_bridge":false,"lanes":null,"length_m":198.3,"maxspeed":null,"name":"Front Street","oneway":null,"osm_id":13070572,"road_id":148,"source_id":"osm","surface":null},"type":"Feature"},{"geometry":{"coordinates":[[-100.016503,37.759171],[-100.017064,37.759172],[-100.017605,37.759177],[-100.018176,37.759181],[-100.018748,37.759186],[-100.019331,37.75919],[-100.019878,37.759194],[-100.020432,37.759199],[-100.020994,37.759203],[-100.02156,37.759208],[-100.022118,37.759212],[-100.022766,37.759217],[-100.023485,37.759223],[-100.024104,37.759228],[-100.024729,37.759232],[-100.025304,37.759237],[-100.02593,37.759242],[-100.02655,37.759247],[-100.027148,37.759251]],"type":"LineString"},"properties":{"highway_class":"residential","is_bridge":false,"lanes":null,"length_m":935.8,"maxspeed":null,"name":"West Oak Street","oneway":null,"osm_id":13070582,"road_id":149,"source_id":"osm","surface":null},"type":"Feature"},{"geometry":{"coordinates":[[-100.017072,37.751398],[-100.017117,37.751402],[-100.018206,37.751467],[-100.019342,37.751515]],"type":"LineString"},"properties":{"highway_class":"primary","is_bridge":false,"lanes":null,"length_m":200.1,"maxspeed":"30 mph","name":"West Trail Street","oneway":null,"osm_id":13070673,"road_id":150,"source_id":"osm","surface":null},"type":"Feature"},{"geometry":{"coordinates":[[-100.018285,37.745884],[-100.018832,37.745885],[-100.019457,37.745886]],"type":"LineString"},"properties":{"highway_class":"residential","is_bridge":false,"lanes":null,"length_m":103.1,"maxspeed":null,"name":"Beech Street","oneway":null,"osm_id":13070773,"road_id":151,"source_id":"osm","surface":null},"type":"Feature"},{"geometry":{"coordinates":[[-100.018832,37.745885],[-100.018832,37.746021],[-100.018802,37.746098],[-100.018701,37.746142],[-100.018573,37.746148],[-100.018443,37.746112],[-100.018327,37.746026],[-100.018285,37.745884]],"type":"LineString"},"properties":{"highway_class":"service","is_bridge":false,"lanes":null,"length_m":87.8,"maxspeed":null,"name":null,"oneway":null,"osm_id":13070775,"road_id":152,"source_id":"osm","surface":null},"type":"Feature"},{"geometry":{"coordinates":[[-100.018284,37.745811],[-100.01703,37.745791],[-100.016967,37.745811],[-100.016964,37.74594]],"type":"LineString"},"properties":{"highway_class":"service","is_bridge":false,"lanes":null,"length_m":130.6,"maxspeed":null,"name":null,"oneway":null,"osm_id":13070777,"road_id":153,"source_id":"osm","surface":null},"type":"Feature"},{"geometry":{"coordinates":[[-100.019457,37.750126],[-100.018316,37.750068],[-100.01725,37.750014],[-100.016756,37.749987],[-100.016257,37.749955],[-100.015688,37.749926],[-100.015158,37.749919]],"type":"LineString"},"properties":{"highway_class":"residential","is_bridge":false,"lanes":null,"length_m":378.7,"maxspeed":null,"name":"Water Street","oneway":null,"osm_id":13071011,"road_id":154,"source_id":"osm","surface":null},"type":"Feature"},{"geometry":{"coordinates":[[-100.017188,37.750897],[-100.018236,37.750964],[-100.019379,37.751018],[-100.020426,37.751072]],"type":"LineString"},"properties":{"highway_class":"residential","is_bridge":false,"lanes":null,"length_m":285.4,"maxspeed":null,"name":"Maple Street","oneway":null,"osm_id":13071041,"road_id":155,"source_id":"osm","surface":null},"type":"Feature"},{"geometry":{"coordinates":[[-100.005,37.755305],[-100.005135,37.755305],[-100.005341,37.755305],[-100.006076,37.755306],[-100.006727,37.755306],[-100.00745,37.755307],[-100.008127,37.755308],[-100.008819,37.755308],[-100.009525,37.755309],[-100.010236,37.755309],[-100.010938,37.75531],[-100.011625,37.75531],[-100.012332,37.755311],[-100.013021,37.755312],[-100.013747,37.755312],[-100.014518,37.755313],[-100.015224,37.755314],[-100.016763,37.755315]],"type":"LineString"},"properties":{"highway_class":"residential","is_bridge":false,"lanes":null,"length_m":1034.1,"maxspeed":null,"name":"East Vine Street","oneway":null,"osm_id":13071119,"road_id":156,"source_id":"osm","surface":null},"type":"Feature"},{"geometry":{"coordinates":[[-100.03,37.757695],[-100.02922,37.757686],[-100.027927,37.757682],[-100.026638,37.757689],[-100.02593,37.757688]],"type":"LineString"},"properties":{"highway_class":"residential","is_bridge":false,"lanes":null,"length_m":357.8,"maxspeed":null,"name":"West Elm Street","oneway":null,"osm_id":13071195,"road_id":157,"source_id":"osm","surface":null},"type":"Feature"},{"geometry":{"coordinates":[[-100.018819,37.757408],[-100.01941,37.757436],[-100.01995,37.757462],[-100.020494,37.7575],[-100.021093,37.757534],[-100.021633,37.757565],[-100.022204,37.757597],[-100.022765,37.75763],[-100.023498,37.757676],[-100.024186,37.757665]],"type":"LineString"},"properties":{"highway_class":"residential","is_bridge":false,"lanes":null,"length_m":472.9,"maxspeed":null,"name":"West Elm Street","oneway":null,"osm_id":13071198,"road_id":158,"source_id":"osm","surface":null},"type":"Feature"},{"geometry":{"coordinates":[[-100.022253,37.745],[-100.021998,37.745471]],"type":"LineString"},"properties":{"highway_class":"residential","is_bridge":false,"lanes":null,"length_m":56.9,"maxspeed":null,"name":"Kirk Street","oneway":null,"osm_id":13071206,"road_id":159,"source_id":"osm","surface":null},"type":"Feature"},{"geometry":{"coordinates":[[-100.017361,37.748601],[-100.01725,37.750014],[-100.017188,37.750897]],"type":"LineString"},"properties":{"highway_class":"residential","is_bridge":false,"lanes":null,"length_m":255.8,"maxspeed":null,"name":"Forest Avenue","oneway":null,"osm_id":13071307,"road_id":160,"source_id":"osm","surface":null},"type":"Feature"},{"geometry":{"coordinates":[[-100.023354,37.745],[-100.021998,37.745471],[-100.021341,37.745705],[-100.020407,37.746057],[-100.020282,37.746088],[-100.019459,37.746074]],"type":"LineString"},"properties":{"highway_class":"residential","is_bridge":false,"lanes":null,"length_m":368.5,"maxspeed":null,"name":"Willow Street","oneway":null,"osm_id":13071314,"road_id":161,"source_id":"osm","surface":null},"type":"Feature"},{"geometry":{"coordinates":[[-100.027991,37.755714],[-100.029279,37.75572],[-100.03,37.755723]],"type":"LineString"},"properties":{"highway_class":"residential","is_bridge":false,"lanes":null,"length_m":176.6,"maxspeed":null,"name":"West Vine Street","oneway":null,"osm_id":13071334,"road_id":162,"source_id":"osm","surface":null},"type":"Feature"},{"geometry":{"coordinates":[[-100.016763,37.755315],[-100.017843,37.755371],[-100.018418,37.7554],[-100.018994,37.75543],[-100.019533,37.755459],[-100.020126,37.75549],[-100.020674,37.755518],[-100.021233,37.755545],[-100.021795,37.755573],[-100.022379,37.755611],[-100.022911,37.755642],[-100.023463,37.755691]],"type":"LineString"},"properties":{"highway_class":"residential","is_bridge":false,"lanes":null,"length_m":590.5,"maxspeed":null,"name":"West Vine Street","oneway":null,"osm_id":13071336,"road_id":163,"source_id":"osm","surface":null},"type":"Feature"},{"geometry":{"coordinates":[[-100.005,37.754314],[-100.005344,37.754314],[-100.006757,37.754327],[-100.007453,37.754319],[-100.008155,37.754316],[-100.008847,37.754318],[-100.009565,37.754328],[-100.010231,37.75432],[-100.010948,37.754321],[-100.011641,37.754322],[-100.012341,37.754322],[-100.013044,37.754323],[-100.013759,37.754324],[-100.014459,37.754325],[-100.015172,37.754326],[-100.016841,37.754327]],"type":"LineString"},"properties":{"highway_class":"residential","is_bridge":false,"lanes":null,"length_m":1041,"maxspeed":null,"name":"East Spruce Street","oneway":null,"osm_id":13071394,"road_id":164,"source_id":"osm","surface":null},"type":"Feature"},{"geometry":{"coordinates":[[-100.025921,37.7582],[-100.02593,37.759242],[-100.025935,37.759738],[-100.025932,37.760227],[-100.025927,37.761216],[-100.02593,37.762]],"type":"LineString"},"properties":{"highway_class":"residential","is_bridge":false,"lanes":null,"length_m":422.5,"maxspeed":null,"name":"8th Avenue","oneway":null,"osm_id":13071716,"road_id":165,"source_id":"osm","surface":null},"type":"Feature"},{"geometry":{"coordinates":[[-100.025378,37.753596],[-100.025378,37.753982],[-100.025362,37.754715],[-100.025338,37.755309],[-100.025323,37.75616],[-100.025307,37.757021],[-100.025279,37.758189]],"type":"LineString"},"properties":{"highway_class":"residential","is_bridge":false,"lanes":null,"length_m":510.8,"maxspeed":null,"name":"8th Avenue","oneway":null,"osm_id":13071719,"road_id":166,"source_id":"osm","surface":"paving_stones"},"type":"Feature"},{"geometry":{"coordinates":[[-100.027131,37.761226],[-100.026532,37.761221],[-100.025927,37.761216],[-100.025325,37.761212],[-100.024719,37.761207],[-100.024089,37.761203],[-100.023459,37.761198],[-100.022744,37.761193],[-100.022097,37.761188],[-100.021525,37.761184],[-100.020978,37.76118],[-100.020421,37.761175],[-100.01985,37.761171],[-100.019287,37.761167],[-100.01873,37.761163],[-100.01814,37.761158],[-100.017577,37.761154],[-100.01705,37.76115],[-100.016455,37.761146]],"type":"LineString"},"properties":{"highway_class":"residential","is_bridge":false,"lanes":null,"length_m":938.5,"maxspeed":null,"name":"West Hickory Street","oneway":null,"osm_id":13071727,"road_id":167,"source_id":"osm","surface":null},"type":"Feature"},{"geometry":{"coordinates":[[-100.005,37.75813],[-100.005332,37.758128]],"type":"LineString"},"properties":{"highway_class":"residential","is_bridge":false,"lanes":null,"length_m":29.2,"maxspeed":null,"name":"East Division Street","oneway":null,"osm_id":13071786,"road_id":168,"source_id":"osm","surface":null},"type":"Feature"},{"geometry":{"coordinates":[[-100.006708,37.758142],[-100.007408,37.758148],[-100.008107,37.758153],[-100.008837,37.758159],[-100.009502,37.758165],[-100.010213,37.758171],[-100.010911,37.758176],[-100.011592,37.758182],[-100.012304,37.758188],[-100.012994,37.758194],[-100.013712,37.7582],[-100.014501,37.758206],[-100.014565,37.758206],[-100.015201,37.758212]],"type":"LineString"},"properties":{"highway_class":"residential","is_bridge":false,"lanes":null,"length_m":746.7,"maxspeed":null,"name":"East Division Street","oneway":null,"osm_id":13071787,"road_id":169,"source_id":"osm","surface":null},"type":"Feature"},{"geometry":{"coordinates":[[-100.005,37.753801],[-100.005345,37.753803],[-100.006017,37.753792],[-100.006776,37.753805],[-100.007488,37.75381],[-100.007656,37.753809],[-100.008154,37.753809],[-100.008837,37.753804],[-100.009564,37.753803],[-100.010269,37.753808],[-100.010952,37.753807],[-100.01162,37.753807],[-100.012346,37.753812],[-100.013765,37.753816],[-100.01486,37.753815],[-100.015182,37.753818],[-100.015452,37.753811],[-100.01602,37.753797],[-100.016878,37.753804]],"type":"LineString"},"properties":{"highway_class":"residential","is_bridge":false,"lanes":null,"length_m":1044.4,"maxspeed":null,"name":"Military Avenue","oneway":null,"osm_id":13072022,"road_id":170,"source_id":"osm","surface":null},"type":"Feature"},{"geometry":{"coordinates":[[-100.022826,37.750906],[-100.022783,37.750953],[-100.02277,37.751081],[-100.022728,37.751705],[-100.02265,37.75225]],"type":"LineString"},"properties":{"highway_class":"residential","is_bridge":false,"lanes":null,"length_m":151.2,"maxspeed":null,"name":"5th Avenue","oneway":null,"osm_id":13072039,"road_id":171,"source_id":"osm","surface":null},"type":"Feature"},{"geometry":{"coordinates":[[-100.022577,37.753273],[-100.022517,37.753748],[-100.022501,37.754112],[-100.022477,37.754631],[-100.022456,37.754867],[-100.022379,37.755611],[-100.022267,37.756595],[-100.022204,37.757597],[-100.022144,37.758244],[-100.022118,37.759212],[-100.022106,37.7602],[-100.022097,37.761188],[-100.022113,37.762]],"type":"LineString"},"properties":{"highway_class":"residential","is_bridge":false,"lanes":null,"length_m":971.9,"maxspeed":null,"name":"5th Avenue","oneway":null,"osm_id":13072044,"road_id":172,"source_id":"osm","surface":null},"type":"Feature"},{"geometry":{"coordinates":[[-100.019342,37.751515],[-100.020469,37.751582],[-100.021576,37.751641],[-100.022064,37.75167],[-100.022728,37.751705],[-100.025017,37.751834],[-100.025845,37.75186],[-100.026871,37.751914],[-100.027274,37.751939],[-100.027525,37.751946],[-100.027711,37.751955],[-100.028556,37.752006],[-100.029316,37.75204],[-100.03,37.752079]],"type":"LineString"},"properties":{"highway_class":"secondary","is_bridge":false,"lanes":null,"length_m":939.1,"maxspeed":null,"name":"West Trail Street","oneway":null,"osm_id":49175373,"road_id":173,"source_id":"osm","surface":null},"type":"Feature"},{"geometry":{"coordinates":[[-100.018819,37.757408],[-100.018802,37.757606],[-100.01876,37.758249],[-100.018752,37.758372],[-100.018748,37.759186],[-100.018741,37.760176],[-100.01873,37.761163],[-100.018754,37.762]],"type":"LineString"},"properties":{"highway_class":"residential","is_bridge":false,"lanes":null,"length_m":510.8,"maxspeed":null,"name":"North 2nd Avenue","oneway":null,"osm_id":49175374,"road_id":174,"source_id":"osm","surface":null},"type":"Feature"},{"geometry":{"coordinates":[[-100.01947,37.746754],[-100.019494,37.747406]],"type":"LineString"},"properties":{"highway_class":"primary","is_bridge":true,"lanes":null,"length_m":72.5,"maxspeed":null,"name":"South 2nd Avenue","oneway":null,"osm_id":51849921,"road_id":175,"source_id":"osm","surface":null},"type":"Feature"},{"geometry":{"coordinates":[[-100.01953,37.748121],[-100.019555,37.748694],[-100.019558,37.749055],[-100.019514,37.749464],[-100.019457,37.750126],[-100.019379,37.751018],[-100.019342,37.751515],[-100.019311,37.751835],[-100.019291,37.752042],[-100.019283,37.752147]],"type":"LineString"},"properties":{"highway_class":"primary","is_bridge":false,"lanes":null,"length_m":448.6,"maxspeed":null,"name":"North 2nd Avenue","oneway":null,"osm_id":51849922,"road_id":176,"source_id":"osm","surface":null},"type":"Feature"},{"geometry":{"coordinates":[[-100.021384,37.754133],[-100.020508,37.754089],[-100.020252,37.754076]],"type":"LineString"},"properties":{"highway_class":"service","is_bridge":false,"lanes":null,"length_m":99.7,"maxspeed":null,"name":null,"oneway":null,"osm_id":322388723,"road_id":177,"source_id":"osm","surface":null},"type":"Feature"},{"geometry":{"coordinates":[[-100.025935,37.750912],[-100.025897,37.751417],[-100.025876,37.751592],[-100.025845,37.75186]],"type":"LineString"},"properties":{"highway_class":"residential","is_bridge":false,"lanes":null,"length_m":105.7,"maxspeed":null,"name":"Santa Fe Avenue","oneway":null,"osm_id":326178258,"road_id":178,"source_id":"osm","surface":null},"type":"Feature"},{"geometry":{"coordinates":[[-100.021625,37.751152],[-100.021576,37.751641],[-100.021541,37.75219],[-100.021529,37.752457],[-100.021531,37.752493],[-100.02151,37.752653],[-100.021492,37.752799]],"type":"LineString"},"properties":{"highway_class":"residential","is_bridge":false,"lanes":null,"length_m":183.6,"maxspeed":null,"name":"4th Avenue","oneway":null,"osm_id":326178259,"road_id":179,"source_id":"osm","surface":null},"type":"Feature"},{"geometry":{"coordinates":[[-100.022826,37.750906],[-100.022898,37.75089],[-100.023699,37.750891],[-100.02513,37.750892],[-100.025935,37.750912],[-100.026327,37.750909],[-100.026602,37.750909],[-100.026879,37.750913],[-100.02794,37.7509],[-100.028647,37.750912],[-100.029412,37.750919],[-100.03,37.750914]],"type":"LineString"},"properties":{"highway_class":"residential","is_bridge":false,"lanes":null,"length_m":631.1,"maxspeed":null,"name":"Park Street","oneway":null,"osm_id":326178260,"road_id":180,"source_id":"osm","surface":null},"type":"Feature"},{"geometry":{"coordinates":[[-100.023284,37.753151],[-100.023206,37.753273],[-100.022839,37.753242],[-100.022741,37.753274],[-100.022577,37.753273]],"type":"LineString"},"properties":{"highway_class":"service","is_bridge":false,"lanes":null,"length_m":71.4,"maxspeed":null,"name":null,"oneway":null,"osm_id":326180585,"road_id":181,"source_id":"osm","surface":null},"type":"Feature"},{"geometry":{"coordinates":[[-100.014196,37.752797],[-100.014201,37.752672],[-100.014183,37.75265],[-100.013704,37.752619],[-100.013696,37.752636],[-100.01369,37.75275]],"type":"LineString"},"properties":{"highway_class":"service","is_bridge":false,"lanes":null,"length_m":73.8,"maxspeed":null,"name":null,"oneway":null,"osm_id":326312787,"road_id":182,"source_id":"osm","surface":null},"type":"Feature"},{"geometry":{"coordinates":[[-100.0145,37.752658],[-100.014955,37.75268],[-100.015281,37.752696]],"type":"LineString"},"properties":{"highway_class":"service","is_bridge":false,"lanes":null,"length_m":68.8,"maxspeed":null,"name":null,"oneway":null,"osm_id":326312788,"road_id":183,"source_id":"osm","surface":null},"type":"Feature"},{"geometry":{"coordinates":[[-100.014514,37.752494],[-100.014533,37.752347],[-100.014567,37.75233],[-100.014968,37.75235],[-100.014987,37.752388],[-100.015031,37.75244],[-100.01503,37.752521]],"type":"LineString"},"properties":{"highway_class":"service","is_bridge":false,"lanes":null,"length_m":75.8,"maxspeed":null,"name":null,"oneway":null,"osm_id":326312789,"road_id":184,"source_id":"osm","surface":null},"type":"Feature"},{"geometry":{"coordinates":[[-100.014955,37.75268],[-100.01494,37.752818],[-100.014919,37.752836],[-100.014491,37.752811]],"type":"LineString"},"properties":{"highway_class":"service","is_bridge":false,"lanes":null,"length_m":55.9,"maxspeed":null,"name":null,"oneway":null,"osm_id":326312790,"road_id":185,"source_id":"osm","surface":null},"type":"Feature"},{"geometry":{"coordinates":[[-100.017069,37.752566],[-100.017051,37.752412]],"type":"LineString"},"properties":{"highway_class":"service","is_bridge":false,"lanes":null,"length_m":17.1,"maxspeed":null,"name":null,"oneway":null,"osm_id":326312855,"road_id":186,"source_id":"osm","surface":null},"type":"Feature"},{"geometry":{"coordinates":[[-100.026784,37.749065],[-100.026606,37.74929],[-100.026553,37.749426],[-100.026567,37.749619],[-100.026617,37.750342],[-100.026649,37.750448],[-100.026848,37.750728],[-100.026879,37.750913]],"type":"LineString"},"properties":{"highway_class":"service","is_bridge":false,"lanes":null,"length_m":215.8,"maxspeed":null,"name":null,"oneway":null,"osm_id":326314427,"road_id":187,"source_id":"osm","surface":null},"type":"Feature"},{"geometry":{"coordinates":[[-100.018097,37.752496],[-100.017848,37.752501],[-100.017581,37.752512],[-100.017324,37.752537],[-100.017069,37.752566],[-100.016962,37.752586]],"type":"LineString"},"properties":{"highway_class":"primary","is_bridge":false,"lanes":2,"length_m":100.5,"maxspeed":"30 mph","name":"West Wyatt Earp Boulevard","oneway":true,"osm_id":392952170,"road_id":188,"source_id":"osm","surface":null},"type":"Feature"},{"geometry":{"coordinates":[[-100.022635,37.752771],[-100.022338,37.752717],[-100.022054,37.752679],[-100.02151,37.752653]],"type":"LineString"},"properties":{"highway_class":"primary","is_bridge":false,"lanes":3,"length_m":100,"maxspeed":"30 mph","name":"West Wyatt Earp Boulevard","oneway":true,"osm_id":392952188,"road_id":189,"source_id":"osm","surface":"asphalt"},"type":"Feature"},{"geometry":{"coordinates":[[-100.005,37.749684],[-100.005037,37.749689],[-100.00625,37.749877],[-100.007669,37.750097],[-100.009446,37.75037]],"type":"LineString"},"properties":{"highway_class":"primary","is_bridge":false,"lanes":null,"length_m":398.3,"maxspeed":"40 mph","name":"East Trail Street","oneway":null,"osm_id":515691227,"road_id":190,"source_id":"osm","surface":null},"type":"Feature"},{"geometry":{"coordinates":[[-100.009446,37.75037],[-100.009498,37.750379],[-100.009669,37.750405],[-100.010004,37.750456],[-100.011581,37.750696],[-100.011844,37.750732],[-100.012436,37.750803],[-100.012939,37.750867],[-100.014181,37.751031],[-100.014581,37.751083],[-100.015051,37.75114],[-100.015623,37.751217],[-100.016128,37.751285],[-100.016703,37.75136],[-100.017072,37.751398]],"type":"LineString"},"properties":{"highway_class":"primary","is_bridge":false,"lanes":null,"length_m":680.2,"maxspeed":"30 mph","name":"East Trail Street","oneway":null,"osm_id":515691228,"road_id":191,"source_id":"osm","surface":null},"type":"Feature"},{"geometry":{"coordinates":[[-100.024245,37.75321],[-100.024235,37.75333],[-100.024239,37.753485],[-100.024238,37.753841],[-100.024231,37.754708]],"type":"LineString"},"properties":{"highway_class":"residential","is_bridge":false,"lanes":null,"length_m":166.6,"maxspeed":null,"name":"7th Avenue","oneway":null,"osm_id":635640153,"road_id":192,"source_id":"osm","surface":null},"type":"Feature"},{"geometry":{"coordinates":[[-100.016841,37.754327],[-100.016763,37.755315],[-100.016682,37.756299],[-100.016599,37.75732],[-100.016536,37.758223],[-100.016516,37.758789],[-100.016503,37.759171],[-100.016457,37.759622],[-100.016457,37.760158],[-100.016455,37.761146],[-100.016457,37.762]],"type":"LineString"},"properties":{"highway_class":"tertiary","is_bridge":false,"lanes":null,"length_m":854.2,"maxspeed":null,"name":"Central Avenue","oneway":true,"osm_id":636779377,"road_id":193,"source_id":"osm","surface":"asphalt"},"type":"Feature"},{"geometry":{"coordinates":[[-100.016972,37.752906],[-100.016941,37.75344],[-100.016878,37.753804],[-100.016841,37.754327]],"type":"LineString"},"properties":{"highway_class":"tertiary","is_bridge":false,"lanes":null,"length_m":158.6,"maxspeed":null,"name":"Central Avenue","oneway":null,"osm_id":636779378,"road_id":194,"source_id":"osm","surface":"asphalt"},"type":"Feature"},{"geometry":{"coordinates":[[-100.017594,37.762],[-100.017577,37.761154],[-100.017591,37.760168],[-100.017605,37.759177],[-100.01764,37.758243],[-100.017673,37.75744],[-100.017681,37.75735],[-100.017766,37.756372]],"type":"LineString"},"properties":{"highway_class":"residential","is_bridge":false,"lanes":null,"length_m":626.2,"maxspeed":null,"name":"1st Avenue","oneway":true,"osm_id":636779379,"road_id":195,"source_id":"osm","surface":null},"type":"Feature"},{"geometry":{"coordinates":[[-100.018419,37.748729],[-100.018376,37.749383],[-100.018316,37.750068],[-100.018274,37.750515],[-100.018236,37.750964],[-100.018206,37.751467],[-100.018157,37.751901],[-100.018116,37.752268],[-100.01811,37.752317],[-100.018097,37.752496]],"type":"LineString"},"properties":{"highway_class":"residential","is_bridge":false,"lanes":null,"length_m":419.9,"maxspeed":null,"name":"1st Avenue","oneway":null,"osm_id":636779380,"road_id":196,"source_id":"osm","surface":null},"type":"Feature"},{"geometry":{"coordinates":[[-100.019438,37.745],[-100.019437,37.745289],[-100.019435,37.745391],[-100.019457,37.745886],[-100.019459,37.746074],[-100.01947,37.746754]],"type":"LineString"},"properties":{"highway_class":"primary","is_bridge":false,"lanes":null,"length_m":195.1,"maxspeed":null,"name":"South 2nd Avenue","oneway":null,"osm_id":651544821,"road_id":197,"source_id":"osm","surface":null},"type":"Feature"},{"geometry":{"coordinates":[[-100.024245,37.75321],[-100.024251,37.753011],[-100.024257,37.75283],[-100.023645,37.752731],[-100.023345,37.752695],[-100.023183,37.752675],[-100.022813,37.752661],[-100.022705,37.752681],[-100.022657,37.752717],[-100.022635,37.752771]],"type":"LineString"},"properties":{"highway_class":"service","is_bridge":false,"lanes":null,"length_m":192.7,"maxspeed":null,"name":null,"oneway":true,"osm_id":710770787,"road_id":198,"source_id":"osm","surface":null},"type":"Feature"},{"geometry":{"coordinates":[[-100.023345,37.752695],[-100.023277,37.752733],[-100.02325,37.752776],[-100.023245,37.752812],[-100.023266,37.752867],[-100.02331,37.752898],[-100.0238,37.752979]],"type":"LineString"},"properties":{"highway_class":"service","is_bridge":false,"lanes":null,"length_m":72.3,"maxspeed":null,"name":null,"oneway":true,"osm_id":710770788,"road_id":199,"source_id":"osm","surface":null},"type":"Feature"},{"geometry":{"coordinates":[[-100.0238,37.752979],[-100.023756,37.75314]],"type":"LineString"},"properties":{"highway_class":"service","is_bridge":false,"lanes":null,"length_m":18.4,"maxspeed":null,"name":null,"oneway":null,"osm_id":710770789,"road_id":200,"source_id":"osm","surface":null},"type":"Feature"},{"geometry":{"coordinates":[[-100.0238,37.752979],[-100.02408,37.753004],[-100.024251,37.753011]],"type":"LineString"},"properties":{"highway_class":"service","is_bridge":false,"lanes":null,"length_m":39.8,"maxspeed":null,"name":null,"oneway":null,"osm_id":710770790,"road_id":201,"source_id":"osm","surface":null},"type":"Feature"},{"geometry":{"coordinates":[[-100.02513,37.750892],[-100.025141,37.75065],[-100.025133,37.75057],[-100.025115,37.750474],[-100.025078,37.750371],[-100.02506,37.750281],[-100.025052,37.750186],[-100.025081,37.749504],[-100.025097,37.749109],[-100.02511,37.748802]],"type":"LineString"},"properties":{"highway_class":"residential","is_bridge":false,"lanes":null,"length_m":233.3,"maxspeed":null,"name":"Fort Dodge Way","oneway":null,"osm_id":1003718037,"road_id":202,"source_id":"osm","surface":null},"type":"Feature"},{"geometry":{"coordinates":[[-100.025081,37.749504],[-100.023586,37.74947]],"type":"LineString"},"properties":{"highway_class":"service","is_bridge":false,"lanes":null,"length_m":131.5,"maxspeed":null,"name":null,"oneway":null,"osm_id":1003718038,"road_id":203,"source_id":"osm","surface":null},"type":"Feature"},{"geometry":{"coordinates":[[-100.02511,37.748802],[-100.025122,37.748483],[-100.025115,37.748293],[-100.025103,37.748188],[-100.025045,37.74809],[-100.024746,37.747635],[-100.024731,37.747585],[-100.024726,37.747527],[-100.024719,37.747042],[-100.024733,37.746972],[-100.024776,37.746917],[-100.024834,37.746882],[-100.024914,37.746853],[-100.025092,37.74681],[-100.025598,37.746688],[-100.025698,37.746689],[-100.025765,37.746704],[-100.025825,37.746735],[-100.025859,37.746776],[-100.025883,37.746816],[-100.02589,37.746889],[-100.025979,37.748258],[-100.025972,37.748385],[-100.025938,37.748446],[-100.025889,37.74848],[-100.025788,37.748501],[-100.025308,37.748488],[-100.025122,37.748483]],"type":"LineString"},"properties":{"highway_class":"service","is_bridge":false,"lanes":null,"length_m":582.8,"maxspeed":null,"name":null,"oneway":null,"osm_id":1003718041,"road_id":204,"source_id":"osm","surface":"asphalt"},"type":"Feature"},{"geometry":{"coordinates":[[-100.025308,37.748488],[-100.025319,37.748211],[-100.025318,37.748178],[-100.025317,37.74814],[-100.025314,37.747971],[-100.025298,37.747856],[-100.025271,37.747786],[-100.025206,37.747673],[-100.025134,37.747564],[-100.025104,37.747496],[-100.02508,37.747424],[-100.025069,37.747383],[-100.025064,37.747334],[-100.02507,37.74727],[-100.025137,37.746894],[-100.025092,37.74681]],"type":"LineString"},"properties":{"highway_class":"service","is_bridge":false,"lanes":null,"length_m":191.9,"maxspeed":null,"name":null,"oneway":null,"osm_id":1003718042,"road_id":205,"source_id":"osm","surface":"asphalt"},"type":"Feature"},{"geometry":{"coordinates":[[-100.025103,37.748188],[-100.025318,37.748178]],"type":"LineString"},"properties":{"highway_class":"service","is_bridge":false,"lanes":null,"length_m":19,"maxspeed":null,"name":null,"oneway":null,"osm_id":1003718043,"road_id":206,"source_id":"osm","surface":"asphalt"},"type":"Feature"},{"geometry":{"coordinates":[[-100.02166,37.750775],[-100.021625,37.751152]],"type":"LineString"},"properties":{"highway_class":"residential","is_bridge":false,"lanes":null,"length_m":42,"maxspeed":null,"name":"4th Avenue","oneway":null,"osm_id":1003718047,"road_id":207,"source_id":"osm","surface":null},"type":"Feature"},{"geometry":{"coordinates":[[-100.024973,37.749106],[-100.025097,37.749109]],"type":"LineString"},"properties":{"highway_class":"service","is_bridge":false,"lanes":null,"length_m":10.9,"maxspeed":null,"name":null,"oneway":null,"osm_id":1003732951,"road_id":208,"source_id":"osm","surface":"paved"},"type":"Feature"},{"geometry":{"coordinates":[[-100.02169,37.75033],[-100.021415,37.750317],[-100.02138,37.750763]],"type":"LineString"},"properties":{"highway_class":"service","is_bridge":false,"lanes":null,"length_m":73.9,"maxspeed":null,"name":null,"oneway":null,"osm_id":1003732981,"road_id":209,"source_id":"osm","surface":null},"type":"Feature"},{"geometry":{"coordinates":[[-100.02166,37.750775],[-100.02138,37.750763],[-100.020924,37.75074]],"type":"LineString"},"properties":{"highway_class":"service","is_bridge":false,"lanes":null,"length_m":64.8,"maxspeed":null,"name":null,"oneway":null,"osm_id":1003732982,"road_id":210,"source_id":"osm","surface":null},"type":"Feature"},{"geometry":{"coordinates":[[-100.022487,37.749772],[-100.02249,37.749733],[-100.022493,37.749691]],"type":"LineString"},"properties":{"highway_class":"footway","is_bridge":false,"lanes":null,"length_m":9,"maxspeed":null,"name":null,"oneway":null,"osm_id":1003732990,"road_id":211,"source_id":"osm","surface":null},"type":"Feature"},{"geometry":{"coordinates":[[-100.022206,37.749724],[-100.02219,37.749819],[-100.022195,37.749919],[-100.022196,37.749933],[-100.02222,37.750131],[-100.022225,37.750179],[-100.022232,37.750296],[-100.022237,37.75035],[-100.022241,37.750391],[-100.022235,37.750765],[-100.022229,37.750812],[-100.022219,37.750897],[-100.022186,37.751098],[-100.022135,37.751296],[-100.022121,37.751354],[-100.022093,37.751471],[-100.022084,37.751508],[-100.022077,37.751541],[-100.022064,37.75167]],"type":"LineString"},"properties":{"highway_class":"service","is_bridge":false,"lanes":null,"length_m":218,"maxspeed":null,"name":null,"oneway":null,"osm_id":1003738314,"road_id":212,"source_id":"osm","surface":"concrete"},"type":"Feature"},{"geometry":{"coordinates":[[-100.022195,37.749919],[-100.021985,37.749936],[-100.022029,37.750236],[-100.022032,37.7503],[-100.022036,37.750371],[-100.022031,37.750724],[-100.022024,37.750799],[-100.022013,37.750917],[-100.021948,37.751209],[-100.02187,37.751486],[-100.022084,37.751508]],"type":"LineString"},"properties":{"highway_class":"service","is_bridge":false,"lanes":null,"length_m":211.5,"maxspeed":null,"name":null,"oneway":null,"osm_id":1003738315,"road_id":213,"source_id":"osm","surface":"concrete"},"type":"Feature"},{"geometry":{"coordinates":[[-100.02166,37.750775],[-100.021739,37.750809],[-100.021952,37.750819],[-100.022024,37.750799]],"type":"LineString"},"properties":{"highway_class":"service","is_bridge":false,"lanes":null,"length_m":33.4,"maxspeed":null,"name":null,"oneway":true,"osm_id":1003738316,"road_id":214,"source_id":"osm","surface":"paved"},"type":"Feature"},{"geometry":{"coordinates":[[-100.022024,37.750799],[-100.021972,37.750751],[-100.021745,37.750742],[-100.02166,37.750775]],"type":"LineString"},"properties":{"highway_class":"service","is_bridge":false,"lanes":null,"length_m":35.3,"maxspeed":null,"name":null,"oneway":true,"osm_id":1003738317,"road_id":215,"source_id":"osm","surface":"paved"},"type":"Feature"},{"geometry":{"coordinates":[[-100.022024,37.750799],[-100.022229,37.750812]],"type":"LineString"},"properties":{"highway_class":"service","is_bridge":false,"lanes":null,"length_m":18.1,"maxspeed":null,"name":null,"oneway":null,"osm_id":1003738318,"road_id":216,"source_id":"osm","surface":"concrete"},"type":"Feature"},{"geometry":{"coordinates":[[-100.02222,37.750131],[-100.022309,37.750098],[-100.022332,37.750085],[-100.022344,37.75007],[-100.022348,37.750052],[-100.022335,37.749965],[-100.022313,37.749936],[-100.022281,37.749923],[-100.022195,37.749919]],"type":"LineString"},"properties":{"highway_class":"service","is_bridge":false,"lanes":null,"length_m":39.4,"maxspeed":null,"name":null,"oneway":null,"osm_id":1003738319,"road_id":217,"source_id":"osm","surface":"concrete"},"type":"Feature"},{"geometry":{"coordinates":[[-100.021709,37.749974],[-100.021524,37.749972],[-100.02153,37.74971],[-100.021722,37.749708]],"type":"LineString"},"properties":{"highway_class":"service","is_bridge":false,"lanes":null,"length_m":62.3,"maxspeed":null,"name":null,"oneway":null,"osm_id":1003738327,"road_id":218,"source_id":"osm","surface":null},"type":"Feature"},{"geometry":{"coordinates":[[-100.022084,37.751508],[-100.0222,37.751514],[-100.022557,37.751533]],"type":"LineString"},"properties":{"highway_class":"service","is_bridge":false,"lanes":null,"length_m":41.7,"maxspeed":null,"name":null,"oneway":null,"osm_id":1003769674,"road_id":219,"source_id":"osm","surface":null},"type":"Feature"},{"geometry":{"coordinates":[[-100.022121,37.751354],[-100.022205,37.75134],[-100.022243,37.751327],[-100.022256,37.751318],[-100.02226,37.751311]],"type":"LineString"},"properties":{"highway_class":"service","is_bridge":false,"lanes":null,"length_m":13.7,"maxspeed":null,"name":null,"oneway":null,"osm_id":1003769679,"road_id":220,"source_id":"osm","surface":"paved"},"type":"Feature"},{"geometry":{"coordinates":[[-100.022272,37.751195],[-100.022263,37.751172],[-100.022238,37.75115],[-100.022209,37.751125],[-100.022186,37.751098]],"type":"LineString"},"properties":{"highway_class":"service","is_bridge":false,"lanes":null,"length_m":13.4,"maxspeed":null,"name":null,"oneway":null,"osm_id":1003769680,"road_id":221,"source_id":"osm","surface":"paved"},"type":"Feature"},{"geometry":{"coordinates":[[-100.02226,37.751311],[-100.022272,37.751195]],"type":"LineString"},"properties":{"highway_class":"service","is_bridge":false,"lanes":null,"length_m":12.9,"maxspeed":null,"name":null,"oneway":null,"osm_id":1003769681,"road_id":222,"source_id":"osm","surface":"paved"},"type":"Feature"},{"geometry":{"coordinates":[[-100.022282,37.750295],[-100.022232,37.750296],[-100.022191,37.750296]],"type":"LineString"},"properties":{"highway_class":"footway","is_bridge":false,"lanes":null,"length_m":8,"maxspeed":null,"name":null,"oneway":null,"osm_id":1003769697,"road_id":223,"source_id":"osm","surface":null},"type":"Feature"},{"geometry":{"coordinates":[[-100.022071,37.7503],[-100.022032,37.7503],[-100.021983,37.750301]],"type":"LineString"},"properties":{"highway_class":"footway","is_bridge":false,"lanes":null,"length_m":7.7,"maxspeed":null,"name":null,"oneway":null,"osm_id":1003769715,"road_id":224,"source_id":"osm","surface":null},"type":"Feature"},{"geometry":{"coordinates":[[-100.023699,37.750891],[-100.023784,37.750689],[-100.0239,37.750561]],"type":"LineString"},"properties":{"highway_class":"service","is_bridge":false,"lanes":null,"length_m":41.2,"maxspeed":null,"name":null,"oneway":null,"osm_id":1003834759,"road_id":225,"source_id":"osm","surface":"paved"},"type":"Feature"},{"geometry":{"coordinates":[[-100.023023,37.748822],[-100.023345,37.748821],[-100.023359,37.748947],[-100.023369,37.749],[-100.023416,37.749036],[-100.023496,37.749052],[-100.023597,37.74906],[-100.023654,37.749061],[-100.023896,37.749064],[-100.02392,37.749056],[-100.02394,37.749039],[-100.023952,37.749015],[-100.023972,37.748484]],"type":"LineString"},"properties":{"highway_class":"service","is_bridge":false,"lanes":null,"length_m":163.4,"maxspeed":null,"name":null,"oneway":null,"osm_id":1003840190,"road_id":226,"source_id":"osm","surface":null},"type":"Feature"},{"geometry":{"coordinates":[[-100.023596,37.749152],[-100.023597,37.74906]],"type":"LineString"},"properties":{"highway_class":"service","is_bridge":false,"lanes":null,"length_m":10.2,"maxspeed":null,"name":null,"oneway":null,"osm_id":1003840191,"road_id":227,"source_id":"osm","surface":null},"type":"Feature"},{"geometry":{"coordinates":[[-100.025617,37.748033],[-100.025369,37.748138],[-100.025317,37.74814]],"type":"LineString"},"properties":{"highway_class":"service","is_bridge":false,"lanes":null,"length_m":29.3,"maxspeed":null,"name":null,"oneway":null,"osm_id":1004607011,"road_id":228,"source_id":"osm","surface":null},"type":"Feature"},{"geometry":{"coordinates":[[-100.020333,37.753084],[-100.020166,37.753073],[-100.019392,37.753022],[-100.019208,37.75301],[-100.019042,37.753001],[-100.018253,37.752956],[-100.018069,37.752946],[-100.017921,37.752939],[-100.017209,37.75291],[-100.017086,37.752905],[-100.016972,37.752906]],"type":"LineString"},"properties":{"highway_class":"service","is_bridge":false,"lanes":null,"length_m":296.2,"maxspeed":null,"name":null,"oneway":null,"osm_id":1078949641,"road_id":229,"source_id":"osm","surface":null},"type":"Feature"},{"geometry":{"coordinates":[[-100.019673,37.752573],[-100.019538,37.752518],[-100.019451,37.752459],[-100.019408,37.752413],[-100.01938,37.752382],[-100.019353,37.752333],[-100.019315,37.752242],[-100.019283,37.752147]],"type":"LineString"},"properties":{"highway_class":"primary_link","is_bridge":false,"lanes":null,"length_m":61.6,"maxspeed":null,"name":null,"oneway":true,"osm_id":1168831606,"road_id":230,"source_id":"osm","surface":null},"type":"Feature"},{"geometry":{"coordinates":[[-100.025377,37.753286],[-100.025378,37.753596]],"type":"LineString"},"properties":{"highway_class":"residential","is_bridge":false,"lanes":null,"length_m":34.5,"maxspeed":null,"name":"8th Avenue","oneway":null,"osm_id":1187349450,"road_id":231,"source_id":"osm","surface":"asphalt"},"type":"Feature"},{"geometry":{"coordinates":[[-100.01594,37.757318],[-100.015933,37.757579],[-100.016129,37.757584],[-100.016366,37.757586],[-100.016348,37.758234],[-100.016141,37.758233],[-100.016106,37.758197],[-100.016129,37.757584]],"type":"LineString"},"properties":{"highway_class":"service","is_bridge":false,"lanes":null,"length_m":230.6,"maxspeed":null,"name":null,"oneway":null,"osm_id":1235099457,"road_id":232,"source_id":"osm","surface":null},"type":"Feature"},{"geometry":{"coordinates":[[-100.017317,37.757341],[-100.017329,37.757208],[-100.01748,37.757218],[-100.017544,37.756592],[-100.017322,37.756578],[-100.017257,37.757204],[-100.017329,37.757208]],"type":"LineString"},"properties":{"highway_class":"service","is_bridge":false,"lanes":null,"length_m":193.8,"maxspeed":null,"name":null,"oneway":null,"osm_id":1235099459,"road_id":233,"source_id":"osm","surface":null},"type":"Feature"},{"geometry":{"coordinates":[[-100.022635,37.752771],[-100.022619,37.752928]],"type":"LineString"},"properties":{"highway_class":"residential","is_bridge":false,"lanes":null,"length_m":17.5,"maxspeed":null,"name":"5th Avenue","oneway":null,"osm_id":1243269379,"road_id":234,"source_id":"osm","surface":null},"type":"Feature"},{"geometry":{"coordinates":[[-100.020328,37.753146],[-100.020333,37.753084]],"type":"LineString"},"properties":{"highway_class":"residential","is_bridge":false,"lanes":null,"length_m":6.9,"maxspeed":null,"name":"3rd Avenue","oneway":null,"osm_id":1243269380,"road_id":235,"source_id":"osm","surface":"asphalt"},"type":"Feature"},{"geometry":{"coordinates":[[-100.016962,37.752586],[-100.01697,37.752711],[-100.016972,37.752906]],"type":"LineString"},"properties":{"highway_class":"tertiary","is_bridge":false,"lanes":3,"length_m":35.6,"maxspeed":null,"name":"Central Avenue","oneway":null,"osm_id":1243269381,"road_id":236,"source_id":"osm","surface":"asphalt"},"type":"Feature"},{"geometry":{"coordinates":[[-100.019673,37.752573],[-100.019246,37.752554]],"type":"LineString"},"properties":{"highway_class":"primary","is_bridge":false,"lanes":2,"length_m":37.6,"maxspeed":"30 mph","name":"West Wyatt Earp Boulevard","oneway":true,"osm_id":1243269382,"road_id":237,"source_id":"osm","surface":"asphalt"},"type":"Feature"},{"geometry":{"coordinates":[[-100.021244,37.752639],[-100.020378,37.752597]],"type":"LineString"},"properties":{"highway_class":"primary","is_bridge":false,"lanes":4,"length_m":76.3,"maxspeed":"30 mph","name":"West Wyatt Earp Boulevard","oneway":true,"osm_id":1243269383,"road_id":238,"source_id":"osm","surface":"asphalt"},"type":"Feature"},{"geometry":{"coordinates":[[-100.02151,37.752653],[-100.021244,37.752639]],"type":"LineString"},"properties":{"highway_class":"primary","is_bridge":false,"lanes":2,"length_m":23.4,"maxspeed":"30 mph","name":"West Wyatt Earp Boulevard","oneway":true,"osm_id":1243269384,"road_id":239,"source_id":"osm","surface":"asphalt"},"type":"Feature"},{"geometry":{"coordinates":[[-100.020378,37.752597],[-100.019673,37.752573]],"type":"LineString"},"properties":{"highway_class":"primary","is_bridge":false,"lanes":3,"length_m":62.1,"maxspeed":"30 mph","name":"West Wyatt Earp Boulevard","oneway":true,"osm_id":1243269385,"road_id":240,"source_id":"osm","surface":"asphalt"},"type":"Feature"},{"geometry":{"coordinates":[[-100.0233,37.753008],[-100.023076,37.752932],[-100.022879,37.75286]],"type":"LineString"},"properties":{"highway_class":"primary","is_bridge":false,"lanes":3,"length_m":40.5,"maxspeed":"30 mph","name":"East Wyatt Earp Boulevard","oneway":true,"osm_id":1243269386,"road_id":241,"source_id":"osm","surface":"asphalt"},"type":"Feature"},{"geometry":{"coordinates":[[-100.024245,37.75321],[-100.024118,37.753197],[-100.023924,37.753172],[-100.023756,37.75314],[-100.023555,37.753096]],"type":"LineString"},"properties":{"highway_class":"primary","is_bridge":false,"lanes":2,"length_m":62.1,"maxspeed":"30 mph","name":"West Wyatt Earp Boulevard","oneway":true,"osm_id":1243269387,"road_id":242,"source_id":"osm","surface":"asphalt"},"type":"Feature"},{"geometry":{"coordinates":[[-100.024771,37.753285],[-100.024657,37.753243],[-100.024574,37.753217],[-100.024245,37.75321]],"type":"LineString"},"properties":{"highway_class":"primary","is_bridge":false,"lanes":3,"length_m":47.9,"maxspeed":"30 mph","name":"West Wyatt Earp Boulevard","oneway":true,"osm_id":1243269388,"road_id":243,"source_id":"osm","surface":"asphalt"},"type":"Feature"},{"geometry":{"coordinates":[[-100.024235,37.75333],[-100.024601,37.753331],[-100.024771,37.753285]],"type":"LineString"},"properties":{"highway_class":"primary","is_bridge":false,"lanes":2,"length_m":47.9,"maxspeed":"30 mph","name":"West Wyatt Earp Boulevard","oneway":true,"osm_id":1243269389,"road_id":244,"source_id":"osm","surface":"asphalt"},"type":"Feature"},{"geometry":{"coordinates":[[-100.023284,37.753151],[-100.023442,37.753196],[-100.023594,37.753235],[-100.023816,37.753275],[-100.024036,37.753307],[-100.024235,37.75333]],"type":"LineString"},"properties":{"highway_class":"primary","is_bridge":false,"lanes":3,"length_m":86.2,"maxspeed":"30 mph","name":"West Wyatt Earp Boulevard","oneway":true,"osm_id":1243269390,"road_id":245,"source_id":"osm","surface":"asphalt"},"type":"Feature"},{"geometry":{"coordinates":[[-100.020807,37.752762],[-100.021492,37.752799]],"type":"LineString"},"properties":{"highway_class":"primary","is_bridge":false,"lanes":3,"length_m":60.4,"maxspeed":"30 mph","name":"West Wyatt Earp Boulevard","oneway":true,"osm_id":1243269391,"road_id":246,"source_id":"osm","surface":"asphalt"},"type":"Feature"},{"geometry":{"coordinates":[[-100.019238,37.752679],[-100.02036,37.752739],[-100.020807,37.752762]],"type":"LineString"},"properties":{"highway_class":"primary","is_bridge":false,"lanes":2,"length_m":138.2,"maxspeed":"30 mph","name":"West Wyatt Earp Boulevard","oneway":true,"osm_id":1243269392,"road_id":247,"source_id":"osm","surface":"asphalt"},"type":"Feature"},{"geometry":{"coordinates":[[-100.018554,37.752645],[-100.019238,37.752679]],"type":"LineString"},"properties":{"highway_class":"primary","is_bridge":false,"lanes":3,"length_m":60.3,"maxspeed":"30 mph","name":"West Wyatt Earp Boulevard","oneway":true,"osm_id":1243269393,"road_id":248,"source_id":"osm","surface":"asphalt"},"type":"Feature"},{"geometry":{"coordinates":[[-100.018089,37.752622],[-100.018554,37.752645]],"type":"LineString"},"properties":{"highway_class":"primary","is_bridge":false,"lanes":2,"length_m":40.9,"maxspeed":"30 mph","name":"East Wyatt Earp Boulevard","oneway":true,"osm_id":1243269394,"road_id":249,"source_id":"osm","surface":"asphalt"},"type":"Feature"},{"geometry":{"coordinates":[[-100.018097,37.752496],[-100.018089,37.752622],[-100.018069,37.752946]],"type":"LineString"},"properties":{"highway_class":"residential","is_bridge":false,"lanes":3,"length_m":50.1,"maxspeed":null,"name":"1st Avenue","oneway":null,"osm_id":1243269395,"road_id":250,"source_id":"osm","surface":null},"type":"Feature"},{"geometry":{"coordinates":[[-100.018069,37.752946],[-100.018035,37.7535],[-100.017943,37.754381],[-100.017874,37.755],[-100.017858,37.755188],[-100.017843,37.755371],[-100.017766,37.756372]],"type":"LineString"},"properties":{"highway_class":"residential","is_bridge":false,"lanes":null,"length_m":382,"maxspeed":null,"name":"1st Avenue","oneway":null,"osm_id":1243269396,"road_id":251,"source_id":"osm","surface":null},"type":"Feature"},{"geometry":{"coordinates":[[-100.01697,37.752711],[-100.017242,37.75267],[-100.017519,37.752642],[-100.017677,37.752633]],"type":"LineString"},"properties":{"highway_class":"primary","is_bridge":false,"lanes":2,"length_m":62.8,"maxspeed":"30 mph","name":"West Wyatt Earp Boulevard","oneway":true,"osm_id":1243269397,"road_id":252,"source_id":"osm","surface":"asphalt"},"type":"Feature"},{"geometry":{"coordinates":[[-100.016416,37.75269],[-100.015979,37.752783],[-100.015714,37.75284]],"type":"LineString"},"properties":{"highway_class":"primary","is_bridge":false,"lanes":3,"length_m":63.9,"maxspeed":"30 mph","name":"East Wyatt Earp Boulevard","oneway":true,"osm_id":1243269398,"road_id":253,"source_id":"osm","surface":"asphalt"},"type":"Feature"},{"geometry":{"coordinates":[[-100.015714,37.75284],[-100.015534,37.752879],[-100.015257,37.75294],[-100.015026,37.752985],[-100.014718,37.753027],[-100.014421,37.753058],[-100.013997,37.753063],[-100.013775,37.753093]],"type":"LineString"},"properties":{"highway_class":"primary","is_bridge":false,"lanes":2,"length_m":173.5,"maxspeed":"30 mph","name":"East Wyatt Earp Boulevard","oneway":true,"osm_id":1243269399,"road_id":254,"source_id":"osm","surface":null},"type":"Feature"},{"geometry":{"coordinates":[[-100.015747,37.752965],[-100.015714,37.75284]],"type":"LineString"},"properties":{"highway_class":"service","is_bridge":false,"lanes":null,"length_m":14.2,"maxspeed":null,"name":null,"oneway":null,"osm_id":1243269400,"road_id":255,"source_id":"osm","surface":null},"type":"Feature"},{"geometry":{"coordinates":[[-100.016447,37.75282],[-100.01697,37.752711]],"type":"LineString"},"properties":{"highway_class":"primary","is_bridge":false,"lanes":3,"length_m":47.6,"maxspeed":"30 mph","name":"East Wyatt Earp Boulevard","oneway":true,"osm_id":1243269401,"road_id":256,"source_id":"osm","surface":"asphalt"},"type":"Feature"},{"geometry":{"coordinates":[[-100.013775,37.753093],[-100.014008,37.753171],[-100.014285,37.753167],[-100.01453,37.753159],[-100.014783,37.753133],[-100.014995,37.753112],[-100.015222,37.753074],[-100.015393,37.753044],[-100.015747,37.752965],[-100.016078,37.752894],[-100.016121,37.752884],[-100.016447,37.75282]],"type":"LineString"},"properties":{"highway_class":"primary","is_bridge":false,"lanes":2,"length_m":241.1,"maxspeed":"30 mph","name":"East Wyatt Earp Boulevard","oneway":true,"osm_id":1243269402,"road_id":257,"source_id":"osm","surface":"asphalt"},"type":"Feature"},{"geometry":{"coordinates":[[-100.016457,37.760158],[-100.017035,37.760164],[-100.017591,37.760168],[-100.018144,37.760172],[-100.018741,37.760176],[-100.019305,37.76018],[-100.019859,37.760184],[-100.020429,37.760188],[-100.020987,37.760192],[-100.02154,37.760196],[-100.022106,37.7602],[-100.022757,37.760204],[-100.023474,37.76021],[-100.024089,37.760214],[-100.024717,37.760219],[-100.025322,37.760223],[-100.025932,37.760227],[-100.026541,37.760232],[-100.026997,37.760235],[-100.02714,37.760236]],"type":"LineString"},"properties":{"highway_class":"tertiary","is_bridge":false,"lanes":null,"length_m":939.2,"maxspeed":null,"name":"West Ash Street","oneway":null,"osm_id":1243269404,"road_id":258,"source_id":"osm","surface":"asphalt"},"type":"Feature"},{"geometry":{"coordinates":[[-100.028341,37.753667],[-100.028478,37.75367]],"type":"LineString"},"properties":{"highway_class":"service","is_bridge":false,"lanes":null,"length_m":12,"maxspeed":null,"name":null,"oneway":null,"osm_id":1257113029,"road_id":259,"source_id":"osm","surface":null},"type":"Feature"},{"geometry":{"coordinates":[[-100.028041,37.753662],[-100.028341,37.753667]],"type":"LineString"},"properties":{"highway_class":"service","is_bridge":false,"lanes":null,"length_m":26.4,"maxspeed":null,"name":null,"oneway":null,"osm_id":1257113030,"road_id":260,"source_id":"osm","surface":null},"type":"Feature"},{"geometry":{"coordinates":[[-100.028769,37.75361],[-100.028774,37.753428]],"type":"LineString"},"properties":{"highway_class":"service","is_bridge":false,"lanes":null,"length_m":20.3,"maxspeed":null,"name":null,"oneway":null,"osm_id":1257113031,"road_id":261,"source_id":"osm","surface":null},"type":"Feature"},{"geometry":{"coordinates":[[-100.028523,37.753606],[-100.028769,37.75361],[-100.029042,37.753614],[-100.02904,37.753691],[-100.029258,37.753695]],"type":"LineString"},"properties":{"highway_class":"service","is_bridge":false,"lanes":null,"length_m":73.3,"maxspeed":null,"name":null,"oneway":null,"osm_id":1257113032,"road_id":262,"source_id":"osm","surface":null},"type":"Feature"},{"geometry":{"coordinates":[[-100.028478,37.75367],[-100.028522,37.75367],[-100.028523,37.753606],[-100.028528,37.753413]],"type":"LineString"},"properties":{"highway_class":"service","is_bridge":false,"lanes":null,"length_m":32.5,"maxspeed":null,"name":null,"oneway":null,"osm_id":1257113033,"road_id":263,"source_id":"osm","surface":null},"type":"Feature"},{"geometry":{"coordinates":[[-100.015295,37.748784],[-100.015158,37.749919]],"type":"LineString"},"properties":{"highway_class":"residential","is_bridge":false,"lanes":null,"length_m":126.8,"maxspeed":null,"name":"Juneau Avenue","oneway":null,"osm_id":1274692558,"road_id":264,"source_id":"osm","surface":null},"type":"Feature"},{"geometry":{"coordinates":[[-100.015158,37.749919],[-100.014635,37.749861],[-100.013818,37.749786],[-100.013193,37.749682],[-100.012711,37.749579],[-100.012611,37.749574],[-100.012542,37.749586],[-100.012496,37.749611],[-100.012477,37.749636],[-100.012475,37.749779],[-100.012452,37.750376],[-100.012436,37.750803]],"type":"LineString"},"properties":{"highway_class":"service","is_bridge":false,"lanes":null,"length_m":371.8,"maxspeed":null,"name":null,"oneway":null,"osm_id":1274692559,"road_id":265,"source_id":"osm","surface":null},"type":"Feature"},{"geometry":{"coordinates":[[-100.019208,37.75301],[-100.019159,37.75357],[-100.019081,37.754448],[-100.018994,37.75543],[-100.018906,37.756429],[-100.018819,37.757408]],"type":"LineString"},"properties":{"highway_class":"residential","is_bridge":false,"lanes":null,"length_m":490.2,"maxspeed":null,"name":"North 2nd Avenue","oneway":null,"osm_id":1274692560,"road_id":266,"source_id":"osm","surface":null},"type":"Feature"},{"geometry":{"coordinates":[[-100.016599,37.75732],[-100.017119,37.757336],[-100.017317,37.757341],[-100.017681,37.75735],[-100.018242,37.757378],[-100.018819,37.757408]],"type":"LineString"},"properties":{"highway_class":"residential","is_bridge":false,"lanes":null,"length_m":195.4,"maxspeed":null,"name":"West Elm Street","oneway":null,"osm_id":1274692561,"road_id":267,"source_id":"osm","surface":null},"type":"Feature"},{"geometry":{"coordinates":[[-100.020624,37.754525],[-100.020636,37.754394],[-100.020654,37.754203],[-100.021374,37.754243]],"type":"LineString"},"properties":{"highway_class":"service","is_bridge":false,"lanes":null,"length_m":99.4,"maxspeed":null,"name":null,"oneway":null,"osm_id":1317034606,"road_id":268,"source_id":"osm","surface":null},"type":"Feature"},{"geometry":{"coordinates":[[-100.021358,37.75443],[-100.020636,37.754394]],"type":"LineString"},"properties":{"highway_class":"service","is_bridge":false,"lanes":null,"length_m":63.5,"maxspeed":null,"name":null,"oneway":null,"osm_id":1317034607,"road_id":269,"source_id":"osm","surface":null},"type":"Feature"},{"geometry":{"coordinates":[[-100.020463,37.754516],[-100.020508,37.754089],[-100.020539,37.75364],[-100.020571,37.75316]],"type":"LineString"},"properties":{"highway_class":"service","is_bridge":false,"lanes":null,"length_m":151.2,"maxspeed":null,"name":null,"oneway":null,"osm_id":1317034608,"road_id":270,"source_id":"osm","surface":null},"type":"Feature"},{"geometry":{"coordinates":[[-100.020288,37.753626],[-100.020539,37.75364]],"type":"LineString"},"properties":{"highway_class":"service","is_bridge":false,"lanes":null,"length_m":22.1,"maxspeed":null,"name":null,"oneway":null,"osm_id":1317034609,"road_id":271,"source_id":"osm","surface":null},"type":"Feature"},{"geometry":{"coordinates":[[-100.020001,37.753881],[-100.020003,37.753922],[-100.020024,37.75397],[-100.020066,37.753989],[-100.020121,37.754009],[-100.020256,37.754023]],"type":"LineString"},"properties":{"highway_class":"service","is_bridge":false,"lanes":null,"length_m":31.8,"maxspeed":null,"name":null,"oneway":true,"osm_id":1317034610,"road_id":272,"source_id":"osm","surface":null},"type":"Feature"},{"geometry":{"coordinates":[[-100.020135,37.753762],[-100.02015,37.753619]],"type":"LineString"},"properties":{"highway_class":"service","is_bridge":false,"lanes":null,"length_m":15.9,"maxspeed":null,"name":null,"oneway":true,"osm_id":1317034611,"road_id":273,"source_id":"osm","surface":null},"type":"Feature"},{"geometry":{"coordinates":[[-100.020024,37.753613],[-100.020005,37.753837]],"type":"LineString"},"properties":{"highway_class":"service","is_bridge":false,"lanes":null,"length_m":25,"maxspeed":null,"name":null,"oneway":true,"osm_id":1317034613,"road_id":274,"source_id":"osm","surface":null},"type":"Feature"},{"geometry":{"coordinates":[[-100.020264,37.753931],[-100.020176,37.753922],[-100.020137,37.753896],[-100.020125,37.753864],[-100.020131,37.753806]],"type":"LineString"},"properties":{"highway_class":"service","is_bridge":false,"lanes":null,"length_m":22.4,"maxspeed":null,"name":null,"oneway":true,"osm_id":1317034615,"road_id":275,"source_id":"osm","surface":null},"type":"Feature"},{"geometry":{"coordinates":[[-100.020778,37.753171],[-100.020763,37.753309],[-100.021491,37.753345],[-100.02234,37.753387],[-100.022356,37.753261]],"type":"LineString"},"properties":{"highway_class":"service","is_bridge":false,"lanes":null,"length_m":168.4,"maxspeed":null,"name":null,"oneway":null,"osm_id":1317034619,"road_id":276,"source_id":"osm","surface":null},"type":"Feature"},{"geometry":{"coordinates":[[-100.021491,37.753345],[-100.021504,37.753212]],"type":"LineString"},"properties":{"highway_class":"service","is_bridge":false,"lanes":null,"length_m":14.8,"maxspeed":null,"name":null,"oneway":null,"osm_id":1317034620,"road_id":277,"source_id":"osm","surface":null},"type":"Feature"},{"geometry":{"coordinates":[[-100.022356,37.753261],[-100.022348,37.753172],[-100.022319,37.753132],[-100.022257,37.753114],[-100.021479,37.753078],[-100.020973,37.753055],[-100.02096,37.753182]],"type":"LineString"},"properties":{"highway_class":"service","is_bridge":false,"lanes":null,"length_m":148.1,"maxspeed":null,"name":null,"oneway":null,"osm_id":1317034621,"road_id":278,"source_id":"osm","surface":null},"type":"Feature"},{"geometry":{"coordinates":[[-100.021468,37.75321],[-100.021479,37.753078]],"type":"LineString"},"properties":{"highway_class":"service","is_bridge":false,"lanes":null,"length_m":14.8,"maxspeed":null,"name":null,"oneway":null,"osm_id":1317034622,"road_id":279,"source_id":"osm","surface":null},"type":"Feature"},{"geometry":{"coordinates":[[-100.022517,37.753748],[-100.022447,37.753751],[-100.0224,37.75378],[-100.022374,37.754034],[-100.022418,37.75409],[-100.022501,37.754112]],"type":"LineString"},"properties":{"highway_class":"service","is_bridge":false,"lanes":null,"length_m":54.7,"maxspeed":null,"name":null,"oneway":null,"osm_id":1317034623,"road_id":280,"source_id":"osm","surface":null},"type":"Feature"},{"geometry":{"coordinates":[[-100.022619,37.752928],[-100.022885,37.753016],[-100.023171,37.753116],[-100.023284,37.753151]],"type":"LineString"},"properties":{"highway_class":"primary","is_bridge":false,"lanes":2,"length_m":63.5,"maxspeed":"30 mph","name":"West Wyatt Earp Boulevard","oneway":true,"osm_id":1317034624,"road_id":281,"source_id":"osm","surface":"asphalt"},"type":"Feature"},{"geometry":{"coordinates":[[-100.022619,37.752928],[-100.022577,37.753273]],"type":"LineString"},"properties":{"highway_class":"residential","is_bridge":false,"lanes":3,"length_m":38.5,"maxspeed":null,"name":"5th Avenue","oneway":null,"osm_id":1317034625,"road_id":282,"source_id":"osm","surface":null},"type":"Feature"},{"geometry":{"coordinates":[[-100.022879,37.75286],[-100.022635,37.752771]],"type":"LineString"},"properties":{"highway_class":"primary","is_bridge":false,"lanes":4,"length_m":23.6,"maxspeed":"30 mph","name":"East Wyatt Earp Boulevard","oneway":true,"osm_id":1317034626,"road_id":283,"source_id":"osm","surface":"asphalt"},"type":"Feature"},{"geometry":{"coordinates":[[-100.023555,37.753096],[-100.0233,37.753008]],"type":"LineString"},"properties":{"highway_class":"primary","is_bridge":false,"lanes":3,"length_m":24.4,"maxspeed":"30 mph","name":"East Wyatt Earp Boulevard","oneway":true,"osm_id":1317034627,"road_id":284,"source_id":"osm","surface":"asphalt"},"type":"Feature"},{"geometry":{"coordinates":[[-100.023862,37.755404],[-100.023684,37.75541],[-100.023558,37.755451],[-100.023485,37.755519],[-100.023463,37.755604],[-100.023463,37.755691],[-100.023452,37.755906],[-100.023433,37.756094],[-100.022993,37.756067],[-100.023013,37.755863],[-100.023452,37.755906]],"type":"LineString"},"properties":{"highway_class":"service","is_bridge":false,"lanes":null,"length_m":202.2,"maxspeed":null,"name":null,"oneway":null,"osm_id":1317034628,"road_id":285,"source_id":"osm","surface":null},"type":"Feature"},{"geometry":{"coordinates":[[-100.020166,37.753073],[-100.020184,37.752879],[-100.019508,37.752846],[-100.019445,37.752869],[-100.019405,37.752911],[-100.019392,37.753022]],"type":"LineString"},"properties":{"highway_class":"service","is_bridge":false,"lanes":null,"length_m":105.5,"maxspeed":null,"name":null,"oneway":null,"osm_id":1317034629,"road_id":286,"source_id":"osm","surface":null},"type":"Feature"},{"geometry":{"coordinates":[[-100.018253,37.752956],[-100.018269,37.752778],[-100.018971,37.752818],[-100.01901,37.75284],[-100.019046,37.752879],[-100.019042,37.753001]],"type":"LineString"},"properties":{"highway_class":"service","is_bridge":false,"lanes":null,"length_m":104.9,"maxspeed":null,"name":null,"oneway":null,"osm_id":1317034630,"road_id":287,"source_id":"osm","surface":null},"type":"Feature"},{"geometry":{"coordinates":[[-100.017921,37.752939],[-100.017925,37.752804],[-100.017901,37.752767],[-100.017836,37.75275],[-100.017577,37.752734],[-100.01728,37.752787],[-100.017227,37.752818],[-100.017217,37.75284],[-100.017209,37.75291]],"type":"LineString"},"properties":{"highway_class":"service","is_bridge":false,"lanes":null,"length_m":91.5,"maxspeed":null,"name":null,"oneway":null,"osm_id":1317034631,"road_id":288,"source_id":"osm","surface":null},"type":"Feature"},{"geometry":{"coordinates":[[-100.015408,37.753234],[-100.014805,37.753327],[-100.014017,37.753337],[-100.014028,37.753474],[-100.01438,37.753469],[-100.01482,37.753462]],"type":"LineString"},"properties":{"highway_class":"service","is_bridge":false,"lanes":null,"length_m":208.2,"maxspeed":null,"name":null,"oneway":null,"osm_id":1317034632,"road_id":289,"source_id":"osm","surface":null},"type":"Feature"},{"geometry":{"coordinates":[[-100.01438,37.753469],[-100.014386,37.753608],[-100.014837,37.75361]],"type":"LineString"},"properties":{"highway_class":"service","is_bridge":false,"lanes":null,"length_m":55.1,"maxspeed":null,"name":null,"oneway":null,"osm_id":1317034633,"road_id":290,"source_id":"osm","surface":null},"type":"Feature"},{"geometry":{"coordinates":[[-100.019246,37.752554],[-100.018489,37.752516]],"type":"LineString"},"properties":{"highway_class":"primary","is_bridge":false,"lanes":2,"length_m":66.7,"maxspeed":"30 mph","name":"West Wyatt Earp Boulevard","oneway":true,"osm_id":1317034634,"road_id":291,"source_id":"osm","surface":null},"type":"Feature"},{"geometry":{"coordinates":[[-100.018489,37.752516],[-100.018097,37.752496]],"type":"LineString"},"properties":{"highway_class":"primary","is_bridge":false,"lanes":3,"length_m":34.5,"maxspeed":"30 mph","name":"West Wyatt Earp Boulevard","oneway":true,"osm_id":1317034635,"road_id":292,"source_id":"osm","surface":null},"type":"Feature"},{"geometry":{"coordinates":[[-100.017677,37.752633],[-100.017742,37.752629],[-100.018089,37.752622]],"type":"LineString"},"properties":{"highway_class":"primary","is_bridge":false,"lanes":3,"length_m":36.2,"maxspeed":"30 mph","name":"West Wyatt Earp Boulevard","oneway":true,"osm_id":1317034636,"road_id":293,"source_id":"osm","surface":"asphalt"},"type":"Feature"},{"geometry":{"coordinates":[[-100.01951,37.75205],[-100.01951,37.752145],[-100.019542,37.7522],[-100.019609,37.75224],[-100.020108,37.752238],[-100.021265,37.752306],[-100.021335,37.752288],[-100.021371,37.752241],[-100.021378,37.75215]],"type":"LineString"},"properties":{"highway_class":"service","is_bridge":false,"lanes":null,"length_m":193.2,"maxspeed":null,"name":null,"oneway":null,"osm_id":1317034637,"road_id":294,"source_id":"osm","surface":null},"type":"Feature"},{"geometry":{"coordinates":[[-100.021541,37.75219],[-100.021378,37.75215],[-100.02041,37.752087]],"type":"LineString"},"properties":{"highway_class":"service","is_bridge":false,"lanes":null,"length_m":100.3,"maxspeed":null,"name":null,"oneway":null,"osm_id":1317034638,"road_id":295,"source_id":"osm","surface":null},"type":"Feature"},{"geometry":{"coordinates":[[-100.018157,37.751901],[-100.018416,37.751918],[-100.018422,37.751974],[-100.018437,37.752115],[-100.019072,37.752162],[-100.019281,37.752178]],"type":"LineString"},"properties":{"highway_class":"service","is_bridge":false,"lanes":null,"length_m":119.3,"maxspeed":null,"name":null,"oneway":null,"osm_id":1317034639,"road_id":296,"source_id":"osm","surface":null},"type":"Feature"},{"geometry":{"coordinates":[[-100.019072,37.752162],[-100.019064,37.752013],[-100.018422,37.751974]],"type":"LineString"},"properties":{"highway_class":"service","is_bridge":false,"lanes":null,"length_m":73.3,"maxspeed":null,"name":null,"oneway":null,"osm_id":1317034640,"road_id":297,"source_id":"osm","surface":null},"type":"Feature"},{"geometry":{"coordinates":[[-100.019311,37.751835],[-100.01842,37.751783],[-100.018416,37.751918]],"type":"LineString"},"properties":{"highway_class":"service","is_bridge":false,"lanes":null,"length_m":93.7,"maxspeed":null,"name":null,"oneway":null,"osm_id":1317034641,"road_id":298,"source_id":"osm","surface":null},"type":"Feature"},{"geometry":{"coordinates":[[-100.009498,37.750379],[-100.009462,37.750538],[-100.009398,37.750727],[-100.009331,37.750791],[-100.00896,37.750906],[-100.008781,37.750945],[-100.007914,37.750861],[-100.007195,37.750791],[-100.007056,37.750742],[-100.006783,37.750625],[-100.006499,37.750462],[-100.006488,37.750397],[-100.00613,37.750328]],"type":"LineString"},"properties":{"highway_class":"service","is_bridge":false,"lanes":null,"length_m":352,"maxspeed":null,"name":null,"oneway":null,"osm_id":1356852894,"road_id":299,"source_id":"osm","surface":"unpaved"},"type":"Feature"},{"geometry":{"coordinates":[[-100.009398,37.750727],[-100.008637,37.750678],[-100.007965,37.750627],[-100.006488,37.750397]],"type":"LineString"},"properties":{"highway_class":"service","is_bridge":false,"lanes":null,"length_m":258.9,"maxspeed":null,"name":null,"oneway":null,"osm_id":1356852895,"road_id":300,"source_id":"osm","surface":"unpaved"},"type":"Feature"},{"geometry":{"coordinates":[[-100.007965,37.750627],[-100.007914,37.750861]],"type":"LineString"},"properties":{"highway_class":"service","is_bridge":false,"lanes":null,"length_m":26.3,"maxspeed":null,"name":null,"oneway":null,"osm_id":1356852896,"road_id":301,"source_id":"osm","surface":"unpaved"},"type":"Feature"},{"geometry":{"coordinates":[[-100.005,37.750385],[-100.0051,37.750393],[-100.005203,37.750399],[-100.00547,37.750396],[-100.005975,37.750316],[-100.00613,37.750328]],"type":"LineString"},"properties":{"highway_class":"service","is_bridge":false,"lanes":null,"length_m":100.4,"maxspeed":null,"name":null,"oneway":null,"osm_id":1356852897,"road_id":302,"source_id":"osm","surface":"unpaved"},"type":"Feature"},{"geometry":{"coordinates":[[-100.00613,37.750328],[-100.006174,37.750165],[-100.006216,37.750029],[-100.00625,37.749877]],"type":"LineString"},"properties":{"highway_class":"service","is_bridge":false,"lanes":null,"length_m":51.3,"maxspeed":null,"name":null,"oneway":null,"osm_id":1356852898,"road_id":303,"source_id":"osm","surface":"unpaved"},"type":"Feature"},{"geometry":{"coordinates":[[-100.006174,37.750165],[-100.005955,37.750125],[-100.005149,37.749939],[-100.005,37.749901]],"type":"LineString"},"properties":{"highway_class":"service","is_bridge":false,"lanes":null,"length_m":107.3,"maxspeed":null,"name":null,"oneway":null,"osm_id":1356852899,"road_id":304,"source_id":"osm","surface":"unpaved"},"type":"Feature"},{"geometry":{"coordinates":[[-100.0051,37.750393],[-100.005149,37.749939]],"type":"LineString"},"properties":{"highway_class":"service","is_bridge":false,"lanes":null,"length_m":50.7,"maxspeed":null,"name":null,"oneway":null,"osm_id":1356852900,"road_id":305,"source_id":"osm","surface":"unpaved"},"type":"Feature"},{"geometry":{"coordinates":[[-100.019283,37.752147],[-100.019281,37.752178],[-100.01927,37.752328],[-100.019265,37.752376],[-100.019246,37.752554],[-100.019238,37.752679]],"type":"LineString"},"properties":{"highway_class":"primary","is_bridge":false,"lanes":null,"length_m":59.2,"maxspeed":null,"name":"North 2nd Avenue","oneway":null,"osm_id":1421252076,"road_id":306,"source_id":"osm","surface":null},"type":"Feature"},{"geometry":{"coordinates":[[-100.016962,37.752586],[-100.016834,37.752608],[-100.016416,37.75269]],"type":"LineString"},"properties":{"highway_class":"primary","is_bridge":false,"lanes":2,"length_m":49.4,"maxspeed":"30 mph","name":"East Wyatt Earp Boulevard","oneway":true,"osm_id":1464238234,"road_id":307,"source_id":"osm","surface":null},"type":"Feature"},{"geometry":{"coordinates":[[-100.016074,37.753043],[-100.015938,37.753066]],"type":"LineString"},"properties":{"highway_class":"service","is_bridge":false,"lanes":null,"length_m":12.2,"maxspeed":null,"name":null,"oneway":null,"osm_id":1465550667,"road_id":308,"source_id":"osm","surface":null},"type":"Feature"},{"geometry":{"coordinates":[[-100.015938,37.753066],[-100.015769,37.753091]],"type":"LineString"},"properties":{"highway_class":"service","is_bridge":false,"lanes":null,"length_m":15,"maxspeed":null,"name":null,"oneway":null,"osm_id":1465550668,"road_id":309,"source_id":"osm","surface":null},"type":"Feature"},{"geometry":{"coordinates":[[-100.016078,37.752894],[-100.016105,37.752966],[-100.016106,37.75299],[-100.016099,37.753018],[-100.016074,37.753043]],"type":"LineString"},"properties":{"highway_class":"service","is_bridge":false,"lanes":null,"length_m":17.8,"maxspeed":null,"name":null,"oneway":null,"osm_id":1465550669,"road_id":310,"source_id":"osm","surface":null},"type":"Feature"},{"geometry":{"coordinates":[[-100.016028,37.753378],[-100.01602,37.753797]],"type":"LineString"},"properties":{"highway_class":"service","is_bridge":false,"lanes":null,"length_m":46.6,"maxspeed":null,"name":null,"oneway":null,"osm_id":1465550670,"road_id":311,"source_id":"osm","surface":null},"type":"Feature"},{"geometry":{"coordinates":[[-100.015747,37.752965],[-100.015769,37.753091],[-100.015769,37.753218],[-100.015779,37.753234],[-100.015796,37.753246],[-100.015823,37.753257],[-100.015969,37.753275],[-100.016001,37.753291],[-100.016016,37.753311],[-100.016028,37.753378],[-100.016941,37.75344]],"type":"LineString"},"properties":{"highway_class":"service","is_bridge":false,"lanes":null,"length_m":141.9,"maxspeed":null,"name":null,"oneway":null,"osm_id":1465550671,"road_id":312,"source_id":"osm","surface":null},"type":"Feature"},{"geometry":{"coordinates":[[-100.006839,37.753889],[-100.007659,37.753894],[-100.008056,37.753896],[-100.00805,37.754294]],"type":"LineString"},"properties":{"highway_class":"footway","is_bridge":false,"lanes":null,"length_m":151.3,"maxspeed":null,"name":null,"oneway":null,"osm_id":1471756290,"road_id":313,"source_id":"osm","surface":null},"type":"Feature"},{"geometry":{"coordinates":[[-100.022064,37.75167],[-100.021983,37.752213]],"type":"LineString"},"properties":{"highway_class":"service","is_bridge":false,"lanes":null,"length_m":60.7,"maxspeed":null,"name":null,"oneway":null,"osm_id":1527778951,"road_id":314,"source_id":"osm","surface":null},"type":"Feature"}],"type":"FeatureCollection"}